monthly_prescription_id,hcp_id,product_id,rx_month,source_record_count,rx_count,units_dispensed,average_units_per_prescription
H0001_P001_202506,H0001,P001,2025-06-01,1,1,49,49.0
H0001_P001_202508,H0001,P001,2025-08-01,1,2,114,57.0
H0001_P001_202509,H0001,P001,2025-09-01,1,2,84,42.0
H0001_P001_202510,H0001,P001,2025-10-01,1,2,112,56.0
H0001_P001_202511,H0001,P001,2025-11-01,1,1,32,32.0
H0001_P001_202512,H0001,P001,2025-12-01,1,1,37,37.0
H0001_P001_202601,H0001,P001,2026-01-01,1,1,57,57.0
H0001_P001_202602,H0001,P001,2026-02-01,1,2,62,31.0
H0001_P001_202603,H0001,P001,2026-03-01,1,1,22,22.0
H0001_P002_202506,H0001,P002,2025-06-01,1,5,180,36.0
H0001_P002_202507,H0001,P002,2025-07-01,1,3,177,59.0
H0001_P002_202508,H0001,P002,2025-08-01,1,2,46,23.0
H0001_P002_202509,H0001,P002,2025-09-01,1,4,156,39.0
H0001_P002_202510,H0001,P002,2025-10-01,1,2,64,32.0
H0001_P002_202511,H0001,P002,2025-11-01,1,3,114,38.0
H0001_P002_202512,H0001,P002,2025-12-01,1,4,224,56.0
H0001_P002_202601,H0001,P002,2026-01-01,1,4,132,33.0
H0001_P002_202602,H0001,P002,2026-02-01,1,4,160,40.0
H0001_P002_202603,H0001,P002,2026-03-01,1,2,44,22.0
H0001_P003_202506,H0001,P003,2025-06-01,1,3,60,20.0
H0001_P003_202508,H0001,P003,2025-08-01,1,2,112,56.0
H0001_P003_202510,H0001,P003,2025-10-01,1,1,47,47.0
H0001_P004_202506,H0001,P004,2025-06-01,1,2,106,53.0
H0001_P004_202508,H0001,P004,2025-08-01,1,3,138,46.0
H0001_P004_202510,H0001,P004,2025-10-01,1,1,35,35.0
H0001_P004_202511,H0001,P004,2025-11-01,1,1,45,45.0
H0001_P004_202512,H0001,P004,2025-12-01,1,2,96,48.0
H0001_P004_202603,H0001,P004,2026-03-01,1,2,66,33.0
H0001_P005_202506,H0001,P005,2025-06-01,1,4,128,32.0
H0001_P005_202507,H0001,P005,2025-07-01,1,4,168,42.0
H0001_P005_202508,H0001,P005,2025-08-01,1,3,114,38.0
H0001_P005_202509,H0001,P005,2025-09-01,1,1,54,54.0
H0001_P005_202510,H0001,P005,2025-10-01,1,2,114,57.0
H0001_P005_202511,H0001,P005,2025-11-01,1,3,105,35.0
H0001_P005_202512,H0001,P005,2025-12-01,1,2,42,21.0
H0001_P005_202601,H0001,P005,2026-01-01,1,5,255,51.0
H0001_P005_202602,H0001,P005,2026-02-01,1,2,42,21.0
H0001_P005_202603,H0001,P005,2026-03-01,1,2,118,59.0
H0002_P001_202506,H0002,P001,2025-06-01,1,2,78,39.0
H0002_P001_202507,H0002,P001,2025-07-01,1,2,116,58.0
H0002_P001_202508,H0002,P001,2025-08-01,1,3,81,27.0
H0002_P001_202509,H0002,P001,2025-09-01,1,4,124,31.0
H0002_P001_202510,H0002,P001,2025-10-01,1,4,148,37.0
H0002_P001_202511,H0002,P001,2025-11-01,1,2,54,27.0
H0002_P001_202512,H0002,P001,2025-12-01,1,3,87,29.0
H0002_P001_202601,H0002,P001,2026-01-01,1,4,240,60.0
H0002_P001_202602,H0002,P001,2026-02-01,1,4,212,53.0
H0002_P001_202603,H0002,P001,2026-03-01,1,4,92,23.0
H0002_P002_202509,H0002,P002,2025-09-01,1,1,57,57.0
H0002_P002_202510,H0002,P002,2025-10-01,1,4,164,41.0
H0002_P002_202511,H0002,P002,2025-11-01,1,1,49,49.0
H0002_P002_202512,H0002,P002,2025-12-01,1,2,106,53.0
H0002_P002_202602,H0002,P002,2026-02-01,1,3,105,35.0
H0002_P002_202603,H0002,P002,2026-03-01,1,1,27,27.0
H0002_P003_202506,H0002,P003,2025-06-01,1,1,56,56.0
H0002_P003_202511,H0002,P003,2025-11-01,1,1,28,28.0
H0002_P003_202512,H0002,P003,2025-12-01,1,1,30,30.0
H0002_P003_202601,H0002,P003,2026-01-01,1,2,70,35.0
H0002_P003_202602,H0002,P003,2026-02-01,1,1,20,20.0
H0002_P003_202603,H0002,P003,2026-03-01,1,1,51,51.0
H0002_P004_202506,H0002,P004,2025-06-01,1,2,94,47.0
H0002_P004_202509,H0002,P004,2025-09-01,1,3,123,41.0
H0002_P004_202512,H0002,P004,2025-12-01,1,1,52,52.0
H0002_P005_202510,H0002,P005,2025-10-01,1,2,106,53.0
H0002_P005_202511,H0002,P005,2025-11-01,1,1,22,22.0
H0002_P005_202602,H0002,P005,2026-02-01,1,1,47,47.0
H0003_P001_202506,H0003,P001,2025-06-01,1,3,90,30.0
H0003_P001_202507,H0003,P001,2025-07-01,1,1,21,21.0
H0003_P001_202508,H0003,P001,2025-08-01,1,1,39,39.0
H0003_P001_202509,H0003,P001,2025-09-01,1,3,96,32.0
H0003_P001_202510,H0003,P001,2025-10-01,1,2,70,35.0
H0003_P001_202511,H0003,P001,2025-11-01,1,1,47,47.0
H0003_P001_202512,H0003,P001,2025-12-01,1,2,58,29.0
H0003_P001_202601,H0003,P001,2026-01-01,1,1,28,28.0
H0003_P001_202602,H0003,P001,2026-02-01,1,1,26,26.0
H0003_P001_202603,H0003,P001,2026-03-01,1,2,74,37.0
H0003_P002_202508,H0003,P002,2025-08-01,1,2,44,22.0
H0003_P002_202509,H0003,P002,2025-09-01,1,3,141,47.0
H0003_P002_202510,H0003,P002,2025-10-01,1,1,57,57.0
H0003_P002_202511,H0003,P002,2025-11-01,1,1,55,55.0
H0003_P002_202512,H0003,P002,2025-12-01,1,1,53,53.0
H0003_P002_202601,H0003,P002,2026-01-01,1,1,34,34.0
H0003_P002_202603,H0003,P002,2026-03-01,1,2,84,42.0
H0003_P003_202506,H0003,P003,2025-06-01,1,3,63,21.0
H0003_P003_202510,H0003,P003,2025-10-01,1,1,49,49.0
H0003_P003_202601,H0003,P003,2026-01-01,1,1,54,54.0
H0003_P004_202506,H0003,P004,2025-06-01,1,8,248,31.0
H0003_P004_202507,H0003,P004,2025-07-01,1,4,88,22.0
H0003_P004_202508,H0003,P004,2025-08-01,1,5,170,34.0
H0003_P004_202509,H0003,P004,2025-09-01,1,3,90,30.0
H0003_P004_202510,H0003,P004,2025-10-01,1,1,26,26.0
H0003_P004_202511,H0003,P004,2025-11-01,1,1,37,37.0
H0003_P004_202512,H0003,P004,2025-12-01,1,5,175,35.0
H0003_P004_202601,H0003,P004,2026-01-01,1,6,258,43.0
H0003_P004_202602,H0003,P004,2026-02-01,1,1,60,60.0
H0003_P004_202603,H0003,P004,2026-03-01,1,3,123,41.0
H0003_P005_202506,H0003,P005,2025-06-01,1,1,55,55.0
H0003_P005_202507,H0003,P005,2025-07-01,1,2,56,28.0
H0003_P005_202508,H0003,P005,2025-08-01,1,4,112,28.0
H0003_P005_202509,H0003,P005,2025-09-01,1,2,48,24.0
H0003_P005_202510,H0003,P005,2025-10-01,1,2,120,60.0
H0003_P005_202511,H0003,P005,2025-11-01,1,5,235,47.0
H0003_P005_202601,H0003,P005,2026-01-01,1,2,102,51.0
H0003_P005_202603,H0003,P005,2026-03-01,1,1,31,31.0
H0004_P001_202506,H0004,P001,2025-06-01,1,1,40,40.0
H0004_P001_202507,H0004,P001,2025-07-01,1,1,23,23.0
H0004_P001_202508,H0004,P001,2025-08-01,1,2,64,32.0
H0004_P001_202509,H0004,P001,2025-09-01,1,1,30,30.0
H0004_P001_202510,H0004,P001,2025-10-01,1,1,40,40.0
H0004_P001_202512,H0004,P001,2025-12-01,1,1,21,21.0
H0004_P002_202509,H0004,P002,2025-09-01,1,3,72,24.0
H0004_P002_202510,H0004,P002,2025-10-01,1,1,53,53.0
H0004_P002_202512,H0004,P002,2025-12-01,1,1,22,22.0
H0004_P002_202602,H0004,P002,2026-02-01,1,2,114,57.0
H0004_P002_202603,H0004,P002,2026-03-01,1,1,53,53.0
H0004_P003_202508,H0004,P003,2025-08-01,1,1,46,46.0
H0004_P003_202602,H0004,P003,2026-02-01,1,2,116,58.0
H0004_P004_202506,H0004,P004,2025-06-01,1,2,102,51.0
H0004_P004_202507,H0004,P004,2025-07-01,1,3,174,58.0
H0004_P004_202508,H0004,P004,2025-08-01,1,3,96,32.0
H0004_P004_202509,H0004,P004,2025-09-01,1,1,59,59.0
H0004_P004_202601,H0004,P004,2026-01-01,1,2,108,54.0
H0004_P004_202602,H0004,P004,2026-02-01,1,4,116,29.0
H0004_P004_202603,H0004,P004,2026-03-01,1,2,106,53.0
H0004_P005_202507,H0004,P005,2025-07-01,1,1,30,30.0
H0004_P005_202508,H0004,P005,2025-08-01,1,1,41,41.0
H0004_P005_202509,H0004,P005,2025-09-01,1,2,92,46.0
H0004_P005_202511,H0004,P005,2025-11-01,1,1,28,28.0
H0004_P005_202512,H0004,P005,2025-12-01,1,3,135,45.0
H0004_P005_202603,H0004,P005,2026-03-01,1,1,28,28.0
H0005_P001_202506,H0005,P001,2025-06-01,1,2,96,48.0
H0005_P001_202508,H0005,P001,2025-08-01,1,1,45,45.0
H0005_P001_202509,H0005,P001,2025-09-01,1,1,30,30.0
H0005_P001_202510,H0005,P001,2025-10-01,1,1,56,56.0
H0005_P001_202511,H0005,P001,2025-11-01,1,2,88,44.0
H0005_P001_202601,H0005,P001,2026-01-01,1,2,80,40.0
H0005_P001_202603,H0005,P001,2026-03-01,1,1,40,40.0
H0005_P003_202506,H0005,P003,2025-06-01,1,1,36,36.0
H0005_P003_202507,H0005,P003,2025-07-01,1,1,27,27.0
H0005_P003_202511,H0005,P003,2025-11-01,1,1,45,45.0
H0005_P003_202512,H0005,P003,2025-12-01,1,1,43,43.0
H0005_P003_202602,H0005,P003,2026-02-01,1,1,52,52.0
H0005_P003_202603,H0005,P003,2026-03-01,1,1,44,44.0
H0005_P004_202506,H0005,P004,2025-06-01,1,1,37,37.0
H0005_P004_202507,H0005,P004,2025-07-01,1,1,51,51.0
H0005_P004_202508,H0005,P004,2025-08-01,1,1,54,54.0
H0005_P004_202511,H0005,P004,2025-11-01,1,1,35,35.0
H0005_P004_202512,H0005,P004,2025-12-01,1,2,62,31.0
H0005_P004_202601,H0005,P004,2026-01-01,1,3,135,45.0
H0005_P004_202602,H0005,P004,2026-02-01,1,2,60,30.0
H0005_P005_202508,H0005,P005,2025-08-01,1,1,24,24.0
H0005_P005_202510,H0005,P005,2025-10-01,1,1,39,39.0
H0006_P001_202506,H0006,P001,2025-06-01,1,6,144,24.0
H0006_P001_202507,H0006,P001,2025-07-01,1,4,156,39.0
H0006_P001_202508,H0006,P001,2025-08-01,1,3,96,32.0
H0006_P001_202509,H0006,P001,2025-09-01,1,2,110,55.0
H0006_P001_202510,H0006,P001,2025-10-01,1,1,51,51.0
H0006_P001_202511,H0006,P001,2025-11-01,1,5,230,46.0
H0006_P001_202512,H0006,P001,2025-12-01,1,5,170,34.0
H0006_P001_202601,H0006,P001,2026-01-01,1,4,180,45.0
H0006_P001_202602,H0006,P001,2026-02-01,1,3,117,39.0
H0006_P001_202603,H0006,P001,2026-03-01,1,1,49,49.0
H0006_P002_202506,H0006,P002,2025-06-01,1,6,120,20.0
H0006_P002_202507,H0006,P002,2025-07-01,1,2,82,41.0
H0006_P002_202508,H0006,P002,2025-08-01,1,4,204,51.0
H0006_P002_202509,H0006,P002,2025-09-01,1,2,78,39.0
H0006_P002_202510,H0006,P002,2025-10-01,1,3,180,60.0
H0006_P002_202511,H0006,P002,2025-11-01,1,2,120,60.0
H0006_P002_202512,H0006,P002,2025-12-01,1,6,222,37.0
H0006_P002_202601,H0006,P002,2026-01-01,1,3,126,42.0
H0006_P002_202602,H0006,P002,2026-02-01,1,8,448,56.0
H0006_P002_202603,H0006,P002,2026-03-01,1,2,120,60.0
H0006_P003_202506,H0006,P003,2025-06-01,1,2,68,34.0
H0006_P003_202507,H0006,P003,2025-07-01,1,2,94,47.0
H0006_P003_202508,H0006,P003,2025-08-01,1,3,108,36.0
H0006_P003_202509,H0006,P003,2025-09-01,1,7,175,25.0
H0006_P003_202510,H0006,P003,2025-10-01,1,4,228,57.0
H0006_P003_202511,H0006,P003,2025-11-01,1,3,66,22.0
H0006_P003_202512,H0006,P003,2025-12-01,1,3,174,58.0
H0006_P003_202601,H0006,P003,2026-01-01,1,4,132,33.0
H0006_P003_202602,H0006,P003,2026-02-01,1,2,98,49.0
H0006_P003_202603,H0006,P003,2026-03-01,1,8,160,20.0
H0006_P004_202506,H0006,P004,2025-06-01,1,3,60,20.0
H0006_P004_202507,H0006,P004,2025-07-01,1,4,100,25.0
H0006_P004_202508,H0006,P004,2025-08-01,1,4,88,22.0
H0006_P004_202509,H0006,P004,2025-09-01,1,2,90,45.0
H0006_P004_202510,H0006,P004,2025-10-01,1,1,24,24.0
H0006_P004_202511,H0006,P004,2025-11-01,1,3,78,26.0
H0006_P004_202512,H0006,P004,2025-12-01,1,3,93,31.0
H0006_P004_202601,H0006,P004,2026-01-01,1,4,216,54.0
H0006_P004_202602,H0006,P004,2026-02-01,1,2,118,59.0
H0006_P004_202603,H0006,P004,2026-03-01,1,2,82,41.0
H0006_P005_202506,H0006,P005,2025-06-01,1,3,147,49.0
H0006_P005_202507,H0006,P005,2025-07-01,1,2,106,53.0
H0006_P005_202508,H0006,P005,2025-08-01,1,7,182,26.0
H0006_P005_202509,H0006,P005,2025-09-01,1,7,329,47.0
H0006_P005_202510,H0006,P005,2025-10-01,1,4,208,52.0
H0006_P005_202511,H0006,P005,2025-11-01,1,8,368,46.0
H0006_P005_202512,H0006,P005,2025-12-01,1,13,494,38.0
H0006_P005_202601,H0006,P005,2026-01-01,1,9,441,49.0
H0006_P005_202602,H0006,P005,2026-02-01,1,9,252,28.0
H0006_P005_202603,H0006,P005,2026-03-01,1,6,132,22.0
H0007_P001_202506,H0007,P001,2025-06-01,1,8,224,28.0
H0007_P001_202507,H0007,P001,2025-07-01,1,4,112,28.0
H0007_P001_202508,H0007,P001,2025-08-01,1,4,120,30.0
H0007_P001_202509,H0007,P001,2025-09-01,1,3,99,33.0
H0007_P001_202510,H0007,P001,2025-10-01,1,5,125,25.0
H0007_P001_202511,H0007,P001,2025-11-01,1,2,86,43.0
H0007_P001_202512,H0007,P001,2025-12-01,1,10,440,44.0
H0007_P001_202601,H0007,P001,2026-01-01,1,2,106,53.0
H0007_P001_202602,H0007,P001,2026-02-01,1,4,200,50.0
H0007_P001_202603,H0007,P001,2026-03-01,1,2,78,39.0
H0007_P002_202506,H0007,P002,2025-06-01,1,2,54,27.0
H0007_P002_202507,H0007,P002,2025-07-01,1,3,84,28.0
H0007_P002_202508,H0007,P002,2025-08-01,1,1,53,53.0
H0007_P002_202509,H0007,P002,2025-09-01,1,2,64,32.0
H0007_P002_202510,H0007,P002,2025-10-01,1,2,52,26.0
H0007_P002_202512,H0007,P002,2025-12-01,1,2,104,52.0
H0007_P002_202601,H0007,P002,2026-01-01,1,6,216,36.0
H0007_P002_202602,H0007,P002,2026-02-01,1,1,38,38.0
H0007_P002_202603,H0007,P002,2026-03-01,1,3,120,40.0
H0007_P003_202506,H0007,P003,2025-06-01,1,13,377,29.0
H0007_P003_202507,H0007,P003,2025-07-01,1,4,172,43.0
H0007_P003_202508,H0007,P003,2025-08-01,1,12,624,52.0
H0007_P003_202509,H0007,P003,2025-09-01,1,11,341,31.0
H0007_P003_202510,H0007,P003,2025-10-01,1,5,140,28.0
H0007_P003_202511,H0007,P003,2025-11-01,1,14,616,44.0
H0007_P003_202512,H0007,P003,2025-12-01,1,12,468,39.0
H0007_P003_202601,H0007,P003,2026-01-01,1,14,812,58.0
H0007_P003_202602,H0007,P003,2026-02-01,1,10,490,49.0
H0007_P003_202603,H0007,P003,2026-03-01,1,7,168,24.0
H0007_P004_202507,H0007,P004,2025-07-01,1,2,96,48.0
H0007_P004_202508,H0007,P004,2025-08-01,1,3,75,25.0
H0007_P004_202510,H0007,P004,2025-10-01,1,1,39,39.0
H0007_P004_202511,H0007,P004,2025-11-01,1,1,31,31.0
H0007_P004_202512,H0007,P004,2025-12-01,1,1,27,27.0
H0007_P004_202601,H0007,P004,2026-01-01,1,2,98,49.0
H0007_P004_202602,H0007,P004,2026-02-01,1,3,180,60.0
H0007_P004_202603,H0007,P004,2026-03-01,1,2,54,27.0
H0007_P005_202506,H0007,P005,2025-06-01,1,3,87,29.0
H0007_P005_202507,H0007,P005,2025-07-01,1,5,115,23.0
H0007_P005_202508,H0007,P005,2025-08-01,1,3,174,58.0
H0007_P005_202509,H0007,P005,2025-09-01,1,4,152,38.0
H0007_P005_202510,H0007,P005,2025-10-01,1,2,48,24.0
H0007_P005_202511,H0007,P005,2025-11-01,1,5,275,55.0
H0007_P005_202512,H0007,P005,2025-12-01,1,3,72,24.0
H0007_P005_202601,H0007,P005,2026-01-01,1,3,156,52.0
H0007_P005_202602,H0007,P005,2026-02-01,1,3,108,36.0
H0007_P005_202603,H0007,P005,2026-03-01,1,3,147,49.0
H0008_P001_202506,H0008,P001,2025-06-01,1,1,52,52.0
H0008_P001_202512,H0008,P001,2025-12-01,1,3,63,21.0
H0008_P001_202601,H0008,P001,2026-01-01,1,1,33,33.0
H0008_P002_202508,H0008,P002,2025-08-01,1,1,23,23.0
H0008_P002_202509,H0008,P002,2025-09-01,1,1,46,46.0
H0008_P002_202512,H0008,P002,2025-12-01,1,1,54,54.0
H0008_P002_202603,H0008,P002,2026-03-01,1,1,31,31.0
H0008_P004_202507,H0008,P004,2025-07-01,1,2,82,41.0
H0008_P004_202508,H0008,P004,2025-08-01,1,1,54,54.0
H0008_P004_202509,H0008,P004,2025-09-01,1,2,108,54.0
H0008_P004_202510,H0008,P004,2025-10-01,1,2,112,56.0
H0008_P004_202511,H0008,P004,2025-11-01,1,2,88,44.0
H0008_P004_202512,H0008,P004,2025-12-01,1,1,46,46.0
H0008_P004_202601,H0008,P004,2026-01-01,1,1,29,29.0
H0008_P004_202602,H0008,P004,2026-02-01,1,1,27,27.0
H0008_P004_202603,H0008,P004,2026-03-01,1,2,116,58.0
H0009_P001_202506,H0009,P001,2025-06-01,1,1,36,36.0
H0009_P001_202507,H0009,P001,2025-07-01,1,2,60,30.0
H0009_P001_202509,H0009,P001,2025-09-01,1,1,51,51.0
H0009_P001_202510,H0009,P001,2025-10-01,1,3,114,38.0
H0009_P001_202511,H0009,P001,2025-11-01,1,2,100,50.0
H0009_P001_202512,H0009,P001,2025-12-01,1,2,118,59.0
H0009_P001_202601,H0009,P001,2026-01-01,1,2,118,59.0
H0009_P001_202602,H0009,P001,2026-02-01,1,3,177,59.0
H0009_P001_202603,H0009,P001,2026-03-01,1,1,47,47.0
H0009_P003_202507,H0009,P003,2025-07-01,1,1,38,38.0
H0009_P003_202509,H0009,P003,2025-09-01,1,2,112,56.0
H0009_P003_202510,H0009,P003,2025-10-01,1,1,33,33.0
H0009_P003_202512,H0009,P003,2025-12-01,1,2,56,28.0
H0009_P004_202506,H0009,P004,2025-06-01,1,4,212,53.0
H0009_P004_202509,H0009,P004,2025-09-01,1,4,236,59.0
H0009_P004_202510,H0009,P004,2025-10-01,1,1,59,59.0
H0009_P004_202603,H0009,P004,2026-03-01,1,2,46,23.0
H0009_P005_202507,H0009,P005,2025-07-01,1,2,72,36.0
H0009_P005_202509,H0009,P005,2025-09-01,1,3,111,37.0
H0009_P005_202510,H0009,P005,2025-10-01,1,1,33,33.0
H0009_P005_202512,H0009,P005,2025-12-01,1,2,44,22.0
H0009_P005_202601,H0009,P005,2026-01-01,1,2,76,38.0
H0009_P005_202602,H0009,P005,2026-02-01,1,2,112,56.0
H0009_P005_202603,H0009,P005,2026-03-01,1,2,50,25.0
H0010_P001_202506,H0010,P001,2025-06-01,1,1,52,52.0
H0010_P001_202507,H0010,P001,2025-07-01,1,3,144,48.0
H0010_P001_202508,H0010,P001,2025-08-01,1,2,62,31.0
H0010_P001_202509,H0010,P001,2025-09-01,1,2,82,41.0
H0010_P001_202510,H0010,P001,2025-10-01,1,5,255,51.0
H0010_P001_202512,H0010,P001,2025-12-01,1,3,129,43.0
H0010_P001_202601,H0010,P001,2026-01-01,1,3,126,42.0
H0010_P001_202602,H0010,P001,2026-02-01,1,2,42,21.0
H0010_P001_202603,H0010,P001,2026-03-01,1,2,72,36.0
H0010_P002_202510,H0010,P002,2025-10-01,1,1,22,22.0
H0010_P002_202601,H0010,P002,2026-01-01,1,3,111,37.0
H0010_P002_202602,H0010,P002,2026-02-01,1,1,41,41.0
H0010_P003_202506,H0010,P003,2025-06-01,1,1,29,29.0
H0010_P003_202508,H0010,P003,2025-08-01,1,1,49,49.0
H0010_P003_202509,H0010,P003,2025-09-01,1,2,106,53.0
H0010_P003_202510,H0010,P003,2025-10-01,1,3,114,38.0
H0010_P003_202511,H0010,P003,2025-11-01,1,1,55,55.0
H0010_P003_202602,H0010,P003,2026-02-01,1,1,27,27.0
H0010_P004_202506,H0010,P004,2025-06-01,1,2,84,42.0
H0010_P004_202507,H0010,P004,2025-07-01,1,3,114,38.0
H0010_P004_202510,H0010,P004,2025-10-01,1,1,41,41.0
H0010_P004_202511,H0010,P004,2025-11-01,1,2,68,34.0
H0010_P004_202512,H0010,P004,2025-12-01,1,1,36,36.0
H0010_P004_202602,H0010,P004,2026-02-01,1,2,118,59.0
H0010_P004_202603,H0010,P004,2026-03-01,1,2,112,56.0
H0010_P005_202506,H0010,P005,2025-06-01,1,1,28,28.0
H0010_P005_202507,H0010,P005,2025-07-01,1,2,100,50.0
H0010_P005_202508,H0010,P005,2025-08-01,1,1,48,48.0
H0010_P005_202509,H0010,P005,2025-09-01,1,4,228,57.0
H0010_P005_202510,H0010,P005,2025-10-01,1,1,59,59.0
H0010_P005_202511,H0010,P005,2025-11-01,1,2,86,43.0
H0010_P005_202512,H0010,P005,2025-12-01,1,2,76,38.0
H0010_P005_202601,H0010,P005,2026-01-01,1,1,28,28.0
H0010_P005_202602,H0010,P005,2026-02-01,1,1,22,22.0
H0010_P005_202603,H0010,P005,2026-03-01,1,3,87,29.0
H0011_P001_202506,H0011,P001,2025-06-01,1,2,118,59.0
H0011_P001_202507,H0011,P001,2025-07-01,1,1,42,42.0
H0011_P001_202508,H0011,P001,2025-08-01,1,3,126,42.0
H0011_P001_202509,H0011,P001,2025-09-01,1,1,49,49.0
H0011_P001_202511,H0011,P001,2025-11-01,1,2,60,30.0
H0011_P001_202602,H0011,P001,2026-02-01,1,2,70,35.0
H0011_P001_202603,H0011,P001,2026-03-01,1,2,60,30.0
H0011_P002_202506,H0011,P002,2025-06-01,1,1,56,56.0
H0011_P002_202507,H0011,P002,2025-07-01,1,2,98,49.0
H0011_P002_202508,H0011,P002,2025-08-01,1,5,205,41.0
H0011_P002_202509,H0011,P002,2025-09-01,1,3,99,33.0
H0011_P002_202510,H0011,P002,2025-10-01,1,2,58,29.0
H0011_P002_202511,H0011,P002,2025-11-01,1,1,39,39.0
H0011_P002_202601,H0011,P002,2026-01-01,1,3,90,30.0
H0011_P002_202602,H0011,P002,2026-02-01,1,5,190,38.0
H0011_P002_202603,H0011,P002,2026-03-01,1,3,180,60.0
H0011_P003_202506,H0011,P003,2025-06-01,1,1,29,29.0
H0011_P003_202507,H0011,P003,2025-07-01,1,1,20,20.0
H0011_P003_202509,H0011,P003,2025-09-01,1,3,180,60.0
H0011_P003_202510,H0011,P003,2025-10-01,1,1,58,58.0
H0011_P003_202512,H0011,P003,2025-12-01,1,1,46,46.0
H0011_P003_202601,H0011,P003,2026-01-01,1,1,30,30.0
H0011_P003_202602,H0011,P003,2026-02-01,1,1,40,40.0
H0011_P004_202512,H0011,P004,2025-12-01,1,1,60,60.0
H0011_P004_202601,H0011,P004,2026-01-01,1,1,35,35.0
H0011_P004_202602,H0011,P004,2026-02-01,1,1,41,41.0
H0011_P004_202603,H0011,P004,2026-03-01,1,1,30,30.0
H0011_P005_202507,H0011,P005,2025-07-01,1,2,120,60.0
H0011_P005_202508,H0011,P005,2025-08-01,1,1,25,25.0
H0011_P005_202510,H0011,P005,2025-10-01,1,1,43,43.0
H0011_P005_202602,H0011,P005,2026-02-01,1,2,114,57.0
H0012_P001_202506,H0012,P001,2025-06-01,1,3,138,46.0
H0012_P001_202507,H0012,P001,2025-07-01,1,4,192,48.0
H0012_P001_202508,H0012,P001,2025-08-01,1,4,144,36.0
H0012_P001_202509,H0012,P001,2025-09-01,1,3,141,47.0
H0012_P001_202510,H0012,P001,2025-10-01,1,6,354,59.0
H0012_P001_202511,H0012,P001,2025-11-01,1,4,96,24.0
H0012_P001_202512,H0012,P001,2025-12-01,1,2,112,56.0
H0012_P001_202601,H0012,P001,2026-01-01,1,1,46,46.0
H0012_P001_202602,H0012,P001,2026-02-01,1,5,225,45.0
H0012_P001_202603,H0012,P001,2026-03-01,1,4,128,32.0
H0012_P002_202506,H0012,P002,2025-06-01,1,3,156,52.0
H0012_P002_202508,H0012,P002,2025-08-01,1,2,104,52.0
H0012_P002_202509,H0012,P002,2025-09-01,1,2,104,52.0
H0012_P002_202510,H0012,P002,2025-10-01,1,3,135,45.0
H0012_P002_202511,H0012,P002,2025-11-01,1,3,87,29.0
H0012_P002_202512,H0012,P002,2025-12-01,1,1,42,42.0
H0012_P002_202601,H0012,P002,2026-01-01,1,1,52,52.0
H0012_P002_202602,H0012,P002,2026-02-01,1,2,78,39.0
H0012_P002_202603,H0012,P002,2026-03-01,1,2,56,28.0
H0012_P003_202506,H0012,P003,2025-06-01,1,2,64,32.0
H0012_P003_202507,H0012,P003,2025-07-01,1,3,108,36.0
H0012_P003_202508,H0012,P003,2025-08-01,1,3,84,28.0
H0012_P003_202509,H0012,P003,2025-09-01,1,2,78,39.0
H0012_P003_202510,H0012,P003,2025-10-01,1,4,156,39.0
H0012_P003_202511,H0012,P003,2025-11-01,1,2,56,28.0
H0012_P003_202512,H0012,P003,2025-12-01,1,4,120,30.0
H0012_P003_202601,H0012,P003,2026-01-01,1,1,56,56.0
H0012_P003_202602,H0012,P003,2026-02-01,1,5,290,58.0
H0012_P004_202507,H0012,P004,2025-07-01,1,3,84,28.0
H0012_P004_202508,H0012,P004,2025-08-01,1,1,38,38.0
H0012_P004_202511,H0012,P004,2025-11-01,1,1,38,38.0
H0012_P004_202601,H0012,P004,2026-01-01,1,4,84,21.0
H0012_P004_202603,H0012,P004,2026-03-01,1,3,72,24.0
H0012_P005_202506,H0012,P005,2025-06-01,1,4,116,29.0
H0012_P005_202507,H0012,P005,2025-07-01,1,5,140,28.0
H0012_P005_202508,H0012,P005,2025-08-01,1,4,124,31.0
H0012_P005_202509,H0012,P005,2025-09-01,1,8,312,39.0
H0012_P005_202510,H0012,P005,2025-10-01,1,5,280,56.0
H0012_P005_202511,H0012,P005,2025-11-01,1,2,68,34.0
H0012_P005_202601,H0012,P005,2026-01-01,1,1,60,60.0
H0012_P005_202602,H0012,P005,2026-02-01,1,7,140,20.0
H0012_P005_202603,H0012,P005,2026-03-01,1,6,234,39.0
H0013_P001_202506,H0013,P001,2025-06-01,1,1,26,26.0
H0013_P001_202507,H0013,P001,2025-07-01,1,1,54,54.0
H0013_P001_202508,H0013,P001,2025-08-01,1,2,52,26.0
H0013_P001_202510,H0013,P001,2025-10-01,1,2,86,43.0
H0013_P001_202511,H0013,P001,2025-11-01,1,1,23,23.0
H0013_P001_202601,H0013,P001,2026-01-01,1,1,38,38.0
H0013_P001_202603,H0013,P001,2026-03-01,1,2,114,57.0
H0013_P002_202506,H0013,P002,2025-06-01,1,1,26,26.0
H0013_P002_202511,H0013,P002,2025-11-01,1,1,35,35.0
H0013_P002_202601,H0013,P002,2026-01-01,1,1,37,37.0
H0013_P003_202506,H0013,P003,2025-06-01,1,2,108,54.0
H0013_P003_202508,H0013,P003,2025-08-01,1,4,164,41.0
H0013_P003_202509,H0013,P003,2025-09-01,1,3,150,50.0
H0013_P003_202511,H0013,P003,2025-11-01,1,1,29,29.0
H0013_P003_202512,H0013,P003,2025-12-01,1,1,38,38.0
H0013_P003_202601,H0013,P003,2026-01-01,1,1,53,53.0
H0013_P003_202602,H0013,P003,2026-02-01,1,2,96,48.0
H0013_P004_202509,H0013,P004,2025-09-01,1,1,40,40.0
H0013_P004_202512,H0013,P004,2025-12-01,1,1,49,49.0
H0013_P005_202506,H0013,P005,2025-06-01,1,2,60,30.0
H0013_P005_202507,H0013,P005,2025-07-01,1,2,42,21.0
H0013_P005_202508,H0013,P005,2025-08-01,1,1,25,25.0
H0013_P005_202509,H0013,P005,2025-09-01,1,3,138,46.0
H0013_P005_202512,H0013,P005,2025-12-01,1,3,105,35.0
H0013_P005_202601,H0013,P005,2026-01-01,1,3,81,27.0
H0013_P005_202603,H0013,P005,2026-03-01,1,1,43,43.0
H0014_P002_202512,H0014,P002,2025-12-01,1,1,42,42.0
H0014_P002_202603,H0014,P002,2026-03-01,1,1,34,34.0
H0014_P005_202506,H0014,P005,2025-06-01,1,2,102,51.0
H0014_P005_202507,H0014,P005,2025-07-01,1,1,50,50.0
H0014_P005_202510,H0014,P005,2025-10-01,1,1,50,50.0
H0014_P005_202511,H0014,P005,2025-11-01,1,1,52,52.0
H0014_P005_202512,H0014,P005,2025-12-01,1,1,59,59.0
H0014_P005_202601,H0014,P005,2026-01-01,1,1,38,38.0
H0014_P005_202603,H0014,P005,2026-03-01,1,1,42,42.0
H0015_P001_202506,H0015,P001,2025-06-01,1,3,114,38.0
H0015_P001_202507,H0015,P001,2025-07-01,1,2,96,48.0
H0015_P001_202508,H0015,P001,2025-08-01,1,2,52,26.0
H0015_P001_202509,H0015,P001,2025-09-01,1,2,88,44.0
H0015_P001_202510,H0015,P001,2025-10-01,1,2,74,37.0
H0015_P001_202511,H0015,P001,2025-11-01,1,2,96,48.0
H0015_P001_202512,H0015,P001,2025-12-01,1,3,60,20.0
H0015_P001_202601,H0015,P001,2026-01-01,1,1,32,32.0
H0015_P001_202602,H0015,P001,2026-02-01,1,2,76,38.0
H0015_P001_202603,H0015,P001,2026-03-01,1,2,48,24.0
H0015_P002_202506,H0015,P002,2025-06-01,1,4,224,56.0
H0015_P002_202507,H0015,P002,2025-07-01,1,3,168,56.0
H0015_P002_202508,H0015,P002,2025-08-01,1,6,198,33.0
H0015_P002_202509,H0015,P002,2025-09-01,1,5,290,58.0
H0015_P002_202510,H0015,P002,2025-10-01,1,1,42,42.0
H0015_P002_202511,H0015,P002,2025-11-01,1,5,230,46.0
H0015_P002_202512,H0015,P002,2025-12-01,1,3,81,27.0
H0015_P002_202601,H0015,P002,2026-01-01,1,4,224,56.0
H0015_P002_202603,H0015,P002,2026-03-01,1,4,180,45.0
H0015_P003_202506,H0015,P003,2025-06-01,1,4,168,42.0
H0015_P003_202507,H0015,P003,2025-07-01,1,3,177,59.0
H0015_P003_202508,H0015,P003,2025-08-01,1,4,144,36.0
H0015_P003_202509,H0015,P003,2025-09-01,1,1,57,57.0
H0015_P003_202510,H0015,P003,2025-10-01,1,2,82,41.0
H0015_P003_202511,H0015,P003,2025-11-01,1,8,432,54.0
H0015_P003_202512,H0015,P003,2025-12-01,1,7,231,33.0
H0015_P003_202601,H0015,P003,2026-01-01,1,4,136,34.0
H0015_P003_202602,H0015,P003,2026-02-01,1,2,112,56.0
H0015_P003_202603,H0015,P003,2026-03-01,1,6,126,21.0
H0015_P004_202506,H0015,P004,2025-06-01,1,1,34,34.0
H0015_P004_202507,H0015,P004,2025-07-01,1,4,136,34.0
H0015_P004_202508,H0015,P004,2025-08-01,1,7,182,26.0
H0015_P004_202509,H0015,P004,2025-09-01,1,3,162,54.0
H0015_P004_202510,H0015,P004,2025-10-01,1,6,294,49.0
H0015_P004_202511,H0015,P004,2025-11-01,1,1,41,41.0
H0015_P004_202512,H0015,P004,2025-12-01,1,4,128,32.0
H0015_P004_202601,H0015,P004,2026-01-01,1,3,123,41.0
H0015_P004_202602,H0015,P004,2026-02-01,1,3,150,50.0
H0015_P005_202506,H0015,P005,2025-06-01,1,3,90,30.0
H0015_P005_202512,H0015,P005,2025-12-01,1,1,46,46.0
H0015_P005_202601,H0015,P005,2026-01-01,1,1,48,48.0
H0015_P005_202603,H0015,P005,2026-03-01,1,1,52,52.0
H0016_P001_202507,H0016,P001,2025-07-01,1,5,180,36.0
H0016_P001_202509,H0016,P001,2025-09-01,1,1,32,32.0
H0016_P001_202510,H0016,P001,2025-10-01,1,2,78,39.0
H0016_P001_202511,H0016,P001,2025-11-01,1,3,144,48.0
H0016_P001_202512,H0016,P001,2025-12-01,1,2,42,21.0
H0016_P001_202601,H0016,P001,2026-01-01,1,4,188,47.0
H0016_P001_202602,H0016,P001,2026-02-01,1,5,240,48.0
H0016_P001_202603,H0016,P001,2026-03-01,1,2,72,36.0
H0016_P002_202506,H0016,P002,2025-06-01,1,8,472,59.0
H0016_P002_202507,H0016,P002,2025-07-01,1,5,205,41.0
H0016_P002_202508,H0016,P002,2025-08-01,1,8,376,47.0
H0016_P002_202509,H0016,P002,2025-09-01,1,2,110,55.0
H0016_P002_202510,H0016,P002,2025-10-01,1,2,92,46.0
H0016_P002_202511,H0016,P002,2025-11-01,1,3,69,23.0
H0016_P002_202512,H0016,P002,2025-12-01,1,7,182,26.0
H0016_P002_202601,H0016,P002,2026-01-01,1,8,408,51.0
H0016_P002_202602,H0016,P002,2026-02-01,1,9,441,49.0
H0016_P002_202603,H0016,P002,2026-03-01,1,5,270,54.0
H0016_P003_202506,H0016,P003,2025-06-01,1,1,36,36.0
H0016_P003_202507,H0016,P003,2025-07-01,1,3,84,28.0
H0016_P003_202510,H0016,P003,2025-10-01,1,2,54,27.0
H0016_P003_202511,H0016,P003,2025-11-01,1,2,82,41.0
H0016_P003_202512,H0016,P003,2025-12-01,1,1,47,47.0
H0016_P003_202601,H0016,P003,2026-01-01,1,4,192,48.0
H0016_P003_202602,H0016,P003,2026-02-01,1,1,35,35.0
H0016_P003_202603,H0016,P003,2026-03-01,1,1,59,59.0
H0016_P004_202506,H0016,P004,2025-06-01,1,1,54,54.0
H0016_P004_202507,H0016,P004,2025-07-01,1,2,60,30.0
H0016_P004_202511,H0016,P004,2025-11-01,1,1,33,33.0
H0016_P004_202603,H0016,P004,2026-03-01,1,1,21,21.0
H0016_P005_202506,H0016,P005,2025-06-01,1,2,88,44.0
H0016_P005_202507,H0016,P005,2025-07-01,1,3,84,28.0
H0016_P005_202508,H0016,P005,2025-08-01,1,5,290,58.0
H0016_P005_202509,H0016,P005,2025-09-01,1,1,30,30.0
H0016_P005_202510,H0016,P005,2025-10-01,1,1,44,44.0
H0016_P005_202511,H0016,P005,2025-11-01,1,2,72,36.0
H0016_P005_202512,H0016,P005,2025-12-01,1,1,20,20.0
H0016_P005_202602,H0016,P005,2026-02-01,1,1,45,45.0
H0016_P005_202603,H0016,P005,2026-03-01,1,2,52,26.0
H0017_P001_202507,H0017,P001,2025-07-01,1,5,180,36.0
H0017_P001_202510,H0017,P001,2025-10-01,1,1,29,29.0
H0017_P001_202511,H0017,P001,2025-11-01,1,2,54,27.0
H0017_P001_202512,H0017,P001,2025-12-01,1,4,144,36.0
H0017_P001_202601,H0017,P001,2026-01-01,1,3,135,45.0
H0017_P001_202602,H0017,P001,2026-02-01,1,2,92,46.0
H0017_P001_202603,H0017,P001,2026-03-01,1,1,42,42.0
H0017_P002_202506,H0017,P002,2025-06-01,1,4,116,29.0
H0017_P002_202507,H0017,P002,2025-07-01,1,6,168,28.0
H0017_P002_202508,H0017,P002,2025-08-01,1,9,270,30.0
H0017_P002_202509,H0017,P002,2025-09-01,1,6,186,31.0
H0017_P002_202510,H0017,P002,2025-10-01,1,4,188,47.0
H0017_P002_202511,H0017,P002,2025-11-01,1,7,168,24.0
H0017_P002_202512,H0017,P002,2025-12-01,1,6,252,42.0
H0017_P002_202601,H0017,P002,2026-01-01,1,1,60,60.0
H0017_P002_202602,H0017,P002,2026-02-01,1,5,245,49.0
H0017_P002_202603,H0017,P002,2026-03-01,1,3,141,47.0
H0017_P003_202506,H0017,P003,2025-06-01,1,3,171,57.0
H0017_P003_202507,H0017,P003,2025-07-01,1,1,60,60.0
H0017_P003_202509,H0017,P003,2025-09-01,1,2,84,42.0
H0017_P003_202512,H0017,P003,2025-12-01,1,1,28,28.0
H0017_P003_202601,H0017,P003,2026-01-01,1,3,87,29.0
H0017_P003_202602,H0017,P003,2026-02-01,1,1,41,41.0
H0017_P003_202603,H0017,P003,2026-03-01,1,1,36,36.0
H0017_P004_202506,H0017,P004,2025-06-01,1,2,114,57.0
H0017_P004_202507,H0017,P004,2025-07-01,1,3,114,38.0
H0017_P004_202508,H0017,P004,2025-08-01,1,1,20,20.0
H0017_P004_202510,H0017,P004,2025-10-01,1,3,165,55.0
H0017_P004_202511,H0017,P004,2025-11-01,1,4,144,36.0
H0017_P004_202512,H0017,P004,2025-12-01,1,1,32,32.0
H0017_P004_202602,H0017,P004,2026-02-01,1,2,58,29.0
H0017_P004_202603,H0017,P004,2026-03-01,1,3,105,35.0
H0017_P005_202506,H0017,P005,2025-06-01,1,1,60,60.0
H0017_P005_202507,H0017,P005,2025-07-01,1,4,140,35.0
H0017_P005_202508,H0017,P005,2025-08-01,1,6,144,24.0
H0017_P005_202509,H0017,P005,2025-09-01,1,3,174,58.0
H0017_P005_202510,H0017,P005,2025-10-01,1,5,205,41.0
H0017_P005_202511,H0017,P005,2025-11-01,1,4,128,32.0
H0017_P005_202512,H0017,P005,2025-12-01,1,3,78,26.0
H0017_P005_202601,H0017,P005,2026-01-01,1,5,295,59.0
H0017_P005_202602,H0017,P005,2026-02-01,1,2,62,31.0
H0017_P005_202603,H0017,P005,2026-03-01,1,5,130,26.0
H0018_P001_202512,H0018,P001,2025-12-01,1,2,92,46.0
H0018_P002_202507,H0018,P002,2025-07-01,1,1,41,41.0
H0018_P002_202508,H0018,P002,2025-08-01,1,1,52,52.0
H0018_P002_202509,H0018,P002,2025-09-01,1,1,24,24.0
H0018_P002_202510,H0018,P002,2025-10-01,1,2,96,48.0
H0018_P002_202511,H0018,P002,2025-11-01,1,1,27,27.0
H0018_P002_202601,H0018,P002,2026-01-01,1,2,114,57.0
H0018_P002_202603,H0018,P002,2026-03-01,1,1,50,50.0
H0018_P003_202506,H0018,P003,2025-06-01,1,3,129,43.0
H0018_P003_202508,H0018,P003,2025-08-01,1,2,66,33.0
H0018_P003_202510,H0018,P003,2025-10-01,1,1,22,22.0
H0018_P003_202511,H0018,P003,2025-11-01,1,1,36,36.0
H0018_P003_202512,H0018,P003,2025-12-01,1,2,68,34.0
H0018_P003_202601,H0018,P003,2026-01-01,1,2,42,21.0
H0018_P003_202603,H0018,P003,2026-03-01,1,1,21,21.0
H0018_P004_202506,H0018,P004,2025-06-01,1,1,60,60.0
H0018_P004_202511,H0018,P004,2025-11-01,1,2,80,40.0
H0018_P004_202512,H0018,P004,2025-12-01,1,3,141,47.0
H0018_P004_202601,H0018,P004,2026-01-01,1,3,174,58.0
H0018_P005_202512,H0018,P005,2025-12-01,1,1,53,53.0
H0019_P001_202506,H0019,P001,2025-06-01,1,1,29,29.0
H0019_P001_202507,H0019,P001,2025-07-01,1,1,46,46.0
H0019_P001_202510,H0019,P001,2025-10-01,1,2,96,48.0
H0019_P001_202601,H0019,P001,2026-01-01,1,1,37,37.0
H0019_P001_202602,H0019,P001,2026-02-01,1,4,224,56.0
H0019_P001_202603,H0019,P001,2026-03-01,1,2,102,51.0
H0019_P002_202506,H0019,P002,2025-06-01,1,3,117,39.0
H0019_P002_202507,H0019,P002,2025-07-01,1,5,135,27.0
H0019_P002_202508,H0019,P002,2025-08-01,1,8,352,44.0
H0019_P002_202509,H0019,P002,2025-09-01,1,3,141,47.0
H0019_P002_202510,H0019,P002,2025-10-01,1,2,96,48.0
H0019_P002_202511,H0019,P002,2025-11-01,1,8,224,28.0
H0019_P002_202512,H0019,P002,2025-12-01,1,9,198,22.0
H0019_P002_202601,H0019,P002,2026-01-01,1,6,144,24.0
H0019_P002_202602,H0019,P002,2026-02-01,1,7,350,50.0
H0019_P002_202603,H0019,P002,2026-03-01,1,3,63,21.0
H0019_P003_202506,H0019,P003,2025-06-01,1,3,81,27.0
H0019_P003_202507,H0019,P003,2025-07-01,1,2,96,48.0
H0019_P003_202508,H0019,P003,2025-08-01,1,7,196,28.0
H0019_P003_202509,H0019,P003,2025-09-01,1,2,74,37.0
H0019_P003_202510,H0019,P003,2025-10-01,1,1,25,25.0
H0019_P003_202511,H0019,P003,2025-11-01,1,4,88,22.0
H0019_P003_202512,H0019,P003,2025-12-01,1,4,120,30.0
H0019_P003_202601,H0019,P003,2026-01-01,1,3,156,52.0
H0019_P003_202602,H0019,P003,2026-02-01,1,3,126,42.0
H0019_P003_202603,H0019,P003,2026-03-01,1,5,230,46.0
H0019_P004_202506,H0019,P004,2025-06-01,1,1,34,34.0
H0019_P004_202507,H0019,P004,2025-07-01,1,2,72,36.0
H0019_P004_202508,H0019,P004,2025-08-01,1,1,46,46.0
H0019_P004_202509,H0019,P004,2025-09-01,1,2,108,54.0
H0019_P004_202510,H0019,P004,2025-10-01,1,2,62,31.0
H0019_P004_202511,H0019,P004,2025-11-01,1,1,41,41.0
H0019_P004_202512,H0019,P004,2025-12-01,1,3,159,53.0
H0019_P004_202601,H0019,P004,2026-01-01,1,1,23,23.0
H0019_P005_202507,H0019,P005,2025-07-01,1,2,78,39.0
H0019_P005_202508,H0019,P005,2025-08-01,1,3,72,24.0
H0019_P005_202509,H0019,P005,2025-09-01,1,5,230,46.0
H0019_P005_202511,H0019,P005,2025-11-01,1,1,44,44.0
H0019_P005_202601,H0019,P005,2026-01-01,1,1,48,48.0
H0019_P005_202602,H0019,P005,2026-02-01,1,2,100,50.0
H0019_P005_202603,H0019,P005,2026-03-01,1,2,62,31.0
H0020_P001_202506,H0020,P001,2025-06-01,1,1,32,32.0
H0020_P001_202507,H0020,P001,2025-07-01,1,1,53,53.0
H0020_P001_202508,H0020,P001,2025-08-01,1,1,21,21.0
H0020_P001_202509,H0020,P001,2025-09-01,1,1,28,28.0
H0020_P001_202510,H0020,P001,2025-10-01,1,3,66,22.0
H0020_P001_202511,H0020,P001,2025-11-01,1,2,100,50.0
H0020_P001_202512,H0020,P001,2025-12-01,1,2,88,44.0
H0020_P002_202510,H0020,P002,2025-10-01,1,2,52,26.0
H0020_P002_202512,H0020,P002,2025-12-01,1,2,50,25.0
H0020_P002_202602,H0020,P002,2026-02-01,1,1,50,50.0
H0020_P003_202506,H0020,P003,2025-06-01,1,1,47,47.0
H0020_P003_202507,H0020,P003,2025-07-01,1,4,132,33.0
H0020_P003_202508,H0020,P003,2025-08-01,1,3,60,20.0
H0020_P003_202509,H0020,P003,2025-09-01,1,2,74,37.0
H0020_P003_202510,H0020,P003,2025-10-01,1,2,78,39.0
H0020_P003_202511,H0020,P003,2025-11-01,1,1,52,52.0
H0020_P003_202512,H0020,P003,2025-12-01,1,3,96,32.0
H0020_P003_202601,H0020,P003,2026-01-01,1,3,165,55.0
H0020_P003_202602,H0020,P003,2026-02-01,1,4,148,37.0
H0020_P003_202603,H0020,P003,2026-03-01,1,6,306,51.0
H0020_P004_202506,H0020,P004,2025-06-01,1,1,24,24.0
H0020_P004_202507,H0020,P004,2025-07-01,1,1,26,26.0
H0020_P004_202508,H0020,P004,2025-08-01,1,1,41,41.0
H0020_P004_202511,H0020,P004,2025-11-01,1,3,108,36.0
H0020_P004_202512,H0020,P004,2025-12-01,1,4,212,53.0
H0020_P004_202601,H0020,P004,2026-01-01,1,4,228,57.0
H0020_P005_202506,H0020,P005,2025-06-01,1,2,120,60.0
H0020_P005_202507,H0020,P005,2025-07-01,1,2,110,55.0
H0020_P005_202508,H0020,P005,2025-08-01,1,1,26,26.0
H0020_P005_202510,H0020,P005,2025-10-01,1,2,82,41.0
H0020_P005_202511,H0020,P005,2025-11-01,1,2,82,41.0
H0020_P005_202601,H0020,P005,2026-01-01,1,1,48,48.0
H0020_P005_202602,H0020,P005,2026-02-01,1,1,55,55.0
H0021_P001_202506,H0021,P001,2025-06-01,1,1,23,23.0
H0021_P001_202509,H0021,P001,2025-09-01,1,1,32,32.0
H0021_P001_202601,H0021,P001,2026-01-01,1,1,32,32.0
H0021_P002_202506,H0021,P002,2025-06-01,1,2,106,53.0
H0021_P002_202507,H0021,P002,2025-07-01,1,1,21,21.0
H0021_P002_202508,H0021,P002,2025-08-01,1,2,78,39.0
H0021_P002_202510,H0021,P002,2025-10-01,1,1,47,47.0
H0021_P002_202511,H0021,P002,2025-11-01,1,1,43,43.0
H0021_P002_202512,H0021,P002,2025-12-01,1,2,110,55.0
H0021_P002_202601,H0021,P002,2026-01-01,1,2,88,44.0
H0021_P002_202602,H0021,P002,2026-02-01,1,1,37,37.0
H0021_P002_202603,H0021,P002,2026-03-01,1,1,21,21.0
H0021_P003_202506,H0021,P003,2025-06-01,1,1,40,40.0
H0021_P003_202508,H0021,P003,2025-08-01,1,3,90,30.0
H0021_P003_202509,H0021,P003,2025-09-01,1,3,93,31.0
H0021_P003_202511,H0021,P003,2025-11-01,1,5,145,29.0
H0021_P003_202601,H0021,P003,2026-01-01,1,6,228,38.0
H0021_P004_202603,H0021,P004,2026-03-01,1,1,54,54.0
H0021_P005_202506,H0021,P005,2025-06-01,1,1,46,46.0
H0021_P005_202508,H0021,P005,2025-08-01,1,1,28,28.0
H0021_P005_202509,H0021,P005,2025-09-01,1,2,80,40.0
H0021_P005_202510,H0021,P005,2025-10-01,1,1,31,31.0
H0021_P005_202511,H0021,P005,2025-11-01,1,1,45,45.0
H0021_P005_202512,H0021,P005,2025-12-01,1,2,100,50.0
H0021_P005_202602,H0021,P005,2026-02-01,1,1,42,42.0
H0021_P005_202603,H0021,P005,2026-03-01,1,3,99,33.0
H0022_P003_202509,H0022,P003,2025-09-01,1,1,24,24.0
H0022_P003_202512,H0022,P003,2025-12-01,1,1,35,35.0
H0022_P003_202601,H0022,P003,2026-01-01,1,2,102,51.0
H0022_P004_202507,H0022,P004,2025-07-01,1,1,23,23.0
H0022_P004_202509,H0022,P004,2025-09-01,1,1,25,25.0
H0022_P004_202510,H0022,P004,2025-10-01,1,1,25,25.0
H0023_P001_202506,H0023,P001,2025-06-01,1,5,105,21.0
H0023_P001_202507,H0023,P001,2025-07-01,1,11,528,48.0
H0023_P001_202508,H0023,P001,2025-08-01,1,5,130,26.0
H0023_P001_202509,H0023,P001,2025-09-01,1,6,342,57.0
H0023_P001_202510,H0023,P001,2025-10-01,1,4,188,47.0
H0023_P001_202511,H0023,P001,2025-11-01,1,9,504,56.0
H0023_P001_202512,H0023,P001,2025-12-01,1,13,338,26.0
H0023_P001_202601,H0023,P001,2026-01-01,1,6,222,37.0
H0023_P001_202602,H0023,P001,2026-02-01,1,2,44,22.0
H0023_P001_202603,H0023,P001,2026-03-01,1,5,275,55.0
H0023_P002_202506,H0023,P002,2025-06-01,1,1,44,44.0
H0023_P002_202507,H0023,P002,2025-07-01,1,2,76,38.0
H0023_P002_202508,H0023,P002,2025-08-01,1,1,41,41.0
H0023_P002_202509,H0023,P002,2025-09-01,1,2,80,40.0
H0023_P002_202511,H0023,P002,2025-11-01,1,1,20,20.0
H0023_P002_202602,H0023,P002,2026-02-01,1,1,48,48.0
H0023_P003_202506,H0023,P003,2025-06-01,1,1,53,53.0
H0023_P003_202507,H0023,P003,2025-07-01,1,1,27,27.0
H0023_P003_202508,H0023,P003,2025-08-01,1,1,52,52.0
H0023_P003_202509,H0023,P003,2025-09-01,1,1,48,48.0
H0023_P003_202511,H0023,P003,2025-11-01,1,2,76,38.0
H0023_P003_202601,H0023,P003,2026-01-01,1,4,100,25.0
H0023_P003_202602,H0023,P003,2026-02-01,1,2,98,49.0
H0023_P004_202506,H0023,P004,2025-06-01,1,3,147,49.0
H0023_P004_202507,H0023,P004,2025-07-01,1,3,117,39.0
H0023_P004_202508,H0023,P004,2025-08-01,1,2,68,34.0
H0023_P004_202509,H0023,P004,2025-09-01,1,1,56,56.0
H0023_P004_202510,H0023,P004,2025-10-01,1,3,156,52.0
H0023_P004_202511,H0023,P004,2025-11-01,1,2,54,27.0
H0023_P004_202512,H0023,P004,2025-12-01,1,4,88,22.0
H0023_P004_202601,H0023,P004,2026-01-01,1,2,46,23.0
H0023_P004_202602,H0023,P004,2026-02-01,1,2,78,39.0
H0023_P004_202603,H0023,P004,2026-03-01,1,2,46,23.0
H0023_P005_202506,H0023,P005,2025-06-01,1,1,33,33.0
H0023_P005_202507,H0023,P005,2025-07-01,1,1,26,26.0
H0023_P005_202508,H0023,P005,2025-08-01,1,3,69,23.0
H0023_P005_202509,H0023,P005,2025-09-01,1,2,48,24.0
H0023_P005_202510,H0023,P005,2025-10-01,1,2,52,26.0
H0023_P005_202511,H0023,P005,2025-11-01,1,1,37,37.0
H0023_P005_202512,H0023,P005,2025-12-01,1,2,110,55.0
H0023_P005_202602,H0023,P005,2026-02-01,1,1,53,53.0
H0024_P001_202506,H0024,P001,2025-06-01,1,2,88,44.0
H0024_P001_202507,H0024,P001,2025-07-01,1,2,114,57.0
H0024_P001_202508,H0024,P001,2025-08-01,1,4,88,22.0
H0024_P001_202509,H0024,P001,2025-09-01,1,2,48,24.0
H0024_P001_202510,H0024,P001,2025-10-01,1,3,96,32.0
H0024_P001_202511,H0024,P001,2025-11-01,1,4,92,23.0
H0024_P001_202512,H0024,P001,2025-12-01,1,2,66,33.0
H0024_P001_202601,H0024,P001,2026-01-01,1,2,118,59.0
H0024_P001_202602,H0024,P001,2026-02-01,1,3,96,32.0
H0024_P001_202603,H0024,P001,2026-03-01,1,2,66,33.0
H0024_P002_202506,H0024,P002,2025-06-01,1,11,275,25.0
H0024_P002_202507,H0024,P002,2025-07-01,1,13,403,31.0
H0024_P002_202508,H0024,P002,2025-08-01,1,7,154,22.0
H0024_P002_202509,H0024,P002,2025-09-01,1,5,250,50.0
H0024_P002_202510,H0024,P002,2025-10-01,1,7,252,36.0
H0024_P002_202511,H0024,P002,2025-11-01,1,11,297,27.0
H0024_P002_202512,H0024,P002,2025-12-01,1,7,182,26.0
H0024_P002_202601,H0024,P002,2026-01-01,1,5,160,32.0
H0024_P002_202602,H0024,P002,2026-02-01,1,5,140,28.0
H0024_P002_202603,H0024,P002,2026-03-01,1,9,477,53.0
H0024_P003_202506,H0024,P003,2025-06-01,1,12,552,46.0
H0024_P003_202507,H0024,P003,2025-07-01,1,6,216,36.0
H0024_P003_202508,H0024,P003,2025-08-01,1,10,280,28.0
H0024_P003_202509,H0024,P003,2025-09-01,1,5,115,23.0
H0024_P003_202510,H0024,P003,2025-10-01,1,7,140,20.0
H0024_P003_202511,H0024,P003,2025-11-01,1,8,456,57.0
H0024_P003_202512,H0024,P003,2025-12-01,1,9,378,42.0
H0024_P003_202601,H0024,P003,2026-01-01,1,10,280,28.0
H0024_P003_202602,H0024,P003,2026-02-01,1,7,413,59.0
H0024_P003_202603,H0024,P003,2026-03-01,1,8,352,44.0
H0024_P004_202506,H0024,P004,2025-06-01,1,4,180,45.0
H0024_P004_202507,H0024,P004,2025-07-01,1,6,342,57.0
H0024_P004_202508,H0024,P004,2025-08-01,1,4,112,28.0
H0024_P004_202509,H0024,P004,2025-09-01,1,2,100,50.0
H0024_P004_202510,H0024,P004,2025-10-01,1,6,240,40.0
H0024_P004_202511,H0024,P004,2025-11-01,1,1,35,35.0
H0024_P004_202512,H0024,P004,2025-12-01,1,2,72,36.0
H0024_P004_202601,H0024,P004,2026-01-01,1,6,330,55.0
H0024_P004_202602,H0024,P004,2026-02-01,1,5,135,27.0
H0024_P004_202603,H0024,P004,2026-03-01,1,4,132,33.0
H0024_P005_202506,H0024,P005,2025-06-01,1,6,312,52.0
H0024_P005_202507,H0024,P005,2025-07-01,1,8,320,40.0
H0024_P005_202508,H0024,P005,2025-08-01,1,15,540,36.0
H0024_P005_202509,H0024,P005,2025-09-01,1,13,559,43.0
H0024_P005_202510,H0024,P005,2025-10-01,1,9,378,42.0
H0024_P005_202511,H0024,P005,2025-11-01,1,13,273,21.0
H0024_P005_202512,H0024,P005,2025-12-01,1,3,90,30.0
H0024_P005_202601,H0024,P005,2026-01-01,1,12,516,43.0
H0024_P005_202602,H0024,P005,2026-02-01,1,6,294,49.0
H0024_P005_202603,H0024,P005,2026-03-01,1,10,240,24.0
H0025_P001_202507,H0025,P001,2025-07-01,1,2,52,26.0
H0025_P001_202509,H0025,P001,2025-09-01,1,1,37,37.0
H0025_P001_202510,H0025,P001,2025-10-01,1,3,132,44.0
H0025_P001_202512,H0025,P001,2025-12-01,1,1,29,29.0
H0025_P001_202603,H0025,P001,2026-03-01,1,3,72,24.0
H0025_P002_202506,H0025,P002,2025-06-01,1,1,44,44.0
H0025_P002_202507,H0025,P002,2025-07-01,1,2,114,57.0
H0025_P002_202508,H0025,P002,2025-08-01,1,1,46,46.0
H0025_P002_202509,H0025,P002,2025-09-01,1,2,114,57.0
H0025_P002_202510,H0025,P002,2025-10-01,1,1,24,24.0
H0025_P002_202602,H0025,P002,2026-02-01,1,3,123,41.0
H0025_P002_202603,H0025,P002,2026-03-01,1,1,60,60.0
H0025_P003_202507,H0025,P003,2025-07-01,1,3,60,20.0
H0025_P003_202508,H0025,P003,2025-08-01,1,1,39,39.0
H0025_P003_202509,H0025,P003,2025-09-01,1,2,114,57.0
H0025_P003_202510,H0025,P003,2025-10-01,1,2,62,31.0
H0025_P003_202511,H0025,P003,2025-11-01,1,2,110,55.0
H0025_P003_202512,H0025,P003,2025-12-01,1,2,90,45.0
H0025_P003_202601,H0025,P003,2026-01-01,1,1,60,60.0
H0025_P003_202602,H0025,P003,2026-02-01,1,1,49,49.0
H0025_P004_202506,H0025,P004,2025-06-01,1,3,66,22.0
H0025_P004_202507,H0025,P004,2025-07-01,1,2,46,23.0
H0025_P004_202509,H0025,P004,2025-09-01,1,1,44,44.0
H0025_P004_202510,H0025,P004,2025-10-01,1,1,30,30.0
H0025_P004_202511,H0025,P004,2025-11-01,1,1,42,42.0
H0025_P004_202512,H0025,P004,2025-12-01,1,4,148,37.0
H0026_P001_202512,H0026,P001,2025-12-01,1,1,34,34.0
H0026_P001_202601,H0026,P001,2026-01-01,1,1,24,24.0
H0026_P001_202602,H0026,P001,2026-02-01,1,2,114,57.0
H0026_P001_202603,H0026,P001,2026-03-01,1,1,59,59.0
H0026_P002_202509,H0026,P002,2025-09-01,1,2,64,32.0
H0026_P002_202510,H0026,P002,2025-10-01,1,2,60,30.0
H0026_P002_202511,H0026,P002,2025-11-01,1,1,50,50.0
H0026_P002_202602,H0026,P002,2026-02-01,1,3,165,55.0
H0026_P002_202603,H0026,P002,2026-03-01,1,1,55,55.0
H0026_P003_202507,H0026,P003,2025-07-01,1,2,62,31.0
H0026_P003_202509,H0026,P003,2025-09-01,1,1,52,52.0
H0026_P003_202510,H0026,P003,2025-10-01,1,1,26,26.0
H0026_P003_202511,H0026,P003,2025-11-01,1,1,44,44.0
H0026_P004_202507,H0026,P004,2025-07-01,1,1,39,39.0
H0026_P004_202508,H0026,P004,2025-08-01,1,1,43,43.0
H0026_P004_202510,H0026,P004,2025-10-01,1,2,76,38.0
H0026_P004_202511,H0026,P004,2025-11-01,1,1,43,43.0
H0026_P004_202601,H0026,P004,2026-01-01,1,2,116,58.0
H0026_P004_202603,H0026,P004,2026-03-01,1,2,60,30.0
H0026_P005_202506,H0026,P005,2025-06-01,1,1,52,52.0
H0026_P005_202507,H0026,P005,2025-07-01,1,1,27,27.0
H0026_P005_202508,H0026,P005,2025-08-01,1,2,110,55.0
H0026_P005_202509,H0026,P005,2025-09-01,1,1,37,37.0
H0026_P005_202510,H0026,P005,2025-10-01,1,1,44,44.0
H0026_P005_202603,H0026,P005,2026-03-01,1,1,48,48.0
H0027_P001_202506,H0027,P001,2025-06-01,1,3,168,56.0
H0027_P001_202507,H0027,P001,2025-07-01,1,4,220,55.0
H0027_P001_202508,H0027,P001,2025-08-01,1,6,240,40.0
H0027_P001_202509,H0027,P001,2025-09-01,1,6,348,58.0
H0027_P001_202510,H0027,P001,2025-10-01,1,6,324,54.0
H0027_P001_202511,H0027,P001,2025-11-01,1,2,72,36.0
H0027_P001_202512,H0027,P001,2025-12-01,1,1,27,27.0
H0027_P001_202601,H0027,P001,2026-01-01,1,4,80,20.0
H0027_P001_202602,H0027,P001,2026-02-01,1,3,150,50.0
H0027_P001_202603,H0027,P001,2026-03-01,1,1,45,45.0
H0027_P002_202506,H0027,P002,2025-06-01,1,10,530,53.0
H0027_P002_202507,H0027,P002,2025-07-01,1,5,290,58.0
H0027_P002_202508,H0027,P002,2025-08-01,1,5,230,46.0
H0027_P002_202509,H0027,P002,2025-09-01,1,11,583,53.0
H0027_P002_202510,H0027,P002,2025-10-01,1,6,138,23.0
H0027_P002_202511,H0027,P002,2025-11-01,1,11,484,44.0
H0027_P002_202512,H0027,P002,2025-12-01,1,9,396,44.0
H0027_P002_202601,H0027,P002,2026-01-01,1,9,423,47.0
H0027_P002_202602,H0027,P002,2026-02-01,1,5,235,47.0
H0027_P002_202603,H0027,P002,2026-03-01,1,13,442,34.0
H0027_P003_202506,H0027,P003,2025-06-01,1,5,220,44.0
H0027_P003_202507,H0027,P003,2025-07-01,1,3,120,40.0
H0027_P003_202509,H0027,P003,2025-09-01,1,2,114,57.0
H0027_P003_202510,H0027,P003,2025-10-01,1,1,42,42.0
H0027_P003_202511,H0027,P003,2025-11-01,1,3,135,45.0
H0027_P003_202512,H0027,P003,2025-12-01,1,4,232,58.0
H0027_P003_202601,H0027,P003,2026-01-01,1,3,60,20.0
H0027_P003_202602,H0027,P003,2026-02-01,1,6,264,44.0
H0027_P003_202603,H0027,P003,2026-03-01,1,2,86,43.0
H0027_P004_202506,H0027,P004,2025-06-01,1,6,204,34.0
H0027_P004_202507,H0027,P004,2025-07-01,1,4,208,52.0
H0027_P004_202508,H0027,P004,2025-08-01,1,2,66,33.0
H0027_P004_202509,H0027,P004,2025-09-01,1,2,88,44.0
H0027_P004_202510,H0027,P004,2025-10-01,1,2,70,35.0
H0027_P004_202511,H0027,P004,2025-11-01,1,2,80,40.0
H0027_P004_202512,H0027,P004,2025-12-01,1,3,129,43.0
H0027_P004_202601,H0027,P004,2026-01-01,1,9,504,56.0
H0027_P004_202602,H0027,P004,2026-02-01,1,2,118,59.0
H0027_P004_202603,H0027,P004,2026-03-01,1,4,216,54.0
H0027_P005_202506,H0027,P005,2025-06-01,1,3,180,60.0
H0027_P005_202508,H0027,P005,2025-08-01,1,1,56,56.0
H0027_P005_202509,H0027,P005,2025-09-01,1,2,94,47.0
H0027_P005_202510,H0027,P005,2025-10-01,1,2,120,60.0
H0028_P001_202508,H0028,P001,2025-08-01,1,1,25,25.0
H0028_P001_202511,H0028,P001,2025-11-01,1,1,20,20.0
H0028_P001_202512,H0028,P001,2025-12-01,1,1,21,21.0
H0028_P001_202601,H0028,P001,2026-01-01,1,1,25,25.0
H0028_P002_202506,H0028,P002,2025-06-01,1,2,40,20.0
H0028_P002_202507,H0028,P002,2025-07-01,1,3,132,44.0
H0028_P002_202508,H0028,P002,2025-08-01,1,3,132,44.0
H0028_P002_202509,H0028,P002,2025-09-01,1,1,20,20.0
H0028_P002_202510,H0028,P002,2025-10-01,1,2,102,51.0
H0028_P002_202511,H0028,P002,2025-11-01,1,1,28,28.0
H0028_P002_202512,H0028,P002,2025-12-01,1,3,156,52.0
H0028_P002_202601,H0028,P002,2026-01-01,1,1,50,50.0
H0028_P002_202602,H0028,P002,2026-02-01,1,4,164,41.0
H0028_P003_202507,H0028,P003,2025-07-01,1,3,114,38.0
H0028_P003_202508,H0028,P003,2025-08-01,1,1,55,55.0
H0028_P003_202509,H0028,P003,2025-09-01,1,1,34,34.0
H0028_P003_202511,H0028,P003,2025-11-01,1,1,60,60.0
H0028_P003_202512,H0028,P003,2025-12-01,1,1,21,21.0
H0028_P003_202601,H0028,P003,2026-01-01,1,1,39,39.0
H0028_P004_202507,H0028,P004,2025-07-01,1,2,116,58.0
H0028_P004_202509,H0028,P004,2025-09-01,1,2,92,46.0
H0028_P004_202510,H0028,P004,2025-10-01,1,3,114,38.0
H0028_P004_202602,H0028,P004,2026-02-01,1,1,25,25.0
H0028_P004_202603,H0028,P004,2026-03-01,1,2,80,40.0
H0028_P005_202506,H0028,P005,2025-06-01,1,5,205,41.0
H0028_P005_202507,H0028,P005,2025-07-01,1,6,270,45.0
H0028_P005_202508,H0028,P005,2025-08-01,1,1,28,28.0
H0028_P005_202509,H0028,P005,2025-09-01,1,10,260,26.0
H0028_P005_202510,H0028,P005,2025-10-01,1,6,342,57.0
H0028_P005_202511,H0028,P005,2025-11-01,1,3,69,23.0
H0028_P005_202512,H0028,P005,2025-12-01,1,3,174,58.0
H0028_P005_202601,H0028,P005,2026-01-01,1,3,105,35.0
H0028_P005_202602,H0028,P005,2026-02-01,1,8,304,38.0
H0028_P005_202603,H0028,P005,2026-03-01,1,7,273,39.0
H0029_P001_202506,H0029,P001,2025-06-01,1,1,25,25.0
H0029_P001_202508,H0029,P001,2025-08-01,1,1,51,51.0
H0029_P001_202509,H0029,P001,2025-09-01,1,2,72,36.0
H0029_P001_202510,H0029,P001,2025-10-01,1,2,72,36.0
H0029_P001_202511,H0029,P001,2025-11-01,1,2,56,28.0
H0029_P001_202512,H0029,P001,2025-12-01,1,2,110,55.0
H0029_P001_202601,H0029,P001,2026-01-01,1,2,104,52.0
H0029_P001_202603,H0029,P001,2026-03-01,1,2,62,31.0
H0029_P002_202506,H0029,P002,2025-06-01,1,6,210,35.0
H0029_P002_202507,H0029,P002,2025-07-01,1,6,150,25.0
H0029_P002_202508,H0029,P002,2025-08-01,1,6,294,49.0
H0029_P002_202509,H0029,P002,2025-09-01,1,1,41,41.0
H0029_P002_202510,H0029,P002,2025-10-01,1,4,88,22.0
H0029_P002_202511,H0029,P002,2025-11-01,1,8,480,60.0
H0029_P002_202512,H0029,P002,2025-12-01,1,1,57,57.0
H0029_P002_202601,H0029,P002,2026-01-01,1,1,20,20.0
H0029_P002_202602,H0029,P002,2026-02-01,1,2,108,54.0
H0029_P002_202603,H0029,P002,2026-03-01,1,3,60,20.0
H0029_P003_202506,H0029,P003,2025-06-01,1,1,22,22.0
H0029_P003_202507,H0029,P003,2025-07-01,1,3,60,20.0
H0029_P003_202508,H0029,P003,2025-08-01,1,1,41,41.0
H0029_P003_202509,H0029,P003,2025-09-01,1,2,44,22.0
H0029_P003_202510,H0029,P003,2025-10-01,1,3,69,23.0
H0029_P003_202602,H0029,P003,2026-02-01,1,1,60,60.0
H0029_P003_202603,H0029,P003,2026-03-01,1,2,62,31.0
H0029_P004_202506,H0029,P004,2025-06-01,1,9,297,33.0
H0029_P004_202507,H0029,P004,2025-07-01,1,5,175,35.0
H0029_P004_202508,H0029,P004,2025-08-01,1,7,175,25.0
H0029_P004_202509,H0029,P004,2025-09-01,1,8,256,32.0
H0029_P004_202510,H0029,P004,2025-10-01,1,4,124,31.0
H0029_P004_202511,H0029,P004,2025-11-01,1,3,93,31.0
H0029_P004_202512,H0029,P004,2025-12-01,1,5,205,41.0
H0029_P004_202601,H0029,P004,2026-01-01,1,8,328,41.0
H0029_P004_202602,H0029,P004,2026-02-01,1,10,490,49.0
H0029_P004_202603,H0029,P004,2026-03-01,1,9,189,21.0
H0029_P005_202506,H0029,P005,2025-06-01,1,4,88,22.0
H0029_P005_202507,H0029,P005,2025-07-01,1,4,224,56.0
H0029_P005_202508,H0029,P005,2025-08-01,1,10,380,38.0
H0029_P005_202509,H0029,P005,2025-09-01,1,5,100,20.0
H0029_P005_202510,H0029,P005,2025-10-01,1,10,590,59.0
H0029_P005_202511,H0029,P005,2025-11-01,1,6,234,39.0
H0029_P005_202512,H0029,P005,2025-12-01,1,9,477,53.0
H0029_P005_202601,H0029,P005,2026-01-01,1,4,232,58.0
H0029_P005_202602,H0029,P005,2026-02-01,1,3,123,41.0
H0029_P005_202603,H0029,P005,2026-03-01,1,3,117,39.0
H0030_P001_202507,H0030,P001,2025-07-01,1,1,31,31.0
H0030_P001_202512,H0030,P001,2025-12-01,1,1,45,45.0
H0030_P001_202601,H0030,P001,2026-01-01,1,1,39,39.0
H0030_P002_202508,H0030,P002,2025-08-01,1,1,53,53.0
H0030_P002_202509,H0030,P002,2025-09-01,1,1,34,34.0
H0030_P002_202602,H0030,P002,2026-02-01,1,1,55,55.0
H0030_P002_202603,H0030,P002,2026-03-01,1,1,34,34.0
H0030_P003_202510,H0030,P003,2025-10-01,1,1,45,45.0
H0030_P003_202603,H0030,P003,2026-03-01,1,1,25,25.0
H0030_P004_202506,H0030,P004,2025-06-01,1,1,31,31.0
H0030_P004_202507,H0030,P004,2025-07-01,1,2,84,42.0
H0030_P004_202508,H0030,P004,2025-08-01,1,2,50,25.0
H0030_P004_202509,H0030,P004,2025-09-01,1,1,57,57.0
H0030_P004_202512,H0030,P004,2025-12-01,1,1,26,26.0
H0030_P004_202601,H0030,P004,2026-01-01,1,4,204,51.0
H0030_P004_202602,H0030,P004,2026-02-01,1,2,80,40.0
H0030_P004_202603,H0030,P004,2026-03-01,1,1,45,45.0
H0030_P005_202508,H0030,P005,2025-08-01,1,1,60,60.0
H0030_P005_202509,H0030,P005,2025-09-01,1,1,26,26.0
H0030_P005_202510,H0030,P005,2025-10-01,1,1,46,46.0
H0030_P005_202511,H0030,P005,2025-11-01,1,1,28,28.0
H0030_P005_202601,H0030,P005,2026-01-01,1,1,59,59.0
H0031_P001_202506,H0031,P001,2025-06-01,1,1,31,31.0
H0031_P001_202509,H0031,P001,2025-09-01,1,1,33,33.0
H0031_P001_202510,H0031,P001,2025-10-01,1,2,106,53.0
H0031_P001_202512,H0031,P001,2025-12-01,1,1,29,29.0
H0031_P001_202601,H0031,P001,2026-01-01,1,1,38,38.0
H0031_P001_202603,H0031,P001,2026-03-01,1,2,68,34.0
H0031_P003_202508,H0031,P003,2025-08-01,1,1,54,54.0
H0031_P003_202509,H0031,P003,2025-09-01,1,1,34,34.0
H0031_P003_202512,H0031,P003,2025-12-01,1,1,46,46.0
H0031_P003_202601,H0031,P003,2026-01-01,1,2,68,34.0
H0031_P004_202507,H0031,P004,2025-07-01,1,1,39,39.0
H0031_P004_202508,H0031,P004,2025-08-01,1,5,280,56.0
H0031_P004_202509,H0031,P004,2025-09-01,1,2,66,33.0
H0031_P004_202511,H0031,P004,2025-11-01,1,4,140,35.0
H0031_P004_202512,H0031,P004,2025-12-01,1,1,59,59.0
H0031_P004_202601,H0031,P004,2026-01-01,1,3,177,59.0
H0031_P004_202602,H0031,P004,2026-02-01,1,3,102,34.0
H0031_P004_202603,H0031,P004,2026-03-01,1,1,39,39.0
H0032_P001_202506,H0032,P001,2025-06-01,1,6,294,49.0
H0032_P001_202507,H0032,P001,2025-07-01,1,2,42,21.0
H0032_P001_202508,H0032,P001,2025-08-01,1,4,108,27.0
H0032_P001_202509,H0032,P001,2025-09-01,1,2,72,36.0
H0032_P001_202510,H0032,P001,2025-10-01,1,2,40,20.0
H0032_P001_202511,H0032,P001,2025-11-01,1,3,147,49.0
H0032_P001_202512,H0032,P001,2025-12-01,1,2,70,35.0
H0032_P001_202601,H0032,P001,2026-01-01,1,3,165,55.0
H0032_P001_202602,H0032,P001,2026-02-01,1,5,240,48.0
H0032_P001_202603,H0032,P001,2026-03-01,1,3,156,52.0
H0032_P002_202508,H0032,P002,2025-08-01,1,1,20,20.0
H0032_P002_202509,H0032,P002,2025-09-01,1,1,57,57.0
H0032_P002_202601,H0032,P002,2026-01-01,1,1,48,48.0
H0032_P002_202603,H0032,P002,2026-03-01,1,1,24,24.0
H0032_P003_202506,H0032,P003,2025-06-01,1,2,74,37.0
H0032_P003_202507,H0032,P003,2025-07-01,1,1,51,51.0
H0032_P003_202508,H0032,P003,2025-08-01,1,1,56,56.0
H0032_P003_202511,H0032,P003,2025-11-01,1,2,48,24.0
H0032_P003_202512,H0032,P003,2025-12-01,1,1,39,39.0
H0032_P004_202507,H0032,P004,2025-07-01,1,1,47,47.0
H0032_P004_202508,H0032,P004,2025-08-01,1,1,22,22.0
H0032_P004_202510,H0032,P004,2025-10-01,1,1,21,21.0
H0032_P004_202511,H0032,P004,2025-11-01,1,2,100,50.0
H0032_P004_202601,H0032,P004,2026-01-01,1,2,48,24.0
H0032_P004_202602,H0032,P004,2026-02-01,1,1,57,57.0
H0032_P004_202603,H0032,P004,2026-03-01,1,3,117,39.0
H0034_P001_202506,H0034,P001,2025-06-01,1,6,186,31.0
H0034_P001_202507,H0034,P001,2025-07-01,1,4,176,44.0
H0034_P001_202508,H0034,P001,2025-08-01,1,5,300,60.0
H0034_P001_202509,H0034,P001,2025-09-01,1,2,46,23.0
H0034_P001_202510,H0034,P001,2025-10-01,1,5,195,39.0
H0034_P001_202511,H0034,P001,2025-11-01,1,4,144,36.0
H0034_P001_202601,H0034,P001,2026-01-01,1,1,35,35.0
H0034_P001_202602,H0034,P001,2026-02-01,1,6,186,31.0
H0034_P001_202603,H0034,P001,2026-03-01,1,1,42,42.0
H0034_P002_202507,H0034,P002,2025-07-01,1,1,50,50.0
H0034_P002_202508,H0034,P002,2025-08-01,1,3,63,21.0
H0034_P002_202509,H0034,P002,2025-09-01,1,1,29,29.0
H0034_P002_202510,H0034,P002,2025-10-01,1,1,52,52.0
H0034_P002_202511,H0034,P002,2025-11-01,1,2,108,54.0
H0034_P002_202512,H0034,P002,2025-12-01,1,1,49,49.0
H0034_P002_202601,H0034,P002,2026-01-01,1,1,42,42.0
H0034_P002_202602,H0034,P002,2026-02-01,1,3,156,52.0
H0034_P003_202506,H0034,P003,2025-06-01,1,3,111,37.0
H0034_P003_202507,H0034,P003,2025-07-01,1,2,78,39.0
H0034_P003_202508,H0034,P003,2025-08-01,1,1,49,49.0
H0034_P003_202509,H0034,P003,2025-09-01,1,6,282,47.0
H0034_P003_202510,H0034,P003,2025-10-01,1,3,90,30.0
H0034_P003_202511,H0034,P003,2025-11-01,1,2,120,60.0
H0034_P003_202512,H0034,P003,2025-12-01,1,2,62,31.0
H0034_P003_202601,H0034,P003,2026-01-01,1,1,35,35.0
H0034_P003_202602,H0034,P003,2026-02-01,1,4,216,54.0
H0034_P003_202603,H0034,P003,2026-03-01,1,5,135,27.0
H0034_P004_202506,H0034,P004,2025-06-01,1,2,88,44.0
H0034_P004_202507,H0034,P004,2025-07-01,1,1,42,42.0
H0034_P004_202508,H0034,P004,2025-08-01,1,1,21,21.0
H0034_P004_202509,H0034,P004,2025-09-01,1,1,53,53.0
H0034_P004_202510,H0034,P004,2025-10-01,1,3,117,39.0
H0034_P004_202511,H0034,P004,2025-11-01,1,3,159,53.0
H0034_P004_202512,H0034,P004,2025-12-01,1,1,23,23.0
H0034_P004_202602,H0034,P004,2026-02-01,1,2,50,25.0
H0034_P004_202603,H0034,P004,2026-03-01,1,2,118,59.0
H0034_P005_202506,H0034,P005,2025-06-01,1,4,216,54.0
H0034_P005_202507,H0034,P005,2025-07-01,1,1,59,59.0
H0034_P005_202509,H0034,P005,2025-09-01,1,2,78,39.0
H0034_P005_202511,H0034,P005,2025-11-01,1,1,39,39.0
H0034_P005_202512,H0034,P005,2025-12-01,1,2,118,59.0
H0034_P005_202602,H0034,P005,2026-02-01,1,1,22,22.0
H0034_P005_202603,H0034,P005,2026-03-01,1,2,116,58.0
H0035_P001_202506,H0035,P001,2025-06-01,1,1,57,57.0
H0035_P001_202508,H0035,P001,2025-08-01,1,1,44,44.0
H0035_P001_202509,H0035,P001,2025-09-01,1,1,29,29.0
H0035_P001_202510,H0035,P001,2025-10-01,1,2,60,30.0
H0035_P001_202511,H0035,P001,2025-11-01,1,1,55,55.0
H0035_P001_202512,H0035,P001,2025-12-01,1,1,41,41.0
H0035_P001_202601,H0035,P001,2026-01-01,1,2,76,38.0
H0035_P001_202602,H0035,P001,2026-02-01,1,2,42,21.0
H0035_P001_202603,H0035,P001,2026-03-01,1,2,94,47.0
H0035_P002_202506,H0035,P002,2025-06-01,1,1,44,44.0
H0035_P002_202507,H0035,P002,2025-07-01,1,1,33,33.0
H0035_P002_202603,H0035,P002,2026-03-01,1,1,48,48.0
H0035_P003_202506,H0035,P003,2025-06-01,1,2,96,48.0
H0035_P003_202507,H0035,P003,2025-07-01,1,1,34,34.0
H0035_P003_202508,H0035,P003,2025-08-01,1,2,120,60.0
H0035_P003_202509,H0035,P003,2025-09-01,1,5,190,38.0
H0035_P003_202510,H0035,P003,2025-10-01,1,4,128,32.0
H0035_P003_202512,H0035,P003,2025-12-01,1,3,102,34.0
H0035_P003_202601,H0035,P003,2026-01-01,1,3,111,37.0
H0035_P003_202602,H0035,P003,2026-02-01,1,3,153,51.0
H0035_P003_202603,H0035,P003,2026-03-01,1,1,60,60.0
H0035_P004_202506,H0035,P004,2025-06-01,1,2,86,43.0
H0035_P004_202508,H0035,P004,2025-08-01,1,1,45,45.0
H0035_P004_202509,H0035,P004,2025-09-01,1,1,60,60.0
H0035_P004_202510,H0035,P004,2025-10-01,1,3,66,22.0
H0035_P004_202511,H0035,P004,2025-11-01,1,4,140,35.0
H0035_P004_202512,H0035,P004,2025-12-01,1,1,20,20.0
H0035_P004_202601,H0035,P004,2026-01-01,1,1,28,28.0
H0035_P004_202603,H0035,P004,2026-03-01,1,1,20,20.0
H0035_P005_202506,H0035,P005,2025-06-01,1,2,106,53.0
H0035_P005_202509,H0035,P005,2025-09-01,1,1,22,22.0
H0035_P005_202510,H0035,P005,2025-10-01,1,1,28,28.0
H0035_P005_202601,H0035,P005,2026-01-01,1,2,106,53.0
H0035_P005_202603,H0035,P005,2026-03-01,1,3,129,43.0
H0036_P001_202508,H0036,P001,2025-08-01,1,1,51,51.0
H0036_P002_202506,H0036,P002,2025-06-01,1,1,37,37.0
H0036_P002_202507,H0036,P002,2025-07-01,1,1,39,39.0
H0036_P002_202508,H0036,P002,2025-08-01,1,3,114,38.0
H0036_P002_202509,H0036,P002,2025-09-01,1,1,38,38.0
H0036_P002_202510,H0036,P002,2025-10-01,1,3,174,58.0
H0036_P002_202511,H0036,P002,2025-11-01,1,1,24,24.0
H0036_P002_202512,H0036,P002,2025-12-01,1,2,60,30.0
H0036_P002_202601,H0036,P002,2026-01-01,1,1,52,52.0
H0036_P002_202603,H0036,P002,2026-03-01,1,1,43,43.0
H0036_P003_202507,H0036,P003,2025-07-01,1,1,23,23.0
H0036_P003_202510,H0036,P003,2025-10-01,1,1,46,46.0
H0036_P003_202602,H0036,P003,2026-02-01,1,1,25,25.0
H0036_P004_202508,H0036,P004,2025-08-01,1,2,76,38.0
H0036_P004_202509,H0036,P004,2025-09-01,1,1,49,49.0
H0036_P004_202510,H0036,P004,2025-10-01,1,1,27,27.0
H0036_P004_202511,H0036,P004,2025-11-01,1,1,49,49.0
H0036_P004_202512,H0036,P004,2025-12-01,1,1,60,60.0
H0036_P004_202601,H0036,P004,2026-01-01,1,1,53,53.0
H0036_P005_202509,H0036,P005,2025-09-01,1,1,42,42.0
H0036_P005_202511,H0036,P005,2025-11-01,1,1,44,44.0
H0036_P005_202601,H0036,P005,2026-01-01,1,1,34,34.0
H0036_P005_202603,H0036,P005,2026-03-01,1,1,60,60.0
H0037_P001_202506,H0037,P001,2025-06-01,1,4,160,40.0
H0037_P001_202507,H0037,P001,2025-07-01,1,2,74,37.0
H0037_P001_202508,H0037,P001,2025-08-01,1,5,105,21.0
H0037_P001_202509,H0037,P001,2025-09-01,1,8,376,47.0
H0037_P001_202510,H0037,P001,2025-10-01,1,6,138,23.0
H0037_P001_202511,H0037,P001,2025-11-01,1,5,180,36.0
H0037_P001_202512,H0037,P001,2025-12-01,1,3,105,35.0
H0037_P001_202601,H0037,P001,2026-01-01,1,4,200,50.0
H0037_P001_202603,H0037,P001,2026-03-01,1,2,108,54.0
H0037_P002_202506,H0037,P002,2025-06-01,1,2,52,26.0
H0037_P002_202508,H0037,P002,2025-08-01,1,3,144,48.0
H0037_P002_202510,H0037,P002,2025-10-01,1,4,240,60.0
H0037_P002_202511,H0037,P002,2025-11-01,1,4,100,25.0
H0037_P002_202512,H0037,P002,2025-12-01,1,2,100,50.0
H0037_P002_202602,H0037,P002,2026-02-01,1,2,60,30.0
H0037_P002_202603,H0037,P002,2026-03-01,1,2,54,27.0
H0037_P003_202506,H0037,P003,2025-06-01,1,1,43,43.0
H0037_P003_202507,H0037,P003,2025-07-01,1,1,56,56.0
H0037_P003_202508,H0037,P003,2025-08-01,1,1,20,20.0
H0037_P003_202509,H0037,P003,2025-09-01,1,1,45,45.0
H0037_P003_202511,H0037,P003,2025-11-01,1,4,192,48.0
H0037_P003_202512,H0037,P003,2025-12-01,1,1,42,42.0
H0037_P003_202602,H0037,P003,2026-02-01,1,2,112,56.0
H0037_P003_202603,H0037,P003,2026-03-01,1,1,60,60.0
H0037_P004_202507,H0037,P004,2025-07-01,1,2,90,45.0
H0037_P004_202508,H0037,P004,2025-08-01,1,2,94,47.0
H0037_P004_202509,H0037,P004,2025-09-01,1,4,192,48.0
H0037_P004_202510,H0037,P004,2025-10-01,1,1,33,33.0
H0037_P004_202511,H0037,P004,2025-11-01,1,4,152,38.0
H0037_P004_202512,H0037,P004,2025-12-01,1,1,57,57.0
H0037_P004_202601,H0037,P004,2026-01-01,1,1,20,20.0
H0037_P004_202602,H0037,P004,2026-02-01,1,3,174,58.0
H0037_P004_202603,H0037,P004,2026-03-01,1,2,46,23.0
H0037_P005_202506,H0037,P005,2025-06-01,1,11,561,51.0
H0037_P005_202507,H0037,P005,2025-07-01,1,6,342,57.0
H0037_P005_202508,H0037,P005,2025-08-01,1,3,114,38.0
H0037_P005_202509,H0037,P005,2025-09-01,1,5,120,24.0
H0037_P005_202510,H0037,P005,2025-10-01,1,8,360,45.0
H0037_P005_202511,H0037,P005,2025-11-01,1,5,285,57.0
H0037_P005_202512,H0037,P005,2025-12-01,1,4,176,44.0
H0037_P005_202601,H0037,P005,2026-01-01,1,7,350,50.0
H0037_P005_202602,H0037,P005,2026-02-01,1,4,184,46.0
H0037_P005_202603,H0037,P005,2026-03-01,1,5,245,49.0
H0038_P001_202507,H0038,P001,2025-07-01,1,2,98,49.0
H0038_P001_202510,H0038,P001,2025-10-01,1,1,36,36.0
H0038_P001_202511,H0038,P001,2025-11-01,1,2,116,58.0
H0038_P001_202512,H0038,P001,2025-12-01,1,1,58,58.0
H0038_P001_202602,H0038,P001,2026-02-01,1,1,48,48.0
H0038_P002_202506,H0038,P002,2025-06-01,1,9,450,50.0
H0038_P002_202507,H0038,P002,2025-07-01,1,5,235,47.0
H0038_P002_202508,H0038,P002,2025-08-01,1,9,468,52.0
H0038_P002_202509,H0038,P002,2025-09-01,1,6,156,26.0
H0038_P002_202510,H0038,P002,2025-10-01,1,5,300,60.0
H0038_P002_202511,H0038,P002,2025-11-01,1,10,390,39.0
H0038_P002_202512,H0038,P002,2025-12-01,1,9,288,32.0
H0038_P002_202601,H0038,P002,2026-01-01,1,6,270,45.0
H0038_P002_202602,H0038,P002,2026-02-01,1,4,192,48.0
H0038_P002_202603,H0038,P002,2026-03-01,1,4,140,35.0
H0038_P003_202506,H0038,P003,2025-06-01,1,2,64,32.0
H0038_P003_202507,H0038,P003,2025-07-01,1,4,136,34.0
H0038_P003_202508,H0038,P003,2025-08-01,1,2,70,35.0
H0038_P003_202509,H0038,P003,2025-09-01,1,2,76,38.0
H0038_P003_202510,H0038,P003,2025-10-01,1,4,96,24.0
H0038_P003_202511,H0038,P003,2025-11-01,1,1,54,54.0
H0038_P003_202512,H0038,P003,2025-12-01,1,2,112,56.0
H0038_P003_202602,H0038,P003,2026-02-01,1,1,31,31.0
H0038_P003_202603,H0038,P003,2026-03-01,1,1,21,21.0
H0038_P004_202506,H0038,P004,2025-06-01,1,5,270,54.0
H0038_P004_202507,H0038,P004,2025-07-01,1,1,58,58.0
H0038_P004_202508,H0038,P004,2025-08-01,1,5,220,44.0
H0038_P004_202509,H0038,P004,2025-09-01,1,1,43,43.0
H0038_P004_202510,H0038,P004,2025-10-01,1,6,342,57.0
H0038_P004_202512,H0038,P004,2025-12-01,1,5,265,53.0
H0038_P004_202601,H0038,P004,2026-01-01,1,3,153,51.0
H0038_P004_202602,H0038,P004,2026-02-01,1,4,108,27.0
H0038_P004_202603,H0038,P004,2026-03-01,1,12,300,25.0
H0038_P005_202507,H0038,P005,2025-07-01,1,1,23,23.0
H0038_P005_202508,H0038,P005,2025-08-01,1,2,40,20.0
H0038_P005_202512,H0038,P005,2025-12-01,1,1,21,21.0
H0038_P005_202601,H0038,P005,2026-01-01,1,1,28,28.0
H0038_P005_202602,H0038,P005,2026-02-01,1,1,48,48.0
H0038_P005_202603,H0038,P005,2026-03-01,1,2,80,40.0
H0039_P001_202506,H0039,P001,2025-06-01,1,7,231,33.0
H0039_P001_202507,H0039,P001,2025-07-01,1,2,44,22.0
H0039_P001_202508,H0039,P001,2025-08-01,1,1,54,54.0
H0039_P001_202509,H0039,P001,2025-09-01,1,2,82,41.0
H0039_P001_202510,H0039,P001,2025-10-01,1,2,86,43.0
H0039_P001_202511,H0039,P001,2025-11-01,1,5,300,60.0
H0039_P001_202512,H0039,P001,2025-12-01,1,3,180,60.0
H0039_P001_202601,H0039,P001,2026-01-01,1,1,55,55.0
H0039_P001_202603,H0039,P001,2026-03-01,1,1,36,36.0
H0039_P002_202506,H0039,P002,2025-06-01,1,2,60,30.0
H0039_P002_202507,H0039,P002,2025-07-01,1,1,53,53.0
H0039_P002_202508,H0039,P002,2025-08-01,1,3,132,44.0
H0039_P002_202509,H0039,P002,2025-09-01,1,5,215,43.0
H0039_P002_202510,H0039,P002,2025-10-01,1,1,26,26.0
H0039_P002_202511,H0039,P002,2025-11-01,1,2,82,41.0
H0039_P002_202512,H0039,P002,2025-12-01,1,5,275,55.0
H0039_P002_202601,H0039,P002,2026-01-01,1,3,114,38.0
H0039_P002_202602,H0039,P002,2026-02-01,1,1,27,27.0
H0039_P002_202603,H0039,P002,2026-03-01,1,5,280,56.0
H0039_P003_202506,H0039,P003,2025-06-01,1,1,43,43.0
H0039_P003_202508,H0039,P003,2025-08-01,1,1,26,26.0
H0039_P003_202510,H0039,P003,2025-10-01,1,3,147,49.0
H0039_P003_202511,H0039,P003,2025-11-01,1,1,28,28.0
H0039_P003_202512,H0039,P003,2025-12-01,1,2,40,20.0
H0039_P003_202601,H0039,P003,2026-01-01,1,2,50,25.0
H0039_P003_202602,H0039,P003,2026-02-01,1,1,32,32.0
H0039_P003_202603,H0039,P003,2026-03-01,1,1,40,40.0
H0039_P004_202506,H0039,P004,2025-06-01,1,2,46,23.0
H0039_P004_202507,H0039,P004,2025-07-01,1,2,96,48.0
H0039_P004_202508,H0039,P004,2025-08-01,1,2,52,26.0
H0039_P004_202509,H0039,P004,2025-09-01,1,3,105,35.0
H0039_P004_202510,H0039,P004,2025-10-01,1,2,52,26.0
H0039_P004_202511,H0039,P004,2025-11-01,1,4,140,35.0
H0039_P004_202512,H0039,P004,2025-12-01,1,3,60,20.0
H0039_P004_202601,H0039,P004,2026-01-01,1,2,112,56.0
H0039_P004_202602,H0039,P004,2026-02-01,1,4,148,37.0
H0039_P004_202603,H0039,P004,2026-03-01,1,7,329,47.0
H0039_P005_202506,H0039,P005,2025-06-01,1,4,188,47.0
H0039_P005_202507,H0039,P005,2025-07-01,1,1,30,30.0
H0039_P005_202508,H0039,P005,2025-08-01,1,3,63,21.0
H0039_P005_202509,H0039,P005,2025-09-01,1,4,108,27.0
H0039_P005_202510,H0039,P005,2025-10-01,1,7,196,28.0
H0039_P005_202511,H0039,P005,2025-11-01,1,2,40,20.0
H0039_P005_202512,H0039,P005,2025-12-01,1,5,140,28.0
H0039_P005_202601,H0039,P005,2026-01-01,1,4,216,54.0
H0039_P005_202602,H0039,P005,2026-02-01,1,4,116,29.0
H0039_P005_202603,H0039,P005,2026-03-01,1,1,42,42.0
H0040_P001_202506,H0040,P001,2025-06-01,1,1,41,41.0
H0040_P002_202507,H0040,P002,2025-07-01,1,1,40,40.0
H0040_P002_202601,H0040,P002,2026-01-01,1,1,41,41.0
H0040_P002_202603,H0040,P002,2026-03-01,1,1,58,58.0
H0040_P003_202506,H0040,P003,2025-06-01,1,1,48,48.0
H0040_P003_202507,H0040,P003,2025-07-01,1,1,33,33.0
H0040_P003_202508,H0040,P003,2025-08-01,1,2,100,50.0
H0040_P003_202509,H0040,P003,2025-09-01,1,1,38,38.0
H0040_P003_202511,H0040,P003,2025-11-01,1,1,29,29.0
H0040_P003_202512,H0040,P003,2025-12-01,1,3,60,20.0
H0040_P003_202602,H0040,P003,2026-02-01,1,2,90,45.0
H0040_P003_202603,H0040,P003,2026-03-01,1,1,49,49.0
H0040_P004_202506,H0040,P004,2025-06-01,1,1,42,42.0
H0040_P004_202507,H0040,P004,2025-07-01,1,2,50,25.0
H0040_P004_202508,H0040,P004,2025-08-01,1,1,29,29.0
H0040_P004_202510,H0040,P004,2025-10-01,1,1,49,49.0
H0040_P004_202512,H0040,P004,2025-12-01,1,1,46,46.0
H0040_P004_202601,H0040,P004,2026-01-01,1,1,25,25.0
H0040_P004_202602,H0040,P004,2026-02-01,1,1,31,31.0
H0040_P005_202506,H0040,P005,2025-06-01,1,1,40,40.0
H0040_P005_202507,H0040,P005,2025-07-01,1,1,24,24.0
H0040_P005_202508,H0040,P005,2025-08-01,1,1,46,46.0
H0040_P005_202509,H0040,P005,2025-09-01,1,1,27,27.0
H0040_P005_202510,H0040,P005,2025-10-01,1,1,60,60.0
H0040_P005_202511,H0040,P005,2025-11-01,1,2,76,38.0
H0040_P005_202512,H0040,P005,2025-12-01,1,3,69,23.0
H0040_P005_202601,H0040,P005,2026-01-01,1,1,42,42.0
H0040_P005_202602,H0040,P005,2026-02-01,1,2,84,42.0
H0041_P001_202508,H0041,P001,2025-08-01,1,2,60,30.0
H0041_P001_202509,H0041,P001,2025-09-01,1,1,56,56.0
H0041_P001_202510,H0041,P001,2025-10-01,1,1,44,44.0
H0041_P001_202511,H0041,P001,2025-11-01,1,1,31,31.0
H0041_P001_202512,H0041,P001,2025-12-01,1,2,106,53.0
H0041_P001_202601,H0041,P001,2026-01-01,1,1,35,35.0
H0041_P002_202506,H0041,P002,2025-06-01,1,3,129,43.0
H0041_P002_202507,H0041,P002,2025-07-01,1,2,82,41.0
H0041_P002_202508,H0041,P002,2025-08-01,1,5,175,35.0
H0041_P002_202509,H0041,P002,2025-09-01,1,5,215,43.0
H0041_P002_202510,H0041,P002,2025-10-01,1,2,84,42.0
H0041_P002_202511,H0041,P002,2025-11-01,1,3,96,32.0
H0041_P002_202512,H0041,P002,2025-12-01,1,3,171,57.0
H0041_P002_202601,H0041,P002,2026-01-01,1,3,135,45.0
H0041_P002_202602,H0041,P002,2026-02-01,1,1,57,57.0
H0041_P002_202603,H0041,P002,2026-03-01,1,2,98,49.0
H0041_P003_202508,H0041,P003,2025-08-01,1,1,30,30.0
H0041_P003_202510,H0041,P003,2025-10-01,1,1,44,44.0
H0041_P003_202603,H0041,P003,2026-03-01,1,1,38,38.0
H0041_P004_202506,H0041,P004,2025-06-01,1,1,52,52.0
H0041_P004_202508,H0041,P004,2025-08-01,1,1,32,32.0
H0041_P004_202510,H0041,P004,2025-10-01,1,2,74,37.0
H0041_P004_202511,H0041,P004,2025-11-01,1,1,48,48.0
H0041_P004_202602,H0041,P004,2026-02-01,1,2,44,22.0
H0041_P005_202506,H0041,P005,2025-06-01,1,2,80,40.0
H0041_P005_202507,H0041,P005,2025-07-01,1,4,128,32.0
H0041_P005_202508,H0041,P005,2025-08-01,1,2,114,57.0
H0041_P005_202509,H0041,P005,2025-09-01,1,1,36,36.0
H0041_P005_202510,H0041,P005,2025-10-01,1,4,188,47.0
H0041_P005_202511,H0041,P005,2025-11-01,1,4,220,55.0
H0041_P005_202512,H0041,P005,2025-12-01,1,2,118,59.0
H0041_P005_202601,H0041,P005,2026-01-01,1,3,129,43.0
H0041_P005_202602,H0041,P005,2026-02-01,1,4,224,56.0
H0041_P005_202603,H0041,P005,2026-03-01,1,3,138,46.0
H0042_P001_202507,H0042,P001,2025-07-01,1,1,23,23.0
H0042_P001_202508,H0042,P001,2025-08-01,1,1,60,60.0
H0042_P001_202601,H0042,P001,2026-01-01,1,1,54,54.0
H0042_P001_202603,H0042,P001,2026-03-01,1,2,118,59.0
H0042_P002_202506,H0042,P002,2025-06-01,1,4,216,54.0
H0042_P002_202507,H0042,P002,2025-07-01,1,3,144,48.0
H0042_P002_202508,H0042,P002,2025-08-01,1,3,144,48.0
H0042_P002_202509,H0042,P002,2025-09-01,1,3,90,30.0
H0042_P002_202510,H0042,P002,2025-10-01,1,3,84,28.0
H0042_P002_202511,H0042,P002,2025-11-01,1,1,39,39.0
H0042_P002_202512,H0042,P002,2025-12-01,1,5,155,31.0
H0042_P002_202601,H0042,P002,2026-01-01,1,4,216,54.0
H0042_P002_202602,H0042,P002,2026-02-01,1,2,106,53.0
H0042_P002_202603,H0042,P002,2026-03-01,1,1,60,60.0
H0042_P003_202506,H0042,P003,2025-06-01,1,1,50,50.0
H0042_P003_202512,H0042,P003,2025-12-01,1,1,23,23.0
H0042_P004_202506,H0042,P004,2025-06-01,1,2,54,27.0
H0042_P004_202507,H0042,P004,2025-07-01,1,1,44,44.0
H0042_P004_202510,H0042,P004,2025-10-01,1,1,36,36.0
H0042_P004_202511,H0042,P004,2025-11-01,1,1,52,52.0
H0042_P004_202602,H0042,P004,2026-02-01,1,2,100,50.0
H0042_P004_202603,H0042,P004,2026-03-01,1,1,44,44.0
H0042_P005_202506,H0042,P005,2025-06-01,1,1,48,48.0
H0042_P005_202602,H0042,P005,2026-02-01,1,1,29,29.0
H0042_P005_202603,H0042,P005,2026-03-01,1,3,129,43.0
H0043_P001_202508,H0043,P001,2025-08-01,1,3,153,51.0
H0043_P001_202511,H0043,P001,2025-11-01,1,1,50,50.0
H0043_P001_202512,H0043,P001,2025-12-01,1,1,38,38.0
H0043_P001_202601,H0043,P001,2026-01-01,1,1,20,20.0
H0043_P001_202602,H0043,P001,2026-02-01,1,2,76,38.0
H0043_P001_202603,H0043,P001,2026-03-01,1,3,99,33.0
H0043_P002_202506,H0043,P002,2025-06-01,1,2,74,37.0
H0043_P002_202508,H0043,P002,2025-08-01,1,4,196,49.0
H0043_P002_202509,H0043,P002,2025-09-01,1,1,23,23.0
H0043_P002_202510,H0043,P002,2025-10-01,1,3,99,33.0
H0043_P002_202512,H0043,P002,2025-12-01,1,5,125,25.0
H0043_P002_202601,H0043,P002,2026-01-01,1,2,50,25.0
H0043_P002_202602,H0043,P002,2026-02-01,1,2,106,53.0
H0043_P002_202603,H0043,P002,2026-03-01,1,2,52,26.0
H0043_P003_202509,H0043,P003,2025-09-01,1,1,20,20.0
H0043_P003_202510,H0043,P003,2025-10-01,1,1,59,59.0
H0043_P003_202512,H0043,P003,2025-12-01,1,2,52,26.0
H0043_P004_202507,H0043,P004,2025-07-01,1,7,259,37.0
H0043_P004_202508,H0043,P004,2025-08-01,1,3,99,33.0
H0043_P004_202509,H0043,P004,2025-09-01,1,6,120,20.0
H0043_P004_202510,H0043,P004,2025-10-01,1,10,570,57.0
H0043_P004_202511,H0043,P004,2025-11-01,1,7,168,24.0
H0043_P004_202512,H0043,P004,2025-12-01,1,1,30,30.0
H0043_P004_202601,H0043,P004,2026-01-01,1,5,265,53.0
H0043_P004_202602,H0043,P004,2026-02-01,1,5,225,45.0
H0043_P004_202603,H0043,P004,2026-03-01,1,3,177,59.0
H0043_P005_202507,H0043,P005,2025-07-01,1,1,53,53.0
H0043_P005_202509,H0043,P005,2025-09-01,1,1,50,50.0
H0043_P005_202512,H0043,P005,2025-12-01,1,1,44,44.0
H0044_P001_202506,H0044,P001,2025-06-01,1,2,72,36.0
H0044_P001_202507,H0044,P001,2025-07-01,1,2,86,43.0
H0044_P001_202509,H0044,P001,2025-09-01,1,3,102,34.0
H0044_P001_202510,H0044,P001,2025-10-01,1,1,41,41.0
H0044_P001_202511,H0044,P001,2025-11-01,1,1,58,58.0
H0044_P001_202512,H0044,P001,2025-12-01,1,1,23,23.0
H0044_P001_202601,H0044,P001,2026-01-01,1,2,86,43.0
H0044_P001_202602,H0044,P001,2026-02-01,1,1,41,41.0
H0044_P001_202603,H0044,P001,2026-03-01,1,2,46,23.0
H0044_P002_202509,H0044,P002,2025-09-01,1,1,45,45.0
H0044_P002_202510,H0044,P002,2025-10-01,1,2,50,25.0
H0044_P002_202512,H0044,P002,2025-12-01,1,1,51,51.0
H0044_P002_202601,H0044,P002,2026-01-01,1,1,55,55.0
H0044_P002_202602,H0044,P002,2026-02-01,1,1,53,53.0
H0044_P002_202603,H0044,P002,2026-03-01,1,2,60,30.0
H0044_P003_202506,H0044,P003,2025-06-01,1,1,22,22.0
H0044_P003_202508,H0044,P003,2025-08-01,1,2,62,31.0
H0044_P003_202509,H0044,P003,2025-09-01,1,1,44,44.0
H0044_P003_202512,H0044,P003,2025-12-01,1,1,59,59.0
H0044_P003_202601,H0044,P003,2026-01-01,1,3,147,49.0
H0044_P003_202602,H0044,P003,2026-02-01,1,2,90,45.0
H0044_P003_202603,H0044,P003,2026-03-01,1,3,102,34.0
H0044_P004_202506,H0044,P004,2025-06-01,1,1,49,49.0
H0044_P004_202510,H0044,P004,2025-10-01,1,2,58,29.0
H0044_P004_202511,H0044,P004,2025-11-01,1,2,64,32.0
H0044_P004_202512,H0044,P004,2025-12-01,1,1,50,50.0
H0044_P004_202601,H0044,P004,2026-01-01,1,2,72,36.0
H0044_P004_202602,H0044,P004,2026-02-01,1,1,49,49.0
H0044_P004_202603,H0044,P004,2026-03-01,1,1,53,53.0
H0044_P005_202507,H0044,P005,2025-07-01,1,3,84,28.0
H0044_P005_202510,H0044,P005,2025-10-01,1,2,100,50.0
H0044_P005_202511,H0044,P005,2025-11-01,1,1,29,29.0
H0045_P001_202506,H0045,P001,2025-06-01,1,1,43,43.0
H0045_P001_202507,H0045,P001,2025-07-01,1,2,118,59.0
H0045_P001_202508,H0045,P001,2025-08-01,1,2,104,52.0
H0045_P001_202509,H0045,P001,2025-09-01,1,3,168,56.0
H0045_P001_202511,H0045,P001,2025-11-01,1,2,40,20.0
H0045_P001_202512,H0045,P001,2025-12-01,1,3,90,30.0
H0045_P001_202601,H0045,P001,2026-01-01,1,3,60,20.0
H0045_P001_202602,H0045,P001,2026-02-01,1,1,27,27.0
H0045_P001_202603,H0045,P001,2026-03-01,1,1,32,32.0
H0045_P002_202507,H0045,P002,2025-07-01,1,3,162,54.0
H0045_P002_202508,H0045,P002,2025-08-01,1,1,53,53.0
H0045_P002_202509,H0045,P002,2025-09-01,1,3,96,32.0
H0045_P002_202510,H0045,P002,2025-10-01,1,1,43,43.0
H0045_P002_202512,H0045,P002,2025-12-01,1,5,285,57.0
H0045_P002_202601,H0045,P002,2026-01-01,1,4,96,24.0
H0045_P002_202602,H0045,P002,2026-02-01,1,1,41,41.0
H0045_P003_202506,H0045,P003,2025-06-01,1,4,88,22.0
H0045_P003_202507,H0045,P003,2025-07-01,1,2,106,53.0
H0045_P003_202508,H0045,P003,2025-08-01,1,3,171,57.0
H0045_P003_202509,H0045,P003,2025-09-01,1,4,160,40.0
H0045_P003_202511,H0045,P003,2025-11-01,1,1,48,48.0
H0045_P003_202512,H0045,P003,2025-12-01,1,3,165,55.0
H0045_P003_202602,H0045,P003,2026-02-01,1,2,98,49.0
H0045_P003_202603,H0045,P003,2026-03-01,1,1,24,24.0
H0045_P004_202506,H0045,P004,2025-06-01,1,4,164,41.0
H0045_P004_202507,H0045,P004,2025-07-01,1,3,120,40.0
H0045_P004_202508,H0045,P004,2025-08-01,1,1,30,30.0
H0045_P004_202509,H0045,P004,2025-09-01,1,2,40,20.0
H0045_P004_202510,H0045,P004,2025-10-01,1,8,400,50.0
H0045_P004_202511,H0045,P004,2025-11-01,1,4,88,22.0
H0045_P004_202512,H0045,P004,2025-12-01,1,4,128,32.0
H0045_P004_202601,H0045,P004,2026-01-01,1,4,84,21.0
H0045_P004_202602,H0045,P004,2026-02-01,1,7,147,21.0
H0045_P004_202603,H0045,P004,2026-03-01,1,4,240,60.0
H0045_P005_202506,H0045,P005,2025-06-01,1,3,66,22.0
H0045_P005_202508,H0045,P005,2025-08-01,1,2,70,35.0
H0045_P005_202509,H0045,P005,2025-09-01,1,1,23,23.0
H0045_P005_202511,H0045,P005,2025-11-01,1,2,82,41.0
H0045_P005_202601,H0045,P005,2026-01-01,1,2,58,29.0
H0045_P005_202602,H0045,P005,2026-02-01,1,1,32,32.0
H0045_P005_202603,H0045,P005,2026-03-01,1,1,29,29.0
H0046_P001_202506,H0046,P001,2025-06-01,1,3,114,38.0
H0046_P001_202507,H0046,P001,2025-07-01,1,4,156,39.0
H0046_P001_202508,H0046,P001,2025-08-01,1,5,175,35.0
H0046_P001_202509,H0046,P001,2025-09-01,1,2,64,32.0
H0046_P001_202510,H0046,P001,2025-10-01,1,3,135,45.0
H0046_P001_202511,H0046,P001,2025-11-01,1,4,204,51.0
H0046_P001_202512,H0046,P001,2025-12-01,1,1,27,27.0
H0046_P001_202601,H0046,P001,2026-01-01,1,3,69,23.0
H0046_P001_202602,H0046,P001,2026-02-01,1,3,78,26.0
H0046_P002_202506,H0046,P002,2025-06-01,1,1,25,25.0
H0046_P002_202507,H0046,P002,2025-07-01,1,4,152,38.0
H0046_P002_202508,H0046,P002,2025-08-01,1,3,72,24.0
H0046_P002_202509,H0046,P002,2025-09-01,1,2,108,54.0
H0046_P002_202510,H0046,P002,2025-10-01,1,2,74,37.0
H0046_P002_202511,H0046,P002,2025-11-01,1,2,106,53.0
H0046_P002_202512,H0046,P002,2025-12-01,1,3,75,25.0
H0046_P002_202601,H0046,P002,2026-01-01,1,2,58,29.0
H0046_P002_202602,H0046,P002,2026-02-01,1,1,37,37.0
H0046_P002_202603,H0046,P002,2026-03-01,1,1,35,35.0
H0046_P003_202506,H0046,P003,2025-06-01,1,7,336,48.0
H0046_P003_202507,H0046,P003,2025-07-01,1,13,520,40.0
H0046_P003_202508,H0046,P003,2025-08-01,1,6,258,43.0
H0046_P003_202509,H0046,P003,2025-09-01,1,13,637,49.0
H0046_P003_202510,H0046,P003,2025-10-01,1,5,215,43.0
H0046_P003_202511,H0046,P003,2025-11-01,1,6,270,45.0
H0046_P003_202512,H0046,P003,2025-12-01,1,8,384,48.0
H0046_P003_202601,H0046,P003,2026-01-01,1,5,285,57.0
H0046_P003_202602,H0046,P003,2026-02-01,1,5,175,35.0
H0046_P003_202603,H0046,P003,2026-03-01,1,2,96,48.0
H0046_P004_202506,H0046,P004,2025-06-01,1,6,270,45.0
H0046_P004_202507,H0046,P004,2025-07-01,1,3,135,45.0
H0046_P004_202508,H0046,P004,2025-08-01,1,5,235,47.0
H0046_P004_202509,H0046,P004,2025-09-01,1,6,156,26.0
H0046_P004_202510,H0046,P004,2025-10-01,1,5,155,31.0
H0046_P004_202511,H0046,P004,2025-11-01,1,2,118,59.0
H0046_P004_202512,H0046,P004,2025-12-01,1,3,165,55.0
H0046_P004_202601,H0046,P004,2026-01-01,1,3,144,48.0
H0046_P004_202602,H0046,P004,2026-02-01,1,5,280,56.0
H0046_P004_202603,H0046,P004,2026-03-01,1,5,275,55.0
H0046_P005_202506,H0046,P005,2025-06-01,1,5,180,36.0
H0046_P005_202507,H0046,P005,2025-07-01,1,2,64,32.0
H0046_P005_202508,H0046,P005,2025-08-01,1,3,99,33.0
H0046_P005_202509,H0046,P005,2025-09-01,1,5,270,54.0
H0046_P005_202510,H0046,P005,2025-10-01,1,4,172,43.0
H0046_P005_202511,H0046,P005,2025-11-01,1,7,252,36.0
H0046_P005_202512,H0046,P005,2025-12-01,1,3,126,42.0
H0046_P005_202601,H0046,P005,2026-01-01,1,3,168,56.0
H0046_P005_202602,H0046,P005,2026-02-01,1,5,300,60.0
H0046_P005_202603,H0046,P005,2026-03-01,1,3,177,59.0
H0048_P001_202507,H0048,P001,2025-07-01,1,1,22,22.0
H0048_P001_202508,H0048,P001,2025-08-01,1,2,50,25.0
H0048_P001_202509,H0048,P001,2025-09-01,1,1,20,20.0
H0048_P001_202511,H0048,P001,2025-11-01,1,1,36,36.0
H0048_P001_202512,H0048,P001,2025-12-01,1,1,47,47.0
H0048_P001_202602,H0048,P001,2026-02-01,1,2,96,48.0
H0048_P001_202603,H0048,P001,2026-03-01,1,1,39,39.0
H0048_P002_202506,H0048,P002,2025-06-01,1,1,24,24.0
H0048_P002_202508,H0048,P002,2025-08-01,1,1,58,58.0
H0048_P002_202510,H0048,P002,2025-10-01,1,2,54,27.0
H0048_P002_202511,H0048,P002,2025-11-01,1,3,171,57.0
H0048_P002_202601,H0048,P002,2026-01-01,1,1,34,34.0
H0048_P002_202603,H0048,P002,2026-03-01,1,2,66,33.0
H0048_P003_202507,H0048,P003,2025-07-01,1,2,48,24.0
H0048_P003_202508,H0048,P003,2025-08-01,1,2,108,54.0
H0048_P003_202511,H0048,P003,2025-11-01,1,1,35,35.0
H0048_P003_202512,H0048,P003,2025-12-01,1,1,38,38.0
H0048_P003_202602,H0048,P003,2026-02-01,1,3,159,53.0
H0048_P005_202509,H0048,P005,2025-09-01,1,1,44,44.0
H0048_P005_202510,H0048,P005,2025-10-01,1,1,34,34.0
H0048_P005_202512,H0048,P005,2025-12-01,1,1,60,60.0
H0048_P005_202602,H0048,P005,2026-02-01,1,1,53,53.0
H0048_P005_202603,H0048,P005,2026-03-01,1,1,55,55.0
H0049_P001_202506,H0049,P001,2025-06-01,1,3,99,33.0
H0049_P001_202507,H0049,P001,2025-07-01,1,1,49,49.0
H0049_P001_202508,H0049,P001,2025-08-01,1,6,324,54.0
H0049_P001_202509,H0049,P001,2025-09-01,1,1,41,41.0
H0049_P001_202510,H0049,P001,2025-10-01,1,3,165,55.0
H0049_P001_202511,H0049,P001,2025-11-01,1,2,80,40.0
H0049_P001_202512,H0049,P001,2025-12-01,1,3,153,51.0
H0049_P001_202601,H0049,P001,2026-01-01,1,2,68,34.0
H0049_P001_202602,H0049,P001,2026-02-01,1,3,159,53.0
H0049_P001_202603,H0049,P001,2026-03-01,1,4,148,37.0
H0049_P002_202506,H0049,P002,2025-06-01,1,8,208,26.0
H0049_P002_202507,H0049,P002,2025-07-01,1,3,69,23.0
H0049_P002_202508,H0049,P002,2025-08-01,1,3,129,43.0
H0049_P002_202509,H0049,P002,2025-09-01,1,1,47,47.0
H0049_P002_202510,H0049,P002,2025-10-01,1,6,282,47.0
H0049_P002_202511,H0049,P002,2025-11-01,1,6,276,46.0
H0049_P002_202512,H0049,P002,2025-12-01,1,2,60,30.0
H0049_P002_202601,H0049,P002,2026-01-01,1,5,195,39.0
H0049_P002_202602,H0049,P002,2026-02-01,1,2,58,29.0
H0049_P002_202603,H0049,P002,2026-03-01,1,4,116,29.0
H0049_P003_202506,H0049,P003,2025-06-01,1,8,480,60.0
H0049_P003_202507,H0049,P003,2025-07-01,1,6,306,51.0
H0049_P003_202508,H0049,P003,2025-08-01,1,3,135,45.0
H0049_P003_202509,H0049,P003,2025-09-01,1,5,155,31.0
H0049_P003_202510,H0049,P003,2025-10-01,1,8,168,21.0
H0049_P003_202511,H0049,P003,2025-11-01,1,4,216,54.0
H0049_P003_202512,H0049,P003,2025-12-01,1,5,120,24.0
H0049_P003_202601,H0049,P003,2026-01-01,1,3,168,56.0
H0049_P003_202602,H0049,P003,2026-02-01,1,8,240,30.0
H0049_P004_202506,H0049,P004,2025-06-01,1,4,208,52.0
H0049_P004_202507,H0049,P004,2025-07-01,1,5,215,43.0
H0049_P004_202508,H0049,P004,2025-08-01,1,3,117,39.0
H0049_P004_202509,H0049,P004,2025-09-01,1,7,203,29.0
H0049_P004_202510,H0049,P004,2025-10-01,1,1,30,30.0
H0049_P004_202511,H0049,P004,2025-11-01,1,4,112,28.0
H0049_P004_202512,H0049,P004,2025-12-01,1,3,114,38.0
H0049_P004_202601,H0049,P004,2026-01-01,1,4,124,31.0
H0049_P004_202602,H0049,P004,2026-02-01,1,1,42,42.0
H0049_P004_202603,H0049,P004,2026-03-01,1,3,63,21.0
H0049_P005_202506,H0049,P005,2025-06-01,1,2,118,59.0
H0049_P005_202601,H0049,P005,2026-01-01,1,1,54,54.0
H0050_P001_202506,H0050,P001,2025-06-01,1,1,28,28.0
H0050_P001_202507,H0050,P001,2025-07-01,1,4,216,54.0
H0050_P001_202508,H0050,P001,2025-08-01,1,6,264,44.0
H0050_P001_202509,H0050,P001,2025-09-01,1,4,164,41.0
H0050_P001_202510,H0050,P001,2025-10-01,1,6,168,28.0
H0050_P001_202511,H0050,P001,2025-11-01,1,5,110,22.0
H0050_P001_202512,H0050,P001,2025-12-01,1,6,234,39.0
H0050_P001_202601,H0050,P001,2026-01-01,1,3,81,27.0
H0050_P001_202603,H0050,P001,2026-03-01,1,2,70,35.0
H0050_P002_202506,H0050,P002,2025-06-01,1,5,255,51.0
H0050_P002_202507,H0050,P002,2025-07-01,1,2,96,48.0
H0050_P002_202508,H0050,P002,2025-08-01,1,1,57,57.0
H0050_P002_202509,H0050,P002,2025-09-01,1,5,205,41.0
H0050_P002_202510,H0050,P002,2025-10-01,1,8,184,23.0
H0050_P002_202511,H0050,P002,2025-11-01,1,3,105,35.0
H0050_P002_202512,H0050,P002,2025-12-01,1,2,40,20.0
H0050_P002_202601,H0050,P002,2026-01-01,1,2,80,40.0
H0050_P002_202602,H0050,P002,2026-02-01,1,1,27,27.0
H0050_P002_202603,H0050,P002,2026-03-01,1,5,105,21.0
H0050_P003_202506,H0050,P003,2025-06-01,1,2,78,39.0
H0050_P003_202507,H0050,P003,2025-07-01,1,1,56,56.0
H0050_P003_202509,H0050,P003,2025-09-01,1,2,100,50.0
H0050_P003_202510,H0050,P003,2025-10-01,1,2,96,48.0
H0050_P003_202512,H0050,P003,2025-12-01,1,1,29,29.0
H0050_P003_202601,H0050,P003,2026-01-01,1,1,43,43.0
H0050_P003_202602,H0050,P003,2026-02-01,1,2,78,39.0
H0050_P004_202506,H0050,P004,2025-06-01,1,3,171,57.0
H0050_P004_202507,H0050,P004,2025-07-01,1,7,413,59.0
H0050_P004_202508,H0050,P004,2025-08-01,1,4,216,54.0
H0050_P004_202509,H0050,P004,2025-09-01,1,3,90,30.0
H0050_P004_202510,H0050,P004,2025-10-01,1,3,177,59.0
H0050_P004_202511,H0050,P004,2025-11-01,1,1,35,35.0
H0050_P004_202512,H0050,P004,2025-12-01,1,2,106,53.0
H0050_P004_202601,H0050,P004,2026-01-01,1,4,120,30.0
H0050_P004_202602,H0050,P004,2026-02-01,1,2,70,35.0
H0050_P004_202603,H0050,P004,2026-03-01,1,3,90,30.0
H0050_P005_202506,H0050,P005,2025-06-01,1,2,82,41.0
H0050_P005_202509,H0050,P005,2025-09-01,1,2,116,58.0
H0050_P005_202511,H0050,P005,2025-11-01,1,2,52,26.0
H0050_P005_202601,H0050,P005,2026-01-01,1,2,42,21.0
H0050_P005_202602,H0050,P005,2026-02-01,1,2,56,28.0
H0050_P005_202603,H0050,P005,2026-03-01,1,1,48,48.0
H0052_P001_202508,H0052,P001,2025-08-01,1,1,21,21.0
H0052_P001_202512,H0052,P001,2025-12-01,1,1,46,46.0
H0052_P002_202510,H0052,P002,2025-10-01,1,2,104,52.0
H0052_P002_202511,H0052,P002,2025-11-01,1,2,68,34.0
H0052_P002_202512,H0052,P002,2025-12-01,1,1,25,25.0
H0052_P002_202602,H0052,P002,2026-02-01,1,1,35,35.0
H0052_P003_202507,H0052,P003,2025-07-01,1,1,57,57.0
H0052_P003_202512,H0052,P003,2025-12-01,1,1,56,56.0
H0052_P004_202507,H0052,P004,2025-07-01,1,1,48,48.0
H0052_P004_202508,H0052,P004,2025-08-01,1,2,108,54.0
H0052_P004_202510,H0052,P004,2025-10-01,1,3,138,46.0
H0052_P004_202511,H0052,P004,2025-11-01,1,1,28,28.0
H0052_P004_202602,H0052,P004,2026-02-01,1,3,144,48.0
H0052_P005_202507,H0052,P005,2025-07-01,1,1,30,30.0
H0052_P005_202508,H0052,P005,2025-08-01,1,1,24,24.0
H0052_P005_202509,H0052,P005,2025-09-01,1,1,32,32.0
H0052_P005_202510,H0052,P005,2025-10-01,1,2,42,21.0
H0052_P005_202512,H0052,P005,2025-12-01,1,1,24,24.0
H0053_P001_202507,H0053,P001,2025-07-01,1,1,31,31.0
H0053_P001_202508,H0053,P001,2025-08-01,1,2,66,33.0
H0053_P001_202509,H0053,P001,2025-09-01,1,1,50,50.0
H0053_P001_202510,H0053,P001,2025-10-01,1,1,35,35.0
H0053_P001_202511,H0053,P001,2025-11-01,1,2,118,59.0
H0053_P001_202512,H0053,P001,2025-12-01,1,2,74,37.0
H0053_P001_202601,H0053,P001,2026-01-01,1,3,102,34.0
H0053_P001_202602,H0053,P001,2026-02-01,1,2,76,38.0
H0053_P001_202603,H0053,P001,2026-03-01,1,1,60,60.0
H0053_P002_202506,H0053,P002,2025-06-01,1,1,30,30.0
H0053_P002_202508,H0053,P002,2025-08-01,1,1,23,23.0
H0053_P002_202602,H0053,P002,2026-02-01,1,2,94,47.0
H0053_P003_202506,H0053,P003,2025-06-01,1,2,80,40.0
H0053_P003_202509,H0053,P003,2025-09-01,1,3,126,42.0
H0053_P003_202510,H0053,P003,2025-10-01,1,2,62,31.0
H0053_P003_202511,H0053,P003,2025-11-01,1,2,104,52.0
H0053_P003_202512,H0053,P003,2025-12-01,1,1,21,21.0
H0053_P003_202601,H0053,P003,2026-01-01,1,1,26,26.0
H0053_P003_202602,H0053,P003,2026-02-01,1,1,55,55.0
H0053_P003_202603,H0053,P003,2026-03-01,1,1,31,31.0
H0053_P004_202507,H0053,P004,2025-07-01,1,1,25,25.0
H0053_P004_202510,H0053,P004,2025-10-01,1,1,23,23.0
H0053_P004_202601,H0053,P004,2026-01-01,1,2,114,57.0
H0053_P005_202506,H0053,P005,2025-06-01,1,2,82,41.0
H0053_P005_202507,H0053,P005,2025-07-01,1,1,37,37.0
H0053_P005_202509,H0053,P005,2025-09-01,1,2,76,38.0
H0053_P005_202511,H0053,P005,2025-11-01,1,1,57,57.0
H0053_P005_202512,H0053,P005,2025-12-01,1,2,54,27.0
H0053_P005_202601,H0053,P005,2026-01-01,1,1,37,37.0
H0054_P001_202506,H0054,P001,2025-06-01,1,3,159,53.0
H0054_P001_202507,H0054,P001,2025-07-01,1,1,34,34.0
H0054_P001_202509,H0054,P001,2025-09-01,1,4,196,49.0
H0054_P001_202510,H0054,P001,2025-10-01,1,1,39,39.0
H0054_P001_202511,H0054,P001,2025-11-01,1,1,28,28.0
H0054_P001_202601,H0054,P001,2026-01-01,1,2,98,49.0
H0054_P001_202602,H0054,P001,2026-02-01,1,1,59,59.0
H0054_P002_202506,H0054,P002,2025-06-01,1,5,170,34.0
H0054_P002_202507,H0054,P002,2025-07-01,1,5,200,40.0
H0054_P002_202508,H0054,P002,2025-08-01,1,1,35,35.0
H0054_P002_202509,H0054,P002,2025-09-01,1,1,23,23.0
H0054_P002_202511,H0054,P002,2025-11-01,1,1,33,33.0
H0054_P002_202512,H0054,P002,2025-12-01,1,5,165,33.0
H0054_P002_202601,H0054,P002,2026-01-01,1,4,144,36.0
H0054_P002_202602,H0054,P002,2026-02-01,1,3,177,59.0
H0054_P002_202603,H0054,P002,2026-03-01,1,2,114,57.0
H0054_P003_202506,H0054,P003,2025-06-01,1,2,42,21.0
H0054_P003_202601,H0054,P003,2026-01-01,1,1,54,54.0
H0054_P003_202602,H0054,P003,2026-02-01,1,1,51,51.0
H0054_P003_202603,H0054,P003,2026-03-01,1,1,43,43.0
H0054_P004_202507,H0054,P004,2025-07-01,1,1,42,42.0
H0054_P004_202508,H0054,P004,2025-08-01,1,1,47,47.0
H0054_P004_202509,H0054,P004,2025-09-01,1,1,24,24.0
H0054_P004_202510,H0054,P004,2025-10-01,1,2,104,52.0
H0054_P004_202511,H0054,P004,2025-11-01,1,4,80,20.0
H0054_P004_202512,H0054,P004,2025-12-01,1,1,28,28.0
H0054_P004_202602,H0054,P004,2026-02-01,1,2,52,26.0
H0054_P005_202508,H0054,P005,2025-08-01,1,1,23,23.0
H0054_P005_202509,H0054,P005,2025-09-01,1,1,37,37.0
H0054_P005_202511,H0054,P005,2025-11-01,1,2,80,40.0
H0054_P005_202601,H0054,P005,2026-01-01,1,5,290,58.0
H0054_P005_202602,H0054,P005,2026-02-01,1,1,58,58.0
H0054_P005_202603,H0054,P005,2026-03-01,1,1,29,29.0
H0055_P001_202506,H0055,P001,2025-06-01,1,1,35,35.0
H0055_P001_202507,H0055,P001,2025-07-01,1,2,108,54.0
H0055_P001_202508,H0055,P001,2025-08-01,1,2,66,33.0
H0055_P001_202509,H0055,P001,2025-09-01,1,4,108,27.0
H0055_P001_202510,H0055,P001,2025-10-01,1,7,315,45.0
H0055_P001_202511,H0055,P001,2025-11-01,1,6,120,20.0
H0055_P001_202512,H0055,P001,2025-12-01,1,6,180,30.0
H0055_P001_202601,H0055,P001,2026-01-01,1,8,304,38.0
H0055_P001_202602,H0055,P001,2026-02-01,1,6,216,36.0
H0055_P001_202603,H0055,P001,2026-03-01,1,3,159,53.0
H0055_P002_202506,H0055,P002,2025-06-01,1,4,96,24.0
H0055_P002_202507,H0055,P002,2025-07-01,1,6,276,46.0
H0055_P002_202508,H0055,P002,2025-08-01,1,1,51,51.0
H0055_P002_202509,H0055,P002,2025-09-01,1,3,171,57.0
H0055_P002_202510,H0055,P002,2025-10-01,1,6,270,45.0
H0055_P002_202511,H0055,P002,2025-11-01,1,4,168,42.0
H0055_P002_202512,H0055,P002,2025-12-01,1,4,120,30.0
H0055_P002_202601,H0055,P002,2026-01-01,1,3,117,39.0
H0055_P002_202602,H0055,P002,2026-02-01,1,2,64,32.0
H0055_P002_202603,H0055,P002,2026-03-01,1,4,124,31.0
H0055_P003_202506,H0055,P003,2025-06-01,1,6,228,38.0
H0055_P003_202507,H0055,P003,2025-07-01,1,5,230,46.0
H0055_P003_202508,H0055,P003,2025-08-01,1,1,48,48.0
H0055_P003_202509,H0055,P003,2025-09-01,1,1,39,39.0
H0055_P003_202510,H0055,P003,2025-10-01,1,9,189,21.0
H0055_P003_202511,H0055,P003,2025-11-01,1,2,50,25.0
H0055_P003_202512,H0055,P003,2025-12-01,1,2,66,33.0
H0055_P003_202602,H0055,P003,2026-02-01,1,4,148,37.0
H0055_P003_202603,H0055,P003,2026-03-01,1,1,31,31.0
H0055_P004_202506,H0055,P004,2025-06-01,1,3,93,31.0
H0055_P004_202507,H0055,P004,2025-07-01,1,2,52,26.0
H0055_P004_202508,H0055,P004,2025-08-01,1,5,155,31.0
H0055_P004_202509,H0055,P004,2025-09-01,1,2,60,30.0
H0055_P004_202510,H0055,P004,2025-10-01,1,5,230,46.0
H0055_P004_202511,H0055,P004,2025-11-01,1,5,120,24.0
H0055_P004_202512,H0055,P004,2025-12-01,1,6,156,26.0
H0055_P004_202601,H0055,P004,2026-01-01,1,4,112,28.0
H0055_P004_202602,H0055,P004,2026-02-01,1,4,140,35.0
H0055_P004_202603,H0055,P004,2026-03-01,1,2,104,52.0
H0055_P005_202506,H0055,P005,2025-06-01,1,2,118,59.0
H0055_P005_202507,H0055,P005,2025-07-01,1,3,174,58.0
H0055_P005_202508,H0055,P005,2025-08-01,1,7,399,57.0
H0055_P005_202509,H0055,P005,2025-09-01,1,2,42,21.0
H0055_P005_202510,H0055,P005,2025-10-01,1,4,100,25.0
H0055_P005_202511,H0055,P005,2025-11-01,1,2,68,34.0
H0055_P005_202512,H0055,P005,2025-12-01,1,3,153,51.0
H0055_P005_202601,H0055,P005,2026-01-01,1,4,144,36.0
H0055_P005_202602,H0055,P005,2026-02-01,1,2,96,48.0
H0055_P005_202603,H0055,P005,2026-03-01,1,1,57,57.0
H0056_P001_202506,H0056,P001,2025-06-01,1,1,33,33.0
H0056_P001_202507,H0056,P001,2025-07-01,1,1,40,40.0
H0056_P001_202510,H0056,P001,2025-10-01,1,2,62,31.0
H0056_P001_202511,H0056,P001,2025-11-01,1,2,68,34.0
H0056_P001_202512,H0056,P001,2025-12-01,1,2,74,37.0
H0056_P001_202602,H0056,P001,2026-02-01,1,2,108,54.0
H0056_P001_202603,H0056,P001,2026-03-01,1,2,90,45.0
H0056_P002_202506,H0056,P002,2025-06-01,1,2,118,59.0
H0056_P002_202507,H0056,P002,2025-07-01,1,3,147,49.0
H0056_P002_202508,H0056,P002,2025-08-01,1,1,51,51.0
H0056_P002_202509,H0056,P002,2025-09-01,1,2,64,32.0
H0056_P002_202512,H0056,P002,2025-12-01,1,3,111,37.0
H0056_P002_202602,H0056,P002,2026-02-01,1,2,96,48.0
H0056_P002_202603,H0056,P002,2026-03-01,1,6,228,38.0
H0056_P003_202506,H0056,P003,2025-06-01,1,2,106,53.0
H0056_P003_202507,H0056,P003,2025-07-01,1,2,86,43.0
H0056_P003_202509,H0056,P003,2025-09-01,1,2,40,20.0
H0056_P003_202510,H0056,P003,2025-10-01,1,1,46,46.0
H0056_P003_202511,H0056,P003,2025-11-01,1,3,99,33.0
H0056_P003_202601,H0056,P003,2026-01-01,1,2,94,47.0
H0056_P003_202602,H0056,P003,2026-02-01,1,1,20,20.0
H0056_P004_202506,H0056,P004,2025-06-01,1,2,110,55.0
H0056_P004_202507,H0056,P004,2025-07-01,1,2,60,30.0
H0056_P004_202508,H0056,P004,2025-08-01,1,1,23,23.0
H0056_P004_202509,H0056,P004,2025-09-01,1,1,41,41.0
H0056_P004_202510,H0056,P004,2025-10-01,1,2,66,33.0
H0056_P004_202511,H0056,P004,2025-11-01,1,4,124,31.0
H0056_P004_202512,H0056,P004,2025-12-01,1,1,29,29.0
H0056_P004_202601,H0056,P004,2026-01-01,1,1,47,47.0
H0056_P004_202602,H0056,P004,2026-02-01,1,3,126,42.0
H0056_P004_202603,H0056,P004,2026-03-01,1,2,96,48.0
H0056_P005_202507,H0056,P005,2025-07-01,1,2,100,50.0
H0056_P005_202508,H0056,P005,2025-08-01,1,1,56,56.0
H0056_P005_202509,H0056,P005,2025-09-01,1,1,47,47.0
H0056_P005_202512,H0056,P005,2025-12-01,1,1,36,36.0
H0056_P005_202601,H0056,P005,2026-01-01,1,1,54,54.0
H0056_P005_202602,H0056,P005,2026-02-01,1,3,144,48.0
H0056_P005_202603,H0056,P005,2026-03-01,1,1,32,32.0
H0057_P001_202506,H0057,P001,2025-06-01,1,4,232,58.0
H0057_P001_202507,H0057,P001,2025-07-01,1,3,90,30.0
H0057_P001_202508,H0057,P001,2025-08-01,1,6,348,58.0
H0057_P001_202509,H0057,P001,2025-09-01,1,3,78,26.0
H0057_P001_202510,H0057,P001,2025-10-01,1,3,102,34.0
H0057_P001_202511,H0057,P001,2025-11-01,1,6,312,52.0
H0057_P001_202512,H0057,P001,2025-12-01,1,5,295,59.0
H0057_P001_202601,H0057,P001,2026-01-01,1,1,39,39.0
H0057_P001_202602,H0057,P001,2026-02-01,1,2,48,24.0
H0057_P001_202603,H0057,P001,2026-03-01,1,3,168,56.0
H0057_P002_202506,H0057,P002,2025-06-01,1,4,212,53.0
H0057_P002_202507,H0057,P002,2025-07-01,1,4,204,51.0
H0057_P002_202508,H0057,P002,2025-08-01,1,2,42,21.0
H0057_P002_202509,H0057,P002,2025-09-01,1,2,60,30.0
H0057_P002_202510,H0057,P002,2025-10-01,1,7,329,47.0
H0057_P002_202511,H0057,P002,2025-11-01,1,1,52,52.0
H0057_P002_202512,H0057,P002,2025-12-01,1,4,180,45.0
H0057_P002_202601,H0057,P002,2026-01-01,1,3,123,41.0
H0057_P002_202602,H0057,P002,2026-02-01,1,7,301,43.0
H0057_P002_202603,H0057,P002,2026-03-01,1,4,204,51.0
H0057_P003_202507,H0057,P003,2025-07-01,1,1,38,38.0
H0057_P003_202602,H0057,P003,2026-02-01,1,1,24,24.0
H0057_P004_202506,H0057,P004,2025-06-01,1,3,114,38.0
H0057_P004_202507,H0057,P004,2025-07-01,1,1,60,60.0
H0057_P004_202509,H0057,P004,2025-09-01,1,2,46,23.0
H0057_P004_202511,H0057,P004,2025-11-01,1,2,72,36.0
H0057_P004_202512,H0057,P004,2025-12-01,1,2,86,43.0
H0057_P004_202601,H0057,P004,2026-01-01,1,3,66,22.0
H0057_P004_202602,H0057,P004,2026-02-01,1,3,105,35.0
H0057_P004_202603,H0057,P004,2026-03-01,1,3,159,53.0
H0057_P005_202506,H0057,P005,2025-06-01,1,2,84,42.0
H0057_P005_202507,H0057,P005,2025-07-01,1,2,76,38.0
H0057_P005_202508,H0057,P005,2025-08-01,1,1,53,53.0
H0057_P005_202509,H0057,P005,2025-09-01,1,1,53,53.0
H0057_P005_202510,H0057,P005,2025-10-01,1,1,59,59.0
H0057_P005_202511,H0057,P005,2025-11-01,1,1,31,31.0
H0057_P005_202512,H0057,P005,2025-12-01,1,1,21,21.0
H0057_P005_202601,H0057,P005,2026-01-01,1,1,44,44.0
H0057_P005_202602,H0057,P005,2026-02-01,1,1,27,27.0
H0057_P005_202603,H0057,P005,2026-03-01,1,1,29,29.0
H0058_P001_202507,H0058,P001,2025-07-01,1,2,58,29.0
H0058_P001_202508,H0058,P001,2025-08-01,1,1,38,38.0
H0058_P001_202509,H0058,P001,2025-09-01,1,1,23,23.0
H0058_P001_202510,H0058,P001,2025-10-01,1,1,48,48.0
H0058_P001_202511,H0058,P001,2025-11-01,1,2,78,39.0
H0058_P001_202512,H0058,P001,2025-12-01,1,1,33,33.0
H0058_P001_202601,H0058,P001,2026-01-01,1,4,180,45.0
H0058_P001_202602,H0058,P001,2026-02-01,1,2,50,25.0
H0058_P001_202603,H0058,P001,2026-03-01,1,1,40,40.0
H0058_P003_202506,H0058,P003,2025-06-01,1,2,100,50.0
H0058_P003_202508,H0058,P003,2025-08-01,1,1,25,25.0
H0058_P003_202509,H0058,P003,2025-09-01,1,1,51,51.0
H0058_P003_202510,H0058,P003,2025-10-01,1,2,58,29.0
H0058_P003_202511,H0058,P003,2025-11-01,1,2,88,44.0
H0058_P003_202602,H0058,P003,2026-02-01,1,1,48,48.0
H0058_P003_202603,H0058,P003,2026-03-01,1,2,108,54.0
H0058_P004_202506,H0058,P004,2025-06-01,1,1,46,46.0
H0058_P004_202507,H0058,P004,2025-07-01,1,1,49,49.0
H0058_P004_202508,H0058,P004,2025-08-01,1,2,46,23.0
H0058_P004_202510,H0058,P004,2025-10-01,1,1,51,51.0
H0058_P004_202511,H0058,P004,2025-11-01,1,4,80,20.0
H0058_P004_202601,H0058,P004,2026-01-01,1,1,34,34.0
H0058_P004_202602,H0058,P004,2026-02-01,1,1,59,59.0
H0058_P004_202603,H0058,P004,2026-03-01,1,1,34,34.0
H0058_P005_202506,H0058,P005,2025-06-01,1,1,47,47.0
H0058_P005_202507,H0058,P005,2025-07-01,1,2,58,29.0
H0059_P001_202506,H0059,P001,2025-06-01,1,5,300,60.0
H0059_P001_202507,H0059,P001,2025-07-01,1,2,102,51.0
H0059_P001_202509,H0059,P001,2025-09-01,1,1,46,46.0
H0059_P001_202510,H0059,P001,2025-10-01,1,3,159,53.0
H0059_P001_202511,H0059,P001,2025-11-01,1,4,168,42.0
H0059_P001_202512,H0059,P001,2025-12-01,1,3,150,50.0
H0059_P001_202601,H0059,P001,2026-01-01,1,2,76,38.0
H0059_P001_202602,H0059,P001,2026-02-01,1,7,175,25.0
H0059_P001_202603,H0059,P001,2026-03-01,1,5,135,27.0
H0059_P002_202506,H0059,P002,2025-06-01,1,5,105,21.0
H0059_P002_202507,H0059,P002,2025-07-01,1,3,165,55.0
H0059_P002_202508,H0059,P002,2025-08-01,1,1,44,44.0
H0059_P002_202509,H0059,P002,2025-09-01,1,2,50,25.0
H0059_P002_202510,H0059,P002,2025-10-01,1,3,99,33.0
H0059_P002_202511,H0059,P002,2025-11-01,1,4,212,53.0
H0059_P002_202512,H0059,P002,2025-12-01,1,1,35,35.0
H0059_P002_202601,H0059,P002,2026-01-01,1,4,132,33.0
H0059_P002_202602,H0059,P002,2026-02-01,1,6,210,35.0
H0059_P002_202603,H0059,P002,2026-03-01,1,2,112,56.0
H0059_P004_202506,H0059,P004,2025-06-01,1,3,99,33.0
H0059_P004_202507,H0059,P004,2025-07-01,1,5,115,23.0
H0059_P004_202508,H0059,P004,2025-08-01,1,1,32,32.0
H0059_P004_202509,H0059,P004,2025-09-01,1,3,180,60.0
H0059_P004_202510,H0059,P004,2025-10-01,1,3,102,34.0
H0059_P004_202511,H0059,P004,2025-11-01,1,4,192,48.0
H0059_P004_202512,H0059,P004,2025-12-01,1,4,120,30.0
H0059_P004_202601,H0059,P004,2026-01-01,1,4,172,43.0
H0059_P004_202602,H0059,P004,2026-02-01,1,3,153,51.0
H0059_P004_202603,H0059,P004,2026-03-01,1,2,110,55.0
H0059_P005_202506,H0059,P005,2025-06-01,1,2,42,21.0
H0059_P005_202507,H0059,P005,2025-07-01,1,5,280,56.0
H0059_P005_202508,H0059,P005,2025-08-01,1,5,105,21.0
H0059_P005_202509,H0059,P005,2025-09-01,1,2,58,29.0
H0059_P005_202510,H0059,P005,2025-10-01,1,3,135,45.0
H0059_P005_202511,H0059,P005,2025-11-01,1,5,170,34.0
H0059_P005_202512,H0059,P005,2025-12-01,1,3,165,55.0
H0059_P005_202601,H0059,P005,2026-01-01,1,4,240,60.0
H0059_P005_202602,H0059,P005,2026-02-01,1,4,80,20.0
H0061_P001_202507,H0061,P001,2025-07-01,1,1,23,23.0
H0061_P001_202508,H0061,P001,2025-08-01,1,1,27,27.0
H0061_P001_202509,H0061,P001,2025-09-01,1,1,38,38.0
H0061_P001_202510,H0061,P001,2025-10-01,1,2,58,29.0
H0061_P001_202512,H0061,P001,2025-12-01,1,1,37,37.0
H0061_P001_202602,H0061,P001,2026-02-01,1,1,35,35.0
H0061_P001_202603,H0061,P001,2026-03-01,1,1,25,25.0
H0061_P002_202506,H0061,P002,2025-06-01,1,1,36,36.0
H0061_P002_202507,H0061,P002,2025-07-01,1,1,23,23.0
H0061_P002_202509,H0061,P002,2025-09-01,1,1,55,55.0
H0061_P002_202510,H0061,P002,2025-10-01,1,1,56,56.0
H0061_P002_202511,H0061,P002,2025-11-01,1,1,27,27.0
H0061_P002_202603,H0061,P002,2026-03-01,1,1,59,59.0
H0061_P003_202507,H0061,P003,2025-07-01,1,2,118,59.0
H0061_P003_202508,H0061,P003,2025-08-01,1,1,27,27.0
H0061_P004_202509,H0061,P004,2025-09-01,1,1,49,49.0
H0061_P004_202601,H0061,P004,2026-01-01,1,1,60,60.0
H0061_P004_202602,H0061,P004,2026-02-01,1,4,148,37.0
H0061_P005_202506,H0061,P005,2025-06-01,1,1,25,25.0
H0061_P005_202508,H0061,P005,2025-08-01,1,7,252,36.0
H0061_P005_202509,H0061,P005,2025-09-01,1,2,100,50.0
H0061_P005_202511,H0061,P005,2025-11-01,1,2,74,37.0
H0061_P005_202512,H0061,P005,2025-12-01,1,4,208,52.0
H0061_P005_202601,H0061,P005,2026-01-01,1,1,36,36.0
H0061_P005_202603,H0061,P005,2026-03-01,1,2,50,25.0
H0062_P001_202506,H0062,P001,2025-06-01,1,1,37,37.0
H0062_P001_202507,H0062,P001,2025-07-01,1,1,31,31.0
H0062_P001_202508,H0062,P001,2025-08-01,1,2,96,48.0
H0062_P001_202509,H0062,P001,2025-09-01,1,3,90,30.0
H0062_P001_202510,H0062,P001,2025-10-01,1,1,23,23.0
H0062_P001_202511,H0062,P001,2025-11-01,1,2,80,40.0
H0062_P001_202601,H0062,P001,2026-01-01,1,1,20,20.0
H0062_P001_202602,H0062,P001,2026-02-01,1,4,236,59.0
H0062_P001_202603,H0062,P001,2026-03-01,1,1,24,24.0
H0062_P002_202506,H0062,P002,2025-06-01,1,2,68,34.0
H0062_P002_202507,H0062,P002,2025-07-01,1,3,141,47.0
H0062_P002_202508,H0062,P002,2025-08-01,1,5,130,26.0
H0062_P002_202509,H0062,P002,2025-09-01,1,1,44,44.0
H0062_P002_202510,H0062,P002,2025-10-01,1,1,33,33.0
H0062_P002_202511,H0062,P002,2025-11-01,1,2,94,47.0
H0062_P002_202512,H0062,P002,2025-12-01,1,3,111,37.0
H0062_P002_202601,H0062,P002,2026-01-01,1,1,35,35.0
H0062_P002_202602,H0062,P002,2026-02-01,1,4,160,40.0
H0062_P002_202603,H0062,P002,2026-03-01,1,3,81,27.0
H0062_P003_202506,H0062,P003,2025-06-01,1,1,31,31.0
H0062_P003_202507,H0062,P003,2025-07-01,1,1,31,31.0
H0062_P003_202509,H0062,P003,2025-09-01,1,1,24,24.0
H0062_P003_202511,H0062,P003,2025-11-01,1,1,26,26.0
H0062_P003_202601,H0062,P003,2026-01-01,1,4,160,40.0
H0062_P003_202602,H0062,P003,2026-02-01,1,3,90,30.0
H0062_P003_202603,H0062,P003,2026-03-01,1,3,66,22.0
H0062_P004_202506,H0062,P004,2025-06-01,1,5,245,49.0
H0062_P004_202507,H0062,P004,2025-07-01,1,6,228,38.0
H0062_P004_202508,H0062,P004,2025-08-01,1,1,52,52.0
H0062_P004_202509,H0062,P004,2025-09-01,1,3,75,25.0
H0062_P004_202510,H0062,P004,2025-10-01,1,7,161,23.0
H0062_P004_202511,H0062,P004,2025-11-01,1,3,111,37.0
H0062_P004_202512,H0062,P004,2025-12-01,1,1,38,38.0
H0062_P004_202601,H0062,P004,2026-01-01,1,3,102,34.0
H0062_P004_202602,H0062,P004,2026-02-01,1,6,120,20.0
H0062_P004_202603,H0062,P004,2026-03-01,1,5,290,58.0
H0062_P005_202506,H0062,P005,2025-06-01,1,2,86,43.0
H0062_P005_202507,H0062,P005,2025-07-01,1,1,24,24.0
H0062_P005_202508,H0062,P005,2025-08-01,1,1,57,57.0
H0062_P005_202509,H0062,P005,2025-09-01,1,2,104,52.0
H0062_P005_202510,H0062,P005,2025-10-01,1,1,36,36.0
H0062_P005_202511,H0062,P005,2025-11-01,1,2,74,37.0
H0062_P005_202512,H0062,P005,2025-12-01,1,3,84,28.0
H0062_P005_202601,H0062,P005,2026-01-01,1,6,246,41.0
H0062_P005_202602,H0062,P005,2026-02-01,1,3,156,52.0
H0063_P002_202508,H0063,P002,2025-08-01,1,1,50,50.0
H0063_P002_202602,H0063,P002,2026-02-01,1,1,40,40.0
H0063_P002_202603,H0063,P002,2026-03-01,1,1,52,52.0
H0063_P004_202507,H0063,P004,2025-07-01,1,1,26,26.0
H0063_P004_202508,H0063,P004,2025-08-01,1,1,50,50.0
H0063_P004_202509,H0063,P004,2025-09-01,1,1,24,24.0
H0063_P004_202512,H0063,P004,2025-12-01,1,1,40,40.0
H0063_P005_202509,H0063,P005,2025-09-01,1,1,34,34.0
H0063_P005_202511,H0063,P005,2025-11-01,1,1,53,53.0
H0063_P005_202601,H0063,P005,2026-01-01,1,1,53,53.0
H0063_P005_202602,H0063,P005,2026-02-01,1,1,52,52.0
H0063_P005_202603,H0063,P005,2026-03-01,1,2,90,45.0
H0064_P001_202506,H0064,P001,2025-06-01,1,4,140,35.0
H0064_P001_202507,H0064,P001,2025-07-01,1,5,235,47.0
H0064_P001_202508,H0064,P001,2025-08-01,1,4,176,44.0
H0064_P001_202509,H0064,P001,2025-09-01,1,5,155,31.0
H0064_P001_202510,H0064,P001,2025-10-01,1,6,198,33.0
H0064_P001_202511,H0064,P001,2025-11-01,1,5,275,55.0
H0064_P001_202512,H0064,P001,2025-12-01,1,5,210,42.0
H0064_P001_202601,H0064,P001,2026-01-01,1,3,105,35.0
H0064_P001_202602,H0064,P001,2026-02-01,1,5,300,60.0
H0064_P001_202603,H0064,P001,2026-03-01,1,4,156,39.0
H0064_P002_202506,H0064,P002,2025-06-01,1,2,58,29.0
H0064_P002_202508,H0064,P002,2025-08-01,1,1,25,25.0
H0064_P002_202509,H0064,P002,2025-09-01,1,1,55,55.0
H0064_P002_202511,H0064,P002,2025-11-01,1,5,255,51.0
H0064_P002_202512,H0064,P002,2025-12-01,1,1,35,35.0
H0064_P002_202601,H0064,P002,2026-01-01,1,3,150,50.0
H0064_P003_202506,H0064,P003,2025-06-01,1,5,140,28.0
H0064_P003_202507,H0064,P003,2025-07-01,1,6,210,35.0
H0064_P003_202508,H0064,P003,2025-08-01,1,7,336,48.0
H0064_P003_202509,H0064,P003,2025-09-01,1,10,240,24.0
H0064_P003_202510,H0064,P003,2025-10-01,1,6,306,51.0
H0064_P003_202511,H0064,P003,2025-11-01,1,5,300,60.0
H0064_P003_202512,H0064,P003,2025-12-01,1,7,385,55.0
H0064_P003_202601,H0064,P003,2026-01-01,1,5,150,30.0
H0064_P003_202602,H0064,P003,2026-02-01,1,6,150,25.0
H0064_P003_202603,H0064,P003,2026-03-01,1,7,336,48.0
H0064_P004_202506,H0064,P004,2025-06-01,1,2,66,33.0
H0064_P004_202507,H0064,P004,2025-07-01,1,1,26,26.0
H0064_P004_202508,H0064,P004,2025-08-01,1,1,37,37.0
H0064_P004_202509,H0064,P004,2025-09-01,1,2,84,42.0
H0064_P004_202510,H0064,P004,2025-10-01,1,1,35,35.0
H0064_P004_202511,H0064,P004,2025-11-01,1,2,62,31.0
H0064_P004_202512,H0064,P004,2025-12-01,1,3,75,25.0
H0064_P004_202601,H0064,P004,2026-01-01,1,1,42,42.0
H0064_P005_202506,H0064,P005,2025-06-01,1,6,228,38.0
H0064_P005_202507,H0064,P005,2025-07-01,1,8,432,54.0
H0064_P005_202508,H0064,P005,2025-08-01,1,7,231,33.0
H0064_P005_202509,H0064,P005,2025-09-01,1,2,62,31.0
H0064_P005_202510,H0064,P005,2025-10-01,1,7,161,23.0
H0064_P005_202511,H0064,P005,2025-11-01,1,4,116,29.0
H0064_P005_202512,H0064,P005,2025-12-01,1,5,280,56.0
H0064_P005_202601,H0064,P005,2026-01-01,1,7,308,44.0
H0064_P005_202602,H0064,P005,2026-02-01,1,3,177,59.0
H0064_P005_202603,H0064,P005,2026-03-01,1,8,400,50.0
H0065_P002_202506,H0065,P002,2025-06-01,1,2,44,22.0
H0065_P002_202507,H0065,P002,2025-07-01,1,1,45,45.0
H0065_P002_202509,H0065,P002,2025-09-01,1,1,30,30.0
H0065_P002_202602,H0065,P002,2026-02-01,1,1,20,20.0
H0065_P002_202603,H0065,P002,2026-03-01,1,1,25,25.0
H0065_P003_202507,H0065,P003,2025-07-01,1,5,160,32.0
H0065_P003_202508,H0065,P003,2025-08-01,1,3,126,42.0
H0065_P003_202509,H0065,P003,2025-09-01,1,2,96,48.0
H0065_P003_202510,H0065,P003,2025-10-01,1,3,144,48.0
H0065_P003_202601,H0065,P003,2026-01-01,1,3,120,40.0
H0065_P003_202602,H0065,P003,2026-02-01,1,2,46,23.0
H0065_P003_202603,H0065,P003,2026-03-01,1,1,25,25.0
H0065_P004_202509,H0065,P004,2025-09-01,1,2,112,56.0
H0065_P004_202603,H0065,P004,2026-03-01,1,1,35,35.0
H0065_P005_202506,H0065,P005,2025-06-01,1,4,224,56.0
H0065_P005_202507,H0065,P005,2025-07-01,1,1,31,31.0
H0065_P005_202508,H0065,P005,2025-08-01,1,1,45,45.0
H0065_P005_202509,H0065,P005,2025-09-01,1,3,162,54.0
H0065_P005_202510,H0065,P005,2025-10-01,1,4,164,41.0
H0065_P005_202511,H0065,P005,2025-11-01,1,5,150,30.0
H0065_P005_202512,H0065,P005,2025-12-01,1,1,32,32.0
H0065_P005_202601,H0065,P005,2026-01-01,1,1,39,39.0
H0065_P005_202602,H0065,P005,2026-02-01,1,1,35,35.0
H0065_P005_202603,H0065,P005,2026-03-01,1,1,23,23.0
H0066_P002_202506,H0066,P002,2025-06-01,1,4,112,28.0
H0066_P002_202508,H0066,P002,2025-08-01,1,3,156,52.0
H0066_P002_202509,H0066,P002,2025-09-01,1,2,44,22.0
H0066_P002_202510,H0066,P002,2025-10-01,1,1,49,49.0
H0066_P002_202511,H0066,P002,2025-11-01,1,2,58,29.0
H0066_P002_202512,H0066,P002,2025-12-01,1,1,50,50.0
H0066_P002_202601,H0066,P002,2026-01-01,1,4,100,25.0
H0066_P002_202602,H0066,P002,2026-02-01,1,1,47,47.0
H0066_P002_202603,H0066,P002,2026-03-01,1,3,162,54.0
H0066_P003_202506,H0066,P003,2025-06-01,1,1,42,42.0
H0066_P003_202509,H0066,P003,2025-09-01,1,1,23,23.0
H0066_P003_202510,H0066,P003,2025-10-01,1,3,87,29.0
H0066_P003_202511,H0066,P003,2025-11-01,1,1,59,59.0
H0066_P003_202601,H0066,P003,2026-01-01,1,2,114,57.0
H0066_P003_202602,H0066,P003,2026-02-01,1,3,147,49.0
H0066_P003_202603,H0066,P003,2026-03-01,1,1,24,24.0
H0066_P004_202506,H0066,P004,2025-06-01,1,1,38,38.0
H0066_P004_202507,H0066,P004,2025-07-01,1,2,72,36.0
H0066_P004_202508,H0066,P004,2025-08-01,1,3,117,39.0
H0066_P004_202509,H0066,P004,2025-09-01,1,2,120,60.0
H0066_P004_202511,H0066,P004,2025-11-01,1,1,40,40.0
H0066_P005_202506,H0066,P005,2025-06-01,1,3,129,43.0
H0066_P005_202507,H0066,P005,2025-07-01,1,4,180,45.0
H0066_P005_202509,H0066,P005,2025-09-01,1,2,54,27.0
H0066_P005_202510,H0066,P005,2025-10-01,1,2,100,50.0
H0066_P005_202511,H0066,P005,2025-11-01,1,3,60,20.0
H0066_P005_202512,H0066,P005,2025-12-01,1,1,43,43.0
H0066_P005_202601,H0066,P005,2026-01-01,1,1,60,60.0
H0066_P005_202603,H0066,P005,2026-03-01,1,3,138,46.0
H0067_P003_202510,H0067,P003,2025-10-01,1,1,49,49.0
H0067_P003_202511,H0067,P003,2025-11-01,1,1,22,22.0
H0067_P003_202602,H0067,P003,2026-02-01,1,1,23,23.0
H0068_P001_202509,H0068,P001,2025-09-01,1,1,43,43.0
H0068_P001_202601,H0068,P001,2026-01-01,1,1,44,44.0
H0068_P001_202602,H0068,P001,2026-02-01,1,1,23,23.0
H0068_P002_202508,H0068,P002,2025-08-01,1,1,35,35.0
H0068_P003_202507,H0068,P003,2025-07-01,1,1,47,47.0
H0068_P004_202506,H0068,P004,2025-06-01,1,1,48,48.0
H0068_P005_202506,H0068,P005,2025-06-01,1,2,76,38.0
H0068_P005_202508,H0068,P005,2025-08-01,1,1,29,29.0
H0068_P005_202509,H0068,P005,2025-09-01,1,1,29,29.0
H0068_P005_202511,H0068,P005,2025-11-01,1,1,38,38.0
H0068_P005_202512,H0068,P005,2025-12-01,1,2,60,30.0
H0068_P005_202603,H0068,P005,2026-03-01,1,3,111,37.0
H0069_P001_202506,H0069,P001,2025-06-01,1,3,108,36.0
H0069_P001_202507,H0069,P001,2025-07-01,1,3,156,52.0
H0069_P001_202509,H0069,P001,2025-09-01,1,1,45,45.0
H0069_P001_202510,H0069,P001,2025-10-01,1,3,141,47.0
H0069_P001_202511,H0069,P001,2025-11-01,1,3,171,57.0
H0069_P001_202512,H0069,P001,2025-12-01,1,4,240,60.0
H0069_P001_202601,H0069,P001,2026-01-01,1,4,192,48.0
H0069_P001_202602,H0069,P001,2026-02-01,1,4,220,55.0
H0069_P001_202603,H0069,P001,2026-03-01,1,4,100,25.0
H0069_P002_202506,H0069,P002,2025-06-01,1,9,450,50.0
H0069_P002_202507,H0069,P002,2025-07-01,1,12,504,42.0
H0069_P002_202508,H0069,P002,2025-08-01,1,5,115,23.0
H0069_P002_202509,H0069,P002,2025-09-01,1,9,486,54.0
H0069_P002_202510,H0069,P002,2025-10-01,1,8,216,27.0
H0069_P002_202511,H0069,P002,2025-11-01,1,9,540,60.0
H0069_P002_202512,H0069,P002,2025-12-01,1,6,270,45.0
H0069_P002_202601,H0069,P002,2026-01-01,1,11,550,50.0
H0069_P002_202602,H0069,P002,2026-02-01,1,3,147,49.0
H0069_P002_202603,H0069,P002,2026-03-01,1,4,232,58.0
H0069_P003_202506,H0069,P003,2025-06-01,1,6,192,32.0
H0069_P003_202507,H0069,P003,2025-07-01,1,4,128,32.0
H0069_P003_202508,H0069,P003,2025-08-01,1,3,93,31.0
H0069_P003_202509,H0069,P003,2025-09-01,1,4,144,36.0
H0069_P003_202510,H0069,P003,2025-10-01,1,3,120,40.0
H0069_P003_202511,H0069,P003,2025-11-01,1,9,297,33.0
H0069_P003_202512,H0069,P003,2025-12-01,1,6,354,59.0
H0069_P003_202601,H0069,P003,2026-01-01,1,5,200,40.0
H0069_P003_202602,H0069,P003,2026-02-01,1,2,64,32.0
H0069_P003_202603,H0069,P003,2026-03-01,1,2,66,33.0
H0069_P004_202506,H0069,P004,2025-06-01,1,5,150,30.0
H0069_P004_202507,H0069,P004,2025-07-01,1,3,177,59.0
H0069_P004_202508,H0069,P004,2025-08-01,1,5,135,27.0
H0069_P004_202509,H0069,P004,2025-09-01,1,6,360,60.0
H0069_P004_202510,H0069,P004,2025-10-01,1,10,580,58.0
H0069_P004_202511,H0069,P004,2025-11-01,1,3,174,58.0
H0069_P004_202512,H0069,P004,2025-12-01,1,9,486,54.0
H0069_P004_202601,H0069,P004,2026-01-01,1,2,120,60.0
H0069_P004_202602,H0069,P004,2026-02-01,1,2,50,25.0
H0069_P004_202603,H0069,P004,2026-03-01,1,1,35,35.0
H0069_P005_202506,H0069,P005,2025-06-01,1,2,86,43.0
H0069_P005_202507,H0069,P005,2025-07-01,1,2,48,24.0
H0069_P005_202509,H0069,P005,2025-09-01,1,8,192,24.0
H0069_P005_202510,H0069,P005,2025-10-01,1,2,94,47.0
H0069_P005_202511,H0069,P005,2025-11-01,1,3,66,22.0
H0069_P005_202512,H0069,P005,2025-12-01,1,4,192,48.0
H0069_P005_202601,H0069,P005,2026-01-01,1,3,138,46.0
H0069_P005_202602,H0069,P005,2026-02-01,1,3,108,36.0
H0069_P005_202603,H0069,P005,2026-03-01,1,2,100,50.0
H0070_P001_202509,H0070,P001,2025-09-01,1,1,32,32.0
H0070_P001_202602,H0070,P001,2026-02-01,1,1,35,35.0
H0070_P002_202601,H0070,P002,2026-01-01,1,3,105,35.0
H0070_P003_202506,H0070,P003,2025-06-01,1,1,43,43.0
H0070_P003_202507,H0070,P003,2025-07-01,1,1,27,27.0
H0070_P003_202508,H0070,P003,2025-08-01,1,1,41,41.0
H0070_P003_202510,H0070,P003,2025-10-01,1,1,25,25.0
H0070_P003_202512,H0070,P003,2025-12-01,1,1,46,46.0
H0070_P003_202601,H0070,P003,2026-01-01,1,3,114,38.0
H0070_P004_202506,H0070,P004,2025-06-01,1,2,58,29.0
H0070_P004_202508,H0070,P004,2025-08-01,1,2,40,20.0
H0070_P004_202511,H0070,P004,2025-11-01,1,1,27,27.0
H0070_P004_202512,H0070,P004,2025-12-01,1,2,46,23.0
H0070_P004_202601,H0070,P004,2026-01-01,1,2,74,37.0
H0070_P004_202602,H0070,P004,2026-02-01,1,1,59,59.0
H0070_P005_202506,H0070,P005,2025-06-01,1,1,24,24.0
H0070_P005_202507,H0070,P005,2025-07-01,1,1,23,23.0
H0070_P005_202508,H0070,P005,2025-08-01,1,2,74,37.0
H0070_P005_202509,H0070,P005,2025-09-01,1,1,37,37.0
H0070_P005_202510,H0070,P005,2025-10-01,1,1,51,51.0
H0070_P005_202511,H0070,P005,2025-11-01,1,4,176,44.0
H0070_P005_202601,H0070,P005,2026-01-01,1,2,108,54.0
H0071_P001_202506,H0071,P001,2025-06-01,1,3,165,55.0
H0071_P001_202507,H0071,P001,2025-07-01,1,4,92,23.0
H0071_P001_202508,H0071,P001,2025-08-01,1,5,200,40.0
H0071_P001_202509,H0071,P001,2025-09-01,1,2,112,56.0
H0071_P001_202510,H0071,P001,2025-10-01,1,5,115,23.0
H0071_P001_202511,H0071,P001,2025-11-01,1,4,228,57.0
H0071_P001_202512,H0071,P001,2025-12-01,1,1,34,34.0
H0071_P001_202601,H0071,P001,2026-01-01,1,3,102,34.0
H0071_P001_202602,H0071,P001,2026-02-01,1,2,78,39.0
H0071_P002_202506,H0071,P002,2025-06-01,1,2,48,24.0
H0071_P002_202507,H0071,P002,2025-07-01,1,2,42,21.0
H0071_P002_202508,H0071,P002,2025-08-01,1,2,86,43.0
H0071_P002_202509,H0071,P002,2025-09-01,1,2,46,23.0
H0071_P002_202510,H0071,P002,2025-10-01,1,2,114,57.0
H0071_P002_202512,H0071,P002,2025-12-01,1,1,22,22.0
H0071_P002_202603,H0071,P002,2026-03-01,1,1,54,54.0
H0071_P003_202507,H0071,P003,2025-07-01,1,1,24,24.0
H0071_P003_202508,H0071,P003,2025-08-01,1,2,64,32.0
H0071_P003_202509,H0071,P003,2025-09-01,1,2,82,41.0
H0071_P003_202510,H0071,P003,2025-10-01,1,1,46,46.0
H0071_P003_202511,H0071,P003,2025-11-01,1,1,29,29.0
H0071_P003_202512,H0071,P003,2025-12-01,1,2,102,51.0
H0071_P003_202601,H0071,P003,2026-01-01,1,1,41,41.0
H0071_P003_202602,H0071,P003,2026-02-01,1,4,152,38.0
H0071_P004_202506,H0071,P004,2025-06-01,1,1,45,45.0
H0071_P004_202507,H0071,P004,2025-07-01,1,1,35,35.0
H0071_P004_202508,H0071,P004,2025-08-01,1,1,29,29.0
H0071_P004_202601,H0071,P004,2026-01-01,1,2,80,40.0
H0071_P004_202603,H0071,P004,2026-03-01,1,2,72,36.0
H0071_P005_202506,H0071,P005,2025-06-01,1,1,32,32.0
H0071_P005_202507,H0071,P005,2025-07-01,1,2,120,60.0
H0071_P005_202509,H0071,P005,2025-09-01,1,3,132,44.0
H0071_P005_202511,H0071,P005,2025-11-01,1,4,172,43.0
H0071_P005_202601,H0071,P005,2026-01-01,1,4,104,26.0
H0071_P005_202602,H0071,P005,2026-02-01,1,2,52,26.0
H0072_P001_202506,H0072,P001,2025-06-01,1,3,147,49.0
H0072_P001_202507,H0072,P001,2025-07-01,1,4,88,22.0
H0072_P001_202509,H0072,P001,2025-09-01,1,2,48,24.0
H0072_P001_202512,H0072,P001,2025-12-01,1,4,168,42.0
H0072_P001_202601,H0072,P001,2026-01-01,1,2,42,21.0
H0072_P001_202602,H0072,P001,2026-02-01,1,1,31,31.0
H0072_P001_202603,H0072,P001,2026-03-01,1,2,72,36.0
H0072_P002_202506,H0072,P002,2025-06-01,1,4,88,22.0
H0072_P002_202507,H0072,P002,2025-07-01,1,2,92,46.0
H0072_P002_202509,H0072,P002,2025-09-01,1,1,48,48.0
H0072_P002_202510,H0072,P002,2025-10-01,1,2,96,48.0
H0072_P002_202511,H0072,P002,2025-11-01,1,2,118,59.0
H0072_P002_202603,H0072,P002,2026-03-01,1,1,24,24.0
H0072_P003_202506,H0072,P003,2025-06-01,1,1,36,36.0
H0072_P003_202507,H0072,P003,2025-07-01,1,1,35,35.0
H0072_P003_202510,H0072,P003,2025-10-01,1,1,54,54.0
H0072_P003_202511,H0072,P003,2025-11-01,1,2,50,25.0
H0072_P003_202601,H0072,P003,2026-01-01,1,1,60,60.0
H0072_P003_202603,H0072,P003,2026-03-01,1,1,24,24.0
H0072_P004_202506,H0072,P004,2025-06-01,1,2,100,50.0
H0072_P004_202507,H0072,P004,2025-07-01,1,2,76,38.0
H0072_P004_202508,H0072,P004,2025-08-01,1,5,155,31.0
H0072_P004_202509,H0072,P004,2025-09-01,1,3,66,22.0
H0072_P004_202510,H0072,P004,2025-10-01,1,4,228,57.0
H0072_P004_202511,H0072,P004,2025-11-01,1,1,24,24.0
H0072_P004_202512,H0072,P004,2025-12-01,1,5,180,36.0
H0072_P004_202601,H0072,P004,2026-01-01,1,1,25,25.0
H0072_P004_202602,H0072,P004,2026-02-01,1,3,165,55.0
H0072_P004_202603,H0072,P004,2026-03-01,1,3,171,57.0
H0072_P005_202507,H0072,P005,2025-07-01,1,1,58,58.0
H0072_P005_202602,H0072,P005,2026-02-01,1,1,44,44.0
H0073_P001_202506,H0073,P001,2025-06-01,1,2,90,45.0
H0073_P001_202507,H0073,P001,2025-07-01,1,1,34,34.0
H0073_P001_202508,H0073,P001,2025-08-01,1,4,240,60.0
H0073_P001_202509,H0073,P001,2025-09-01,1,1,35,35.0
H0073_P001_202510,H0073,P001,2025-10-01,1,2,118,59.0
H0073_P001_202511,H0073,P001,2025-11-01,1,4,216,54.0
H0073_P001_202512,H0073,P001,2025-12-01,1,3,120,40.0
H0073_P001_202601,H0073,P001,2026-01-01,1,2,108,54.0
H0073_P001_202602,H0073,P001,2026-02-01,1,1,35,35.0
H0073_P001_202603,H0073,P001,2026-03-01,1,1,36,36.0
H0073_P002_202506,H0073,P002,2025-06-01,1,1,44,44.0
H0073_P002_202507,H0073,P002,2025-07-01,1,2,88,44.0
H0073_P002_202508,H0073,P002,2025-08-01,1,1,27,27.0
H0073_P002_202509,H0073,P002,2025-09-01,1,1,34,34.0
H0073_P002_202510,H0073,P002,2025-10-01,1,3,78,26.0
H0073_P002_202511,H0073,P002,2025-11-01,1,2,64,32.0
H0073_P002_202512,H0073,P002,2025-12-01,1,1,50,50.0
H0073_P002_202601,H0073,P002,2026-01-01,1,2,106,53.0
H0073_P002_202603,H0073,P002,2026-03-01,1,3,117,39.0
H0073_P003_202509,H0073,P003,2025-09-01,1,3,69,23.0
H0073_P003_202511,H0073,P003,2025-11-01,1,1,23,23.0
H0073_P004_202507,H0073,P004,2025-07-01,1,1,31,31.0
H0073_P004_202508,H0073,P004,2025-08-01,1,1,54,54.0
H0073_P004_202510,H0073,P004,2025-10-01,1,1,45,45.0
H0073_P005_202506,H0073,P005,2025-06-01,1,2,60,30.0
H0073_P005_202507,H0073,P005,2025-07-01,1,1,57,57.0
H0073_P005_202511,H0073,P005,2025-11-01,1,1,24,24.0
H0073_P005_202601,H0073,P005,2026-01-01,1,1,48,48.0
H0073_P005_202603,H0073,P005,2026-03-01,1,1,42,42.0
H0074_P001_202509,H0074,P001,2025-09-01,1,1,54,54.0
H0074_P001_202511,H0074,P001,2025-11-01,1,1,57,57.0
H0074_P001_202512,H0074,P001,2025-12-01,1,1,47,47.0
H0074_P002_202506,H0074,P002,2025-06-01,1,2,104,52.0
H0074_P002_202507,H0074,P002,2025-07-01,1,1,43,43.0
H0074_P002_202508,H0074,P002,2025-08-01,1,1,23,23.0
H0074_P002_202509,H0074,P002,2025-09-01,1,1,31,31.0
H0074_P002_202510,H0074,P002,2025-10-01,1,2,106,53.0
H0074_P002_202511,H0074,P002,2025-11-01,1,1,55,55.0
H0074_P002_202512,H0074,P002,2025-12-01,1,2,96,48.0
H0074_P002_202601,H0074,P002,2026-01-01,1,1,20,20.0
H0074_P002_202602,H0074,P002,2026-02-01,1,1,32,32.0
H0074_P002_202603,H0074,P002,2026-03-01,1,5,160,32.0
H0074_P003_202506,H0074,P003,2025-06-01,1,5,230,46.0
H0074_P003_202507,H0074,P003,2025-07-01,1,1,32,32.0
H0074_P003_202508,H0074,P003,2025-08-01,1,4,184,46.0
H0074_P003_202509,H0074,P003,2025-09-01,1,2,80,40.0
H0074_P003_202510,H0074,P003,2025-10-01,1,4,116,29.0
H0074_P003_202511,H0074,P003,2025-11-01,1,3,126,42.0
H0074_P003_202512,H0074,P003,2025-12-01,1,2,116,58.0
H0074_P003_202601,H0074,P003,2026-01-01,1,2,76,38.0
H0074_P003_202602,H0074,P003,2026-02-01,1,5,235,47.0
H0074_P003_202603,H0074,P003,2026-03-01,1,1,59,59.0
H0074_P004_202506,H0074,P004,2025-06-01,1,4,140,35.0
H0074_P004_202507,H0074,P004,2025-07-01,1,2,64,32.0
H0074_P004_202508,H0074,P004,2025-08-01,1,5,130,26.0
H0074_P004_202509,H0074,P004,2025-09-01,1,1,36,36.0
H0074_P004_202510,H0074,P004,2025-10-01,1,2,46,23.0
H0074_P004_202511,H0074,P004,2025-11-01,1,2,116,58.0
H0074_P004_202512,H0074,P004,2025-12-01,1,3,180,60.0
H0074_P004_202601,H0074,P004,2026-01-01,1,1,37,37.0
H0074_P004_202602,H0074,P004,2026-02-01,1,3,180,60.0
H0074_P004_202603,H0074,P004,2026-03-01,1,2,76,38.0
H0074_P005_202511,H0074,P005,2025-11-01,1,1,44,44.0
H0074_P005_202512,H0074,P005,2025-12-01,1,1,53,53.0
H0075_P001_202507,H0075,P001,2025-07-01,1,2,62,31.0
H0075_P001_202508,H0075,P001,2025-08-01,1,1,34,34.0
H0075_P001_202509,H0075,P001,2025-09-01,1,1,38,38.0
H0075_P001_202511,H0075,P001,2025-11-01,1,2,64,32.0
H0075_P001_202512,H0075,P001,2025-12-01,1,1,54,54.0
H0075_P001_202603,H0075,P001,2026-03-01,1,1,42,42.0
H0075_P002_202508,H0075,P002,2025-08-01,1,1,35,35.0
H0075_P002_202509,H0075,P002,2025-09-01,1,1,56,56.0
H0075_P002_202510,H0075,P002,2025-10-01,1,1,22,22.0
H0075_P002_202601,H0075,P002,2026-01-01,1,1,49,49.0
H0075_P003_202506,H0075,P003,2025-06-01,1,2,58,29.0
H0075_P003_202507,H0075,P003,2025-07-01,1,1,40,40.0
H0075_P003_202509,H0075,P003,2025-09-01,1,3,60,20.0
H0075_P003_202510,H0075,P003,2025-10-01,1,2,68,34.0
H0075_P003_202512,H0075,P003,2025-12-01,1,2,100,50.0
H0075_P003_202601,H0075,P003,2026-01-01,1,1,51,51.0
H0075_P003_202602,H0075,P003,2026-02-01,1,1,51,51.0
H0075_P003_202603,H0075,P003,2026-03-01,1,1,46,46.0
H0075_P004_202507,H0075,P004,2025-07-01,1,2,80,40.0
H0075_P004_202508,H0075,P004,2025-08-01,1,1,20,20.0
H0075_P004_202509,H0075,P004,2025-09-01,1,1,34,34.0
H0075_P004_202510,H0075,P004,2025-10-01,1,2,70,35.0
H0075_P004_202511,H0075,P004,2025-11-01,1,1,44,44.0
H0075_P004_202512,H0075,P004,2025-12-01,1,1,47,47.0
H0075_P004_202601,H0075,P004,2026-01-01,1,1,45,45.0
H0075_P004_202602,H0075,P004,2026-02-01,1,2,80,40.0
H0075_P004_202603,H0075,P004,2026-03-01,1,2,66,33.0
H0075_P005_202506,H0075,P005,2025-06-01,1,2,62,31.0
H0075_P005_202507,H0075,P005,2025-07-01,1,2,94,47.0
H0075_P005_202508,H0075,P005,2025-08-01,1,2,120,60.0
H0075_P005_202509,H0075,P005,2025-09-01,1,1,60,60.0
H0075_P005_202510,H0075,P005,2025-10-01,1,2,56,28.0
H0075_P005_202511,H0075,P005,2025-11-01,1,1,25,25.0
H0075_P005_202512,H0075,P005,2025-12-01,1,4,164,41.0
H0075_P005_202601,H0075,P005,2026-01-01,1,1,37,37.0
H0075_P005_202603,H0075,P005,2026-03-01,1,1,35,35.0
H0076_P001_202506,H0076,P001,2025-06-01,1,2,46,23.0
H0076_P001_202507,H0076,P001,2025-07-01,1,3,117,39.0
H0076_P001_202508,H0076,P001,2025-08-01,1,4,108,27.0
H0076_P001_202509,H0076,P001,2025-09-01,1,1,52,52.0
H0076_P001_202510,H0076,P001,2025-10-01,1,2,104,52.0
H0076_P001_202511,H0076,P001,2025-11-01,1,4,204,51.0
H0076_P001_202512,H0076,P001,2025-12-01,1,5,120,24.0
H0076_P001_202601,H0076,P001,2026-01-01,1,2,54,27.0
H0076_P001_202602,H0076,P001,2026-02-01,1,4,192,48.0
H0076_P001_202603,H0076,P001,2026-03-01,1,1,23,23.0
H0076_P002_202512,H0076,P002,2025-12-01,1,1,60,60.0
H0076_P002_202601,H0076,P002,2026-01-01,1,1,32,32.0
H0076_P002_202602,H0076,P002,2026-02-01,1,1,57,57.0
H0076_P003_202506,H0076,P003,2025-06-01,1,1,55,55.0
H0076_P003_202509,H0076,P003,2025-09-01,1,4,168,42.0
H0076_P003_202510,H0076,P003,2025-10-01,1,1,33,33.0
H0076_P003_202511,H0076,P003,2025-11-01,1,1,50,50.0
H0076_P003_202512,H0076,P003,2025-12-01,1,3,66,22.0
H0076_P003_202601,H0076,P003,2026-01-01,1,4,140,35.0
H0076_P003_202602,H0076,P003,2026-02-01,1,2,40,20.0
H0076_P003_202603,H0076,P003,2026-03-01,1,2,102,51.0
H0076_P004_202506,H0076,P004,2025-06-01,1,1,49,49.0
H0076_P004_202508,H0076,P004,2025-08-01,1,1,31,31.0
H0076_P004_202509,H0076,P004,2025-09-01,1,1,31,31.0
H0076_P004_202511,H0076,P004,2025-11-01,1,2,110,55.0
H0076_P004_202602,H0076,P004,2026-02-01,1,1,52,52.0
H0076_P004_202603,H0076,P004,2026-03-01,1,1,21,21.0
H0076_P005_202506,H0076,P005,2025-06-01,1,2,120,60.0
H0076_P005_202509,H0076,P005,2025-09-01,1,3,159,53.0
H0076_P005_202510,H0076,P005,2025-10-01,1,1,22,22.0
H0076_P005_202512,H0076,P005,2025-12-01,1,2,102,51.0
H0076_P005_202601,H0076,P005,2026-01-01,1,1,42,42.0
H0076_P005_202602,H0076,P005,2026-02-01,1,1,56,56.0
H0076_P005_202603,H0076,P005,2026-03-01,1,2,64,32.0
H0077_P001_202506,H0077,P001,2025-06-01,1,3,84,28.0
H0077_P001_202507,H0077,P001,2025-07-01,1,2,90,45.0
H0077_P001_202510,H0077,P001,2025-10-01,1,1,33,33.0
H0077_P001_202511,H0077,P001,2025-11-01,1,2,62,31.0
H0077_P001_202512,H0077,P001,2025-12-01,1,1,41,41.0
H0077_P001_202602,H0077,P001,2026-02-01,1,1,20,20.0
H0077_P001_202603,H0077,P001,2026-03-01,1,1,35,35.0
H0077_P002_202506,H0077,P002,2025-06-01,1,1,28,28.0
H0077_P002_202507,H0077,P002,2025-07-01,1,2,96,48.0
H0077_P002_202508,H0077,P002,2025-08-01,1,2,88,44.0
H0077_P002_202510,H0077,P002,2025-10-01,1,2,42,21.0
H0077_P002_202512,H0077,P002,2025-12-01,1,2,116,58.0
H0077_P002_202601,H0077,P002,2026-01-01,1,3,105,35.0
H0077_P002_202602,H0077,P002,2026-02-01,1,1,59,59.0
H0077_P002_202603,H0077,P002,2026-03-01,1,1,52,52.0
H0077_P003_202506,H0077,P003,2025-06-01,1,4,152,38.0
H0077_P003_202507,H0077,P003,2025-07-01,1,3,171,57.0
H0077_P003_202508,H0077,P003,2025-08-01,1,2,104,52.0
H0077_P003_202509,H0077,P003,2025-09-01,1,2,80,40.0
H0077_P003_202510,H0077,P003,2025-10-01,1,1,28,28.0
H0077_P003_202511,H0077,P003,2025-11-01,1,1,22,22.0
H0077_P003_202512,H0077,P003,2025-12-01,1,3,129,43.0
H0077_P003_202601,H0077,P003,2026-01-01,1,1,49,49.0
H0077_P003_202602,H0077,P003,2026-02-01,1,2,64,32.0
H0077_P003_202603,H0077,P003,2026-03-01,1,1,47,47.0
H0077_P004_202506,H0077,P004,2025-06-01,1,1,50,50.0
H0077_P004_202507,H0077,P004,2025-07-01,1,2,50,25.0
H0077_P004_202511,H0077,P004,2025-11-01,1,3,126,42.0
H0077_P004_202601,H0077,P004,2026-01-01,1,1,21,21.0
H0077_P004_202602,H0077,P004,2026-02-01,1,1,28,28.0
H0077_P004_202603,H0077,P004,2026-03-01,1,2,96,48.0
H0077_P005_202507,H0077,P005,2025-07-01,1,1,29,29.0
H0077_P005_202508,H0077,P005,2025-08-01,1,1,30,30.0
H0077_P005_202509,H0077,P005,2025-09-01,1,1,36,36.0
H0077_P005_202510,H0077,P005,2025-10-01,1,1,34,34.0
H0077_P005_202511,H0077,P005,2025-11-01,1,1,23,23.0
H0077_P005_202601,H0077,P005,2026-01-01,1,1,59,59.0
H0077_P005_202603,H0077,P005,2026-03-01,1,1,38,38.0
H0078_P001_202511,H0078,P001,2025-11-01,1,1,42,42.0
H0078_P001_202602,H0078,P001,2026-02-01,1,1,53,53.0
H0078_P002_202506,H0078,P002,2025-06-01,1,2,82,41.0
H0078_P002_202510,H0078,P002,2025-10-01,1,1,35,35.0
H0078_P002_202511,H0078,P002,2025-11-01,1,1,56,56.0
H0078_P002_202601,H0078,P002,2026-01-01,1,2,74,37.0
H0078_P002_202602,H0078,P002,2026-02-01,1,1,50,50.0
H0078_P002_202603,H0078,P002,2026-03-01,1,1,52,52.0
H0078_P003_202506,H0078,P003,2025-06-01,1,7,252,36.0
H0078_P003_202507,H0078,P003,2025-07-01,1,2,98,49.0
H0078_P003_202508,H0078,P003,2025-08-01,1,5,275,55.0
H0078_P003_202509,H0078,P003,2025-09-01,1,4,156,39.0
H0078_P003_202510,H0078,P003,2025-10-01,1,3,171,57.0
H0078_P003_202511,H0078,P003,2025-11-01,1,5,285,57.0
H0078_P003_202512,H0078,P003,2025-12-01,1,4,140,35.0
H0078_P003_202601,H0078,P003,2026-01-01,1,3,132,44.0
H0078_P003_202602,H0078,P003,2026-02-01,1,8,440,55.0
H0078_P003_202603,H0078,P003,2026-03-01,1,1,52,52.0
H0078_P004_202508,H0078,P004,2025-08-01,1,1,49,49.0
H0078_P004_202510,H0078,P004,2025-10-01,1,1,47,47.0
H0078_P004_202512,H0078,P004,2025-12-01,1,1,30,30.0
H0078_P004_202601,H0078,P004,2026-01-01,1,1,47,47.0
H0078_P005_202506,H0078,P005,2025-06-01,1,2,92,46.0
H0078_P005_202507,H0078,P005,2025-07-01,1,2,72,36.0
H0078_P005_202508,H0078,P005,2025-08-01,1,2,118,59.0
H0078_P005_202509,H0078,P005,2025-09-01,1,1,33,33.0
H0078_P005_202510,H0078,P005,2025-10-01,1,2,114,57.0
H0078_P005_202512,H0078,P005,2025-12-01,1,2,102,51.0
H0078_P005_202601,H0078,P005,2026-01-01,1,3,87,29.0
H0079_P001_202506,H0079,P001,2025-06-01,1,1,57,57.0
H0079_P001_202507,H0079,P001,2025-07-01,1,1,23,23.0
H0079_P001_202508,H0079,P001,2025-08-01,1,1,30,30.0
H0079_P001_202509,H0079,P001,2025-09-01,1,2,100,50.0
H0079_P001_202510,H0079,P001,2025-10-01,1,1,20,20.0
H0079_P001_202511,H0079,P001,2025-11-01,1,1,57,57.0
H0079_P001_202512,H0079,P001,2025-12-01,1,1,36,36.0
H0079_P001_202601,H0079,P001,2026-01-01,1,1,53,53.0
H0079_P001_202602,H0079,P001,2026-02-01,1,1,43,43.0
H0079_P001_202603,H0079,P001,2026-03-01,1,1,39,39.0
H0079_P002_202506,H0079,P002,2025-06-01,1,1,36,36.0
H0079_P002_202508,H0079,P002,2025-08-01,1,1,26,26.0
H0079_P002_202601,H0079,P002,2026-01-01,1,2,72,36.0
H0079_P002_202602,H0079,P002,2026-02-01,1,1,59,59.0
H0079_P003_202507,H0079,P003,2025-07-01,1,1,57,57.0
H0079_P003_202509,H0079,P003,2025-09-01,1,3,153,51.0
H0079_P003_202512,H0079,P003,2025-12-01,1,1,47,47.0
H0079_P004_202506,H0079,P004,2025-06-01,1,2,72,36.0
H0079_P004_202507,H0079,P004,2025-07-01,1,2,40,20.0
H0079_P004_202508,H0079,P004,2025-08-01,1,3,108,36.0
H0079_P004_202509,H0079,P004,2025-09-01,1,4,240,60.0
H0079_P004_202510,H0079,P004,2025-10-01,1,1,59,59.0
H0079_P004_202511,H0079,P004,2025-11-01,1,2,84,42.0
H0079_P004_202512,H0079,P004,2025-12-01,1,5,210,42.0
H0079_P004_202602,H0079,P004,2026-02-01,1,4,220,55.0
H0079_P004_202603,H0079,P004,2026-03-01,1,1,33,33.0
H0079_P005_202506,H0079,P005,2025-06-01,1,6,336,56.0
H0079_P005_202507,H0079,P005,2025-07-01,1,4,112,28.0
H0079_P005_202509,H0079,P005,2025-09-01,1,3,147,49.0
H0079_P005_202510,H0079,P005,2025-10-01,1,3,99,33.0
H0079_P005_202511,H0079,P005,2025-11-01,1,1,21,21.0
H0079_P005_202512,H0079,P005,2025-12-01,1,3,87,29.0
H0079_P005_202601,H0079,P005,2026-01-01,1,1,58,58.0
H0079_P005_202602,H0079,P005,2026-02-01,1,4,148,37.0
H0079_P005_202603,H0079,P005,2026-03-01,1,1,41,41.0
H0080_P001_202506,H0080,P001,2025-06-01,1,2,76,38.0
H0080_P001_202508,H0080,P001,2025-08-01,1,1,59,59.0
H0080_P001_202601,H0080,P001,2026-01-01,1,1,35,35.0
H0080_P003_202506,H0080,P003,2025-06-01,1,1,24,24.0
H0080_P003_202507,H0080,P003,2025-07-01,1,1,44,44.0
H0080_P003_202509,H0080,P003,2025-09-01,1,1,42,42.0
H0080_P003_202601,H0080,P003,2026-01-01,1,1,56,56.0
H0080_P003_202602,H0080,P003,2026-02-01,1,1,32,32.0
H0080_P003_202603,H0080,P003,2026-03-01,1,2,52,26.0
H0080_P005_202506,H0080,P005,2025-06-01,1,2,42,21.0
H0080_P005_202508,H0080,P005,2025-08-01,1,1,22,22.0
H0080_P005_202509,H0080,P005,2025-09-01,1,4,84,21.0
H0080_P005_202512,H0080,P005,2025-12-01,1,1,60,60.0
H0080_P005_202601,H0080,P005,2026-01-01,1,1,55,55.0
H0080_P005_202602,H0080,P005,2026-02-01,1,1,25,25.0
H0080_P005_202603,H0080,P005,2026-03-01,1,2,52,26.0
H0081_P003_202510,H0081,P003,2025-10-01,1,1,49,49.0
H0081_P003_202511,H0081,P003,2025-11-01,1,1,37,37.0
H0081_P003_202601,H0081,P003,2026-01-01,1,1,47,47.0
H0081_P003_202603,H0081,P003,2026-03-01,1,1,30,30.0
H0082_P001_202506,H0082,P001,2025-06-01,1,2,116,58.0
H0082_P001_202508,H0082,P001,2025-08-01,1,2,44,22.0
H0082_P001_202509,H0082,P001,2025-09-01,1,1,33,33.0
H0082_P001_202510,H0082,P001,2025-10-01,1,1,59,59.0
H0082_P001_202511,H0082,P001,2025-11-01,1,2,44,22.0
H0082_P001_202512,H0082,P001,2025-12-01,1,2,54,27.0
H0082_P001_202601,H0082,P001,2026-01-01,1,3,99,33.0
H0082_P001_202602,H0082,P001,2026-02-01,1,3,162,54.0
H0082_P001_202603,H0082,P001,2026-03-01,1,1,37,37.0
H0082_P002_202506,H0082,P002,2025-06-01,1,1,52,52.0
H0082_P002_202507,H0082,P002,2025-07-01,1,1,38,38.0
H0082_P002_202508,H0082,P002,2025-08-01,1,5,200,40.0
H0082_P002_202509,H0082,P002,2025-09-01,1,4,132,33.0
H0082_P002_202510,H0082,P002,2025-10-01,1,4,196,49.0
H0082_P002_202511,H0082,P002,2025-11-01,1,4,140,35.0
H0082_P002_202512,H0082,P002,2025-12-01,1,5,140,28.0
H0082_P002_202601,H0082,P002,2026-01-01,1,2,92,46.0
H0082_P002_202602,H0082,P002,2026-02-01,1,4,128,32.0
H0082_P002_202603,H0082,P002,2026-03-01,1,3,150,50.0
H0082_P003_202507,H0082,P003,2025-07-01,1,2,68,34.0
H0082_P003_202508,H0082,P003,2025-08-01,1,2,74,37.0
H0082_P003_202509,H0082,P003,2025-09-01,1,5,175,35.0
H0082_P003_202510,H0082,P003,2025-10-01,1,2,44,22.0
H0082_P003_202511,H0082,P003,2025-11-01,1,2,64,32.0
H0082_P003_202512,H0082,P003,2025-12-01,1,8,328,41.0
H0082_P003_202601,H0082,P003,2026-01-01,1,3,114,38.0
H0082_P003_202602,H0082,P003,2026-02-01,1,2,74,37.0
H0082_P003_202603,H0082,P003,2026-03-01,1,3,108,36.0
H0082_P004_202506,H0082,P004,2025-06-01,1,7,287,41.0
H0082_P004_202507,H0082,P004,2025-07-01,1,6,258,43.0
H0082_P004_202508,H0082,P004,2025-08-01,1,2,76,38.0
H0082_P004_202509,H0082,P004,2025-09-01,1,8,256,32.0
H0082_P004_202510,H0082,P004,2025-10-01,1,6,306,51.0
H0082_P004_202511,H0082,P004,2025-11-01,1,6,126,21.0
H0082_P004_202512,H0082,P004,2025-12-01,1,3,135,45.0
H0082_P004_202601,H0082,P004,2026-01-01,1,3,168,56.0
H0082_P004_202602,H0082,P004,2026-02-01,1,6,258,43.0
H0082_P004_202603,H0082,P004,2026-03-01,1,2,120,60.0
H0082_P005_202506,H0082,P005,2025-06-01,1,4,164,41.0
H0082_P005_202507,H0082,P005,2025-07-01,1,8,464,58.0
H0082_P005_202508,H0082,P005,2025-08-01,1,4,188,47.0
H0082_P005_202509,H0082,P005,2025-09-01,1,4,96,24.0
H0082_P005_202510,H0082,P005,2025-10-01,1,7,189,27.0
H0082_P005_202511,H0082,P005,2025-11-01,1,4,144,36.0
H0082_P005_202512,H0082,P005,2025-12-01,1,6,234,39.0
H0082_P005_202601,H0082,P005,2026-01-01,1,4,236,59.0
H0082_P005_202602,H0082,P005,2026-02-01,1,4,232,58.0
H0082_P005_202603,H0082,P005,2026-03-01,1,5,215,43.0
H0083_P001_202506,H0083,P001,2025-06-01,1,1,23,23.0
H0083_P001_202507,H0083,P001,2025-07-01,1,1,22,22.0
H0083_P001_202512,H0083,P001,2025-12-01,1,1,30,30.0
H0083_P001_202602,H0083,P001,2026-02-01,1,1,28,28.0
H0083_P001_202603,H0083,P001,2026-03-01,1,1,43,43.0
H0083_P002_202506,H0083,P002,2025-06-01,1,1,44,44.0
H0083_P002_202507,H0083,P002,2025-07-01,1,4,188,47.0
H0083_P002_202509,H0083,P002,2025-09-01,1,1,37,37.0
H0083_P002_202510,H0083,P002,2025-10-01,1,2,92,46.0
H0083_P002_202512,H0083,P002,2025-12-01,1,1,21,21.0
H0083_P002_202603,H0083,P002,2026-03-01,1,2,64,32.0
H0083_P003_202511,H0083,P003,2025-11-01,1,1,49,49.0
H0083_P004_202506,H0083,P004,2025-06-01,1,1,40,40.0
H0083_P004_202512,H0083,P004,2025-12-01,1,1,46,46.0
H0083_P005_202601,H0083,P005,2026-01-01,1,1,59,59.0
H0083_P005_202602,H0083,P005,2026-02-01,1,1,44,44.0
H0084_P001_202509,H0084,P001,2025-09-01,1,1,38,38.0
H0084_P001_202511,H0084,P001,2025-11-01,1,1,59,59.0
H0084_P001_202512,H0084,P001,2025-12-01,1,1,54,54.0
H0084_P001_202601,H0084,P001,2026-01-01,1,1,37,37.0
H0084_P001_202602,H0084,P001,2026-02-01,1,2,70,35.0
H0084_P001_202603,H0084,P001,2026-03-01,1,1,38,38.0
H0084_P002_202506,H0084,P002,2025-06-01,1,1,25,25.0
H0084_P002_202507,H0084,P002,2025-07-01,1,1,45,45.0
H0084_P002_202508,H0084,P002,2025-08-01,1,2,80,40.0
H0084_P002_202509,H0084,P002,2025-09-01,1,1,28,28.0
H0084_P002_202511,H0084,P002,2025-11-01,1,1,53,53.0
H0084_P002_202512,H0084,P002,2025-12-01,1,2,46,23.0
H0084_P002_202601,H0084,P002,2026-01-01,1,1,49,49.0
H0084_P002_202603,H0084,P002,2026-03-01,1,1,48,48.0
H0084_P003_202507,H0084,P003,2025-07-01,1,3,117,39.0
H0084_P003_202509,H0084,P003,2025-09-01,1,1,40,40.0
H0084_P003_202512,H0084,P003,2025-12-01,1,1,26,26.0
H0084_P003_202601,H0084,P003,2026-01-01,1,1,35,35.0
H0084_P003_202602,H0084,P003,2026-02-01,1,1,21,21.0
H0084_P004_202602,H0084,P004,2026-02-01,1,1,28,28.0
H0084_P005_202507,H0084,P005,2025-07-01,1,2,68,34.0
H0084_P005_202508,H0084,P005,2025-08-01,1,3,126,42.0
H0084_P005_202510,H0084,P005,2025-10-01,1,2,118,59.0
H0084_P005_202511,H0084,P005,2025-11-01,1,1,33,33.0
H0084_P005_202512,H0084,P005,2025-12-01,1,1,59,59.0
H0084_P005_202601,H0084,P005,2026-01-01,1,1,58,58.0
H0084_P005_202602,H0084,P005,2026-02-01,1,1,37,37.0
H0085_P001_202506,H0085,P001,2025-06-01,1,8,464,58.0
H0085_P001_202507,H0085,P001,2025-07-01,1,3,150,50.0
H0085_P001_202508,H0085,P001,2025-08-01,1,3,87,29.0
H0085_P001_202509,H0085,P001,2025-09-01,1,3,150,50.0
H0085_P001_202510,H0085,P001,2025-10-01,1,5,285,57.0
H0085_P001_202511,H0085,P001,2025-11-01,1,4,144,36.0
H0085_P001_202512,H0085,P001,2025-12-01,1,4,184,46.0
H0085_P001_202601,H0085,P001,2026-01-01,1,5,275,55.0
H0085_P001_202602,H0085,P001,2026-02-01,1,6,228,38.0
H0085_P001_202603,H0085,P001,2026-03-01,1,8,472,59.0
H0085_P002_202507,H0085,P002,2025-07-01,1,3,69,23.0
H0085_P002_202508,H0085,P002,2025-08-01,1,3,69,23.0
H0085_P002_202510,H0085,P002,2025-10-01,1,1,40,40.0
H0085_P002_202511,H0085,P002,2025-11-01,1,5,105,21.0
H0085_P002_202512,H0085,P002,2025-12-01,1,4,188,47.0
H0085_P002_202601,H0085,P002,2026-01-01,1,1,55,55.0
H0085_P002_202602,H0085,P002,2026-02-01,1,1,29,29.0
H0085_P002_202603,H0085,P002,2026-03-01,1,1,45,45.0
H0085_P003_202506,H0085,P003,2025-06-01,1,3,126,42.0
H0085_P003_202507,H0085,P003,2025-07-01,1,2,116,58.0
H0085_P003_202508,H0085,P003,2025-08-01,1,2,70,35.0
H0085_P003_202509,H0085,P003,2025-09-01,1,1,28,28.0
H0085_P003_202510,H0085,P003,2025-10-01,1,1,31,31.0
H0085_P003_202511,H0085,P003,2025-11-01,1,2,102,51.0
H0085_P003_202512,H0085,P003,2025-12-01,1,5,255,51.0
H0085_P003_202601,H0085,P003,2026-01-01,1,1,51,51.0
H0085_P003_202602,H0085,P003,2026-02-01,1,3,147,49.0
H0085_P003_202603,H0085,P003,2026-03-01,1,3,120,40.0
H0085_P004_202506,H0085,P004,2025-06-01,1,2,120,60.0
H0085_P004_202507,H0085,P004,2025-07-01,1,2,40,20.0
H0085_P004_202508,H0085,P004,2025-08-01,1,2,48,24.0
H0085_P004_202509,H0085,P004,2025-09-01,1,4,212,53.0
H0085_P004_202510,H0085,P004,2025-10-01,1,7,350,50.0
H0085_P004_202511,H0085,P004,2025-11-01,1,3,84,28.0
H0085_P004_202512,H0085,P004,2025-12-01,1,1,53,53.0
H0085_P004_202601,H0085,P004,2026-01-01,1,4,100,25.0
H0085_P004_202603,H0085,P004,2026-03-01,1,3,87,29.0
H0085_P005_202506,H0085,P005,2025-06-01,1,2,52,26.0
H0085_P005_202507,H0085,P005,2025-07-01,1,3,105,35.0
H0085_P005_202508,H0085,P005,2025-08-01,1,3,123,41.0
H0085_P005_202509,H0085,P005,2025-09-01,1,4,196,49.0
H0085_P005_202510,H0085,P005,2025-10-01,1,7,406,58.0
H0085_P005_202511,H0085,P005,2025-11-01,1,2,118,59.0
H0085_P005_202512,H0085,P005,2025-12-01,1,2,88,44.0
H0085_P005_202601,H0085,P005,2026-01-01,1,5,185,37.0
H0085_P005_202602,H0085,P005,2026-02-01,1,5,100,20.0
H0085_P005_202603,H0085,P005,2026-03-01,1,2,42,21.0
H0086_P001_202506,H0086,P001,2025-06-01,1,3,129,43.0
H0086_P001_202508,H0086,P001,2025-08-01,1,1,48,48.0
H0086_P001_202509,H0086,P001,2025-09-01,1,4,220,55.0
H0086_P001_202510,H0086,P001,2025-10-01,1,2,86,43.0
H0086_P001_202511,H0086,P001,2025-11-01,1,2,40,20.0
H0086_P001_202512,H0086,P001,2025-12-01,1,2,68,34.0
H0086_P001_202601,H0086,P001,2026-01-01,1,1,55,55.0
H0086_P001_202602,H0086,P001,2026-02-01,1,1,56,56.0
H0086_P002_202506,H0086,P002,2025-06-01,1,4,224,56.0
H0086_P002_202507,H0086,P002,2025-07-01,1,1,27,27.0
H0086_P002_202508,H0086,P002,2025-08-01,1,2,62,31.0
H0086_P002_202509,H0086,P002,2025-09-01,1,2,94,47.0
H0086_P002_202510,H0086,P002,2025-10-01,1,2,50,25.0
H0086_P002_202511,H0086,P002,2025-11-01,1,1,23,23.0
H0086_P002_202512,H0086,P002,2025-12-01,1,1,29,29.0
H0086_P002_202601,H0086,P002,2026-01-01,1,1,43,43.0
H0086_P002_202602,H0086,P002,2026-02-01,1,1,37,37.0
H0086_P002_202603,H0086,P002,2026-03-01,1,3,162,54.0
H0086_P003_202506,H0086,P003,2025-06-01,1,5,200,40.0
H0086_P003_202507,H0086,P003,2025-07-01,1,5,145,29.0
H0086_P003_202508,H0086,P003,2025-08-01,1,10,280,28.0
H0086_P003_202509,H0086,P003,2025-09-01,1,4,192,48.0
H0086_P003_202510,H0086,P003,2025-10-01,1,10,250,25.0
H0086_P003_202511,H0086,P003,2025-11-01,1,6,324,54.0
H0086_P003_202512,H0086,P003,2025-12-01,1,6,252,42.0
H0086_P003_202601,H0086,P003,2026-01-01,1,9,243,27.0
H0086_P003_202602,H0086,P003,2026-02-01,1,4,212,53.0
H0086_P003_202603,H0086,P003,2026-03-01,1,5,220,44.0
H0086_P004_202506,H0086,P004,2025-06-01,1,4,240,60.0
H0086_P004_202507,H0086,P004,2025-07-01,1,3,153,51.0
H0086_P004_202508,H0086,P004,2025-08-01,1,3,81,27.0
H0086_P004_202509,H0086,P004,2025-09-01,1,2,72,36.0
H0086_P004_202510,H0086,P004,2025-10-01,1,3,81,27.0
H0086_P004_202511,H0086,P004,2025-11-01,1,7,273,39.0
H0086_P004_202512,H0086,P004,2025-12-01,1,6,294,49.0
H0086_P004_202601,H0086,P004,2026-01-01,1,1,57,57.0
H0086_P004_202602,H0086,P004,2026-02-01,1,5,180,36.0
H0086_P004_202603,H0086,P004,2026-03-01,1,4,160,40.0
H0086_P005_202507,H0086,P005,2025-07-01,1,3,84,28.0
H0086_P005_202511,H0086,P005,2025-11-01,1,1,32,32.0
H0086_P005_202512,H0086,P005,2025-12-01,1,2,42,21.0
H0086_P005_202603,H0086,P005,2026-03-01,1,3,84,28.0
H0087_P001_202506,H0087,P001,2025-06-01,1,2,86,43.0
H0087_P001_202508,H0087,P001,2025-08-01,1,2,54,27.0
H0087_P001_202509,H0087,P001,2025-09-01,1,1,49,49.0
H0087_P001_202511,H0087,P001,2025-11-01,1,1,42,42.0
H0087_P001_202601,H0087,P001,2026-01-01,1,2,54,27.0
H0087_P003_202507,H0087,P003,2025-07-01,1,1,45,45.0
H0087_P003_202511,H0087,P003,2025-11-01,1,2,108,54.0
H0087_P003_202603,H0087,P003,2026-03-01,1,1,26,26.0
H0087_P004_202509,H0087,P004,2025-09-01,1,2,114,57.0
H0087_P004_202512,H0087,P004,2025-12-01,1,1,40,40.0
H0087_P004_202601,H0087,P004,2026-01-01,1,1,28,28.0
H0087_P004_202603,H0087,P004,2026-03-01,1,1,21,21.0
H0087_P005_202508,H0087,P005,2025-08-01,1,1,48,48.0
H0087_P005_202509,H0087,P005,2025-09-01,1,1,52,52.0
H0087_P005_202510,H0087,P005,2025-10-01,1,1,38,38.0
H0088_P001_202506,H0088,P001,2025-06-01,1,1,36,36.0
H0088_P001_202508,H0088,P001,2025-08-01,1,2,104,52.0
H0088_P001_202509,H0088,P001,2025-09-01,1,2,102,51.0
H0088_P001_202511,H0088,P001,2025-11-01,1,1,57,57.0
H0088_P001_202512,H0088,P001,2025-12-01,1,2,94,47.0
H0088_P001_202601,H0088,P001,2026-01-01,1,4,160,40.0
H0088_P001_202602,H0088,P001,2026-02-01,1,1,40,40.0
H0088_P002_202506,H0088,P002,2025-06-01,1,3,81,27.0
H0088_P002_202507,H0088,P002,2025-07-01,1,2,70,35.0
H0088_P002_202508,H0088,P002,2025-08-01,1,1,35,35.0
H0088_P002_202509,H0088,P002,2025-09-01,1,5,220,44.0
H0088_P002_202510,H0088,P002,2025-10-01,1,2,54,27.0
H0088_P002_202511,H0088,P002,2025-11-01,1,2,68,34.0
H0088_P002_202512,H0088,P002,2025-12-01,1,5,295,59.0
H0088_P002_202602,H0088,P002,2026-02-01,1,2,50,25.0
H0088_P003_202508,H0088,P003,2025-08-01,1,2,100,50.0
H0088_P003_202512,H0088,P003,2025-12-01,1,1,44,44.0
H0088_P003_202603,H0088,P003,2026-03-01,1,2,66,33.0
H0088_P004_202510,H0088,P004,2025-10-01,1,1,41,41.0
H0088_P004_202602,H0088,P004,2026-02-01,1,1,49,49.0
H0088_P005_202506,H0088,P005,2025-06-01,1,1,47,47.0
H0088_P005_202509,H0088,P005,2025-09-01,1,1,25,25.0
H0088_P005_202511,H0088,P005,2025-11-01,1,1,56,56.0
H0088_P005_202512,H0088,P005,2025-12-01,1,1,52,52.0
H0088_P005_202601,H0088,P005,2026-01-01,1,1,58,58.0
H0088_P005_202602,H0088,P005,2026-02-01,1,1,22,22.0
H0088_P005_202603,H0088,P005,2026-03-01,1,1,45,45.0
H0089_P001_202509,H0089,P001,2025-09-01,1,1,52,52.0
H0089_P001_202601,H0089,P001,2026-01-01,1,1,60,60.0
H0089_P002_202508,H0089,P002,2025-08-01,1,1,44,44.0
H0089_P002_202512,H0089,P002,2025-12-01,1,2,88,44.0
H0089_P002_202601,H0089,P002,2026-01-01,1,1,57,57.0
H0089_P002_202603,H0089,P002,2026-03-01,1,1,34,34.0
H0089_P003_202510,H0089,P003,2025-10-01,1,1,28,28.0
H0089_P003_202511,H0089,P003,2025-11-01,1,1,53,53.0
H0089_P003_202512,H0089,P003,2025-12-01,1,1,21,21.0
H0089_P003_202603,H0089,P003,2026-03-01,1,1,51,51.0
H0089_P004_202506,H0089,P004,2025-06-01,1,1,59,59.0
H0089_P004_202507,H0089,P004,2025-07-01,1,1,55,55.0
H0089_P004_202508,H0089,P004,2025-08-01,1,2,120,60.0
H0089_P004_202509,H0089,P004,2025-09-01,1,4,108,27.0
H0089_P004_202510,H0089,P004,2025-10-01,1,1,30,30.0
H0089_P004_202601,H0089,P004,2026-01-01,1,2,76,38.0
H0089_P004_202602,H0089,P004,2026-02-01,1,1,60,60.0
H0089_P004_202603,H0089,P004,2026-03-01,1,3,159,53.0
H0089_P005_202507,H0089,P005,2025-07-01,1,1,39,39.0
H0089_P005_202508,H0089,P005,2025-08-01,1,2,44,22.0
H0089_P005_202509,H0089,P005,2025-09-01,1,2,86,43.0
H0089_P005_202510,H0089,P005,2025-10-01,1,1,34,34.0
H0089_P005_202511,H0089,P005,2025-11-01,1,1,41,41.0
H0089_P005_202601,H0089,P005,2026-01-01,1,1,35,35.0
H0089_P005_202602,H0089,P005,2026-02-01,1,1,47,47.0
H0089_P005_202603,H0089,P005,2026-03-01,1,2,46,23.0
H0090_P001_202506,H0090,P001,2025-06-01,1,1,41,41.0
H0090_P001_202508,H0090,P001,2025-08-01,1,1,42,42.0
H0090_P001_202509,H0090,P001,2025-09-01,1,2,92,46.0
H0090_P001_202510,H0090,P001,2025-10-01,1,1,51,51.0
H0090_P001_202601,H0090,P001,2026-01-01,1,1,35,35.0
H0090_P001_202602,H0090,P001,2026-02-01,1,1,58,58.0
H0090_P002_202506,H0090,P002,2025-06-01,1,1,48,48.0
H0090_P002_202507,H0090,P002,2025-07-01,1,1,37,37.0
H0090_P002_202508,H0090,P002,2025-08-01,1,1,44,44.0
H0090_P002_202509,H0090,P002,2025-09-01,1,2,72,36.0
H0090_P002_202511,H0090,P002,2025-11-01,1,1,36,36.0
H0090_P002_202601,H0090,P002,2026-01-01,1,1,24,24.0
H0090_P003_202506,H0090,P003,2025-06-01,1,1,32,32.0
H0090_P003_202507,H0090,P003,2025-07-01,1,4,236,59.0
H0090_P003_202508,H0090,P003,2025-08-01,1,2,96,48.0
H0090_P003_202509,H0090,P003,2025-09-01,1,2,64,32.0
H0090_P003_202511,H0090,P003,2025-11-01,1,3,141,47.0
H0090_P003_202512,H0090,P003,2025-12-01,1,1,57,57.0
H0090_P003_202601,H0090,P003,2026-01-01,1,1,24,24.0
H0090_P003_202602,H0090,P003,2026-02-01,1,2,52,26.0
H0090_P003_202603,H0090,P003,2026-03-01,1,1,49,49.0
H0090_P004_202506,H0090,P004,2025-06-01,1,4,144,36.0
H0090_P004_202507,H0090,P004,2025-07-01,1,2,56,28.0
H0090_P004_202508,H0090,P004,2025-08-01,1,1,24,24.0
H0090_P004_202509,H0090,P004,2025-09-01,1,2,98,49.0
H0090_P004_202510,H0090,P004,2025-10-01,1,2,68,34.0
H0090_P004_202511,H0090,P004,2025-11-01,1,4,240,60.0
H0090_P004_202512,H0090,P004,2025-12-01,1,6,132,22.0
H0090_P004_202601,H0090,P004,2026-01-01,1,3,165,55.0
H0090_P004_202602,H0090,P004,2026-02-01,1,5,100,20.0
H0090_P004_202603,H0090,P004,2026-03-01,1,3,138,46.0
H0090_P005_202509,H0090,P005,2025-09-01,1,1,22,22.0
H0090_P005_202602,H0090,P005,2026-02-01,1,3,105,35.0
H0090_P005_202603,H0090,P005,2026-03-01,1,1,40,40.0
H0091_P001_202507,H0091,P001,2025-07-01,1,1,33,33.0
H0091_P001_202508,H0091,P001,2025-08-01,1,3,66,22.0
H0091_P001_202509,H0091,P001,2025-09-01,1,3,180,60.0
H0091_P001_202510,H0091,P001,2025-10-01,1,1,50,50.0
H0091_P001_202511,H0091,P001,2025-11-01,1,2,102,51.0
H0091_P001_202512,H0091,P001,2025-12-01,1,1,32,32.0
H0091_P001_202601,H0091,P001,2026-01-01,1,3,168,56.0
H0091_P001_202602,H0091,P001,2026-02-01,1,1,29,29.0
H0091_P001_202603,H0091,P001,2026-03-01,1,2,78,39.0
H0091_P002_202506,H0091,P002,2025-06-01,1,1,48,48.0
H0091_P002_202507,H0091,P002,2025-07-01,1,1,45,45.0
H0091_P003_202508,H0091,P003,2025-08-01,1,2,104,52.0
H0091_P003_202509,H0091,P003,2025-09-01,1,1,47,47.0
H0091_P003_202510,H0091,P003,2025-10-01,1,1,32,32.0
H0091_P003_202511,H0091,P003,2025-11-01,1,1,21,21.0
H0091_P003_202512,H0091,P003,2025-12-01,1,1,46,46.0
H0091_P003_202601,H0091,P003,2026-01-01,1,3,99,33.0
H0091_P003_202602,H0091,P003,2026-02-01,1,1,25,25.0
H0091_P003_202603,H0091,P003,2026-03-01,1,2,86,43.0
H0091_P004_202506,H0091,P004,2025-06-01,1,1,56,56.0
H0091_P004_202508,H0091,P004,2025-08-01,1,1,28,28.0
H0091_P004_202602,H0091,P004,2026-02-01,1,1,60,60.0
H0091_P004_202603,H0091,P004,2026-03-01,1,1,27,27.0
H0091_P005_202506,H0091,P005,2025-06-01,1,1,26,26.0
H0091_P005_202509,H0091,P005,2025-09-01,1,1,59,59.0
H0091_P005_202603,H0091,P005,2026-03-01,1,1,56,56.0
H0093_P001_202508,H0093,P001,2025-08-01,1,1,40,40.0
H0093_P001_202510,H0093,P001,2025-10-01,1,1,59,59.0
H0093_P001_202603,H0093,P001,2026-03-01,1,1,35,35.0
H0093_P002_202508,H0093,P002,2025-08-01,1,1,45,45.0
H0093_P002_202509,H0093,P002,2025-09-01,1,1,33,33.0
H0093_P002_202510,H0093,P002,2025-10-01,1,1,31,31.0
H0093_P002_202603,H0093,P002,2026-03-01,1,1,55,55.0
H0093_P003_202506,H0093,P003,2025-06-01,1,1,29,29.0
H0093_P003_202509,H0093,P003,2025-09-01,1,1,42,42.0
H0093_P003_202512,H0093,P003,2025-12-01,1,1,60,60.0
H0093_P004_202506,H0093,P004,2025-06-01,1,1,30,30.0
H0093_P004_202509,H0093,P004,2025-09-01,1,1,32,32.0
H0093_P004_202602,H0093,P004,2026-02-01,1,1,52,52.0
H0093_P005_202506,H0093,P005,2025-06-01,1,1,54,54.0
H0093_P005_202507,H0093,P005,2025-07-01,1,1,58,58.0
H0093_P005_202509,H0093,P005,2025-09-01,1,1,57,57.0
H0093_P005_202512,H0093,P005,2025-12-01,1,1,39,39.0
H0093_P005_202602,H0093,P005,2026-02-01,1,3,105,35.0
H0093_P005_202603,H0093,P005,2026-03-01,1,1,34,34.0
H0094_P001_202506,H0094,P001,2025-06-01,1,1,28,28.0
H0094_P001_202508,H0094,P001,2025-08-01,1,1,52,52.0
H0094_P001_202509,H0094,P001,2025-09-01,1,1,51,51.0
H0094_P002_202506,H0094,P002,2025-06-01,1,3,150,50.0
H0094_P002_202508,H0094,P002,2025-08-01,1,1,51,51.0
H0094_P002_202509,H0094,P002,2025-09-01,1,2,58,29.0
H0094_P002_202510,H0094,P002,2025-10-01,1,1,32,32.0
H0094_P002_202511,H0094,P002,2025-11-01,1,1,29,29.0
H0094_P002_202512,H0094,P002,2025-12-01,1,1,32,32.0
H0094_P002_202601,H0094,P002,2026-01-01,1,3,93,31.0
H0094_P002_202602,H0094,P002,2026-02-01,1,2,52,26.0
H0094_P002_202603,H0094,P002,2026-03-01,1,1,44,44.0
H0094_P003_202507,H0094,P003,2025-07-01,1,1,49,49.0
H0094_P003_202508,H0094,P003,2025-08-01,1,1,45,45.0
H0094_P003_202510,H0094,P003,2025-10-01,1,2,118,59.0
H0094_P003_202511,H0094,P003,2025-11-01,1,1,57,57.0
H0094_P003_202602,H0094,P003,2026-02-01,1,1,23,23.0
H0094_P003_202603,H0094,P003,2026-03-01,1,2,60,30.0
H0094_P004_202509,H0094,P004,2025-09-01,1,1,51,51.0
H0094_P004_202511,H0094,P004,2025-11-01,1,2,74,37.0
H0095_P001_202506,H0095,P001,2025-06-01,1,3,168,56.0
H0095_P001_202507,H0095,P001,2025-07-01,1,3,129,43.0
H0095_P001_202508,H0095,P001,2025-08-01,1,5,135,27.0
H0095_P001_202509,H0095,P001,2025-09-01,1,2,96,48.0
H0095_P001_202510,H0095,P001,2025-10-01,1,1,38,38.0
H0095_P001_202511,H0095,P001,2025-11-01,1,2,94,47.0
H0095_P001_202512,H0095,P001,2025-12-01,1,1,33,33.0
H0095_P001_202601,H0095,P001,2026-01-01,1,2,100,50.0
H0095_P001_202602,H0095,P001,2026-02-01,1,2,56,28.0
H0095_P001_202603,H0095,P001,2026-03-01,1,3,177,59.0
H0095_P002_202507,H0095,P002,2025-07-01,1,2,114,57.0
H0095_P002_202508,H0095,P002,2025-08-01,1,1,57,57.0
H0095_P002_202509,H0095,P002,2025-09-01,1,2,60,30.0
H0095_P002_202510,H0095,P002,2025-10-01,1,1,23,23.0
H0095_P002_202511,H0095,P002,2025-11-01,1,1,25,25.0
H0095_P002_202512,H0095,P002,2025-12-01,1,3,135,45.0
H0095_P002_202601,H0095,P002,2026-01-01,1,1,43,43.0
H0095_P002_202602,H0095,P002,2026-02-01,1,1,52,52.0
H0095_P002_202603,H0095,P002,2026-03-01,1,1,31,31.0
H0095_P003_202506,H0095,P003,2025-06-01,1,5,200,40.0
H0095_P003_202507,H0095,P003,2025-07-01,1,3,135,45.0
H0095_P003_202508,H0095,P003,2025-08-01,1,3,135,45.0
H0095_P003_202509,H0095,P003,2025-09-01,1,5,145,29.0
H0095_P003_202510,H0095,P003,2025-10-01,1,3,165,55.0
H0095_P003_202511,H0095,P003,2025-11-01,1,5,175,35.0
H0095_P003_202512,H0095,P003,2025-12-01,1,5,105,21.0
H0095_P003_202601,H0095,P003,2026-01-01,1,2,96,48.0
H0095_P003_202602,H0095,P003,2026-02-01,1,5,165,33.0
H0095_P003_202603,H0095,P003,2026-03-01,1,8,272,34.0
H0095_P004_202508,H0095,P004,2025-08-01,1,1,43,43.0
H0095_P004_202509,H0095,P004,2025-09-01,1,2,106,53.0
H0095_P004_202510,H0095,P004,2025-10-01,1,1,36,36.0
H0095_P004_202511,H0095,P004,2025-11-01,1,4,240,60.0
H0095_P004_202512,H0095,P004,2025-12-01,1,1,22,22.0
H0095_P004_202602,H0095,P004,2026-02-01,1,1,46,46.0
H0095_P005_202506,H0095,P005,2025-06-01,1,1,28,28.0
H0095_P005_202508,H0095,P005,2025-08-01,1,1,42,42.0
H0095_P005_202509,H0095,P005,2025-09-01,1,1,28,28.0
H0095_P005_202601,H0095,P005,2026-01-01,1,1,55,55.0
H0096_P001_202506,H0096,P001,2025-06-01,1,11,341,31.0
H0096_P001_202507,H0096,P001,2025-07-01,1,6,312,52.0
H0096_P001_202508,H0096,P001,2025-08-01,1,5,145,29.0
H0096_P001_202509,H0096,P001,2025-09-01,1,8,480,60.0
H0096_P001_202510,H0096,P001,2025-10-01,1,11,297,27.0
H0096_P001_202511,H0096,P001,2025-11-01,1,4,160,40.0
H0096_P001_202512,H0096,P001,2025-12-01,1,8,216,27.0
H0096_P001_202601,H0096,P001,2026-01-01,1,14,770,55.0
H0096_P001_202602,H0096,P001,2026-02-01,1,3,96,32.0
H0096_P001_202603,H0096,P001,2026-03-01,1,7,182,26.0
H0096_P002_202506,H0096,P002,2025-06-01,1,2,72,36.0
H0096_P002_202507,H0096,P002,2025-07-01,1,2,78,39.0
H0096_P002_202508,H0096,P002,2025-08-01,1,2,58,29.0
H0096_P002_202509,H0096,P002,2025-09-01,1,1,35,35.0
H0096_P002_202510,H0096,P002,2025-10-01,1,1,55,55.0
H0096_P002_202511,H0096,P002,2025-11-01,1,2,84,42.0
H0096_P002_202512,H0096,P002,2025-12-01,1,1,58,58.0
H0096_P002_202601,H0096,P002,2026-01-01,1,2,68,34.0
H0096_P003_202506,H0096,P003,2025-06-01,1,3,156,52.0
H0096_P003_202507,H0096,P003,2025-07-01,1,6,216,36.0
H0096_P003_202508,H0096,P003,2025-08-01,1,6,132,22.0
H0096_P003_202509,H0096,P003,2025-09-01,1,7,350,50.0
H0096_P003_202510,H0096,P003,2025-10-01,1,2,82,41.0
H0096_P003_202511,H0096,P003,2025-11-01,1,4,240,60.0
H0096_P003_202512,H0096,P003,2025-12-01,1,5,290,58.0
H0096_P003_202601,H0096,P003,2026-01-01,1,6,132,22.0
H0096_P003_202602,H0096,P003,2026-02-01,1,8,256,32.0
H0096_P003_202603,H0096,P003,2026-03-01,1,8,288,36.0
H0096_P004_202601,H0096,P004,2026-01-01,1,1,47,47.0
H0096_P004_202602,H0096,P004,2026-02-01,1,1,48,48.0
H0096_P005_202506,H0096,P005,2025-06-01,1,4,156,39.0
H0096_P005_202508,H0096,P005,2025-08-01,1,1,54,54.0
H0096_P005_202509,H0096,P005,2025-09-01,1,6,336,56.0
H0096_P005_202510,H0096,P005,2025-10-01,1,4,212,53.0
H0096_P005_202511,H0096,P005,2025-11-01,1,3,147,49.0
H0096_P005_202512,H0096,P005,2025-12-01,1,2,112,56.0
H0096_P005_202601,H0096,P005,2026-01-01,1,3,60,20.0
H0096_P005_202602,H0096,P005,2026-02-01,1,5,130,26.0
H0096_P005_202603,H0096,P005,2026-03-01,1,1,51,51.0
H0097_P001_202602,H0097,P001,2026-02-01,1,1,54,54.0
H0097_P005_202506,H0097,P005,2025-06-01,1,1,21,21.0
H0097_P005_202507,H0097,P005,2025-07-01,1,1,39,39.0
H0097_P005_202509,H0097,P005,2025-09-01,1,2,64,32.0
H0097_P005_202511,H0097,P005,2025-11-01,1,1,25,25.0
H0097_P005_202601,H0097,P005,2026-01-01,1,2,116,58.0
H0097_P005_202602,H0097,P005,2026-02-01,1,1,55,55.0
H0098_P001_202506,H0098,P001,2025-06-01,1,1,57,57.0
H0098_P001_202507,H0098,P001,2025-07-01,1,2,114,57.0
H0098_P001_202508,H0098,P001,2025-08-01,1,1,35,35.0
H0098_P001_202509,H0098,P001,2025-09-01,1,1,50,50.0
H0098_P001_202510,H0098,P001,2025-10-01,1,2,86,43.0
H0098_P001_202511,H0098,P001,2025-11-01,1,3,162,54.0
H0098_P001_202512,H0098,P001,2025-12-01,1,1,53,53.0
H0098_P001_202601,H0098,P001,2026-01-01,1,1,41,41.0
H0098_P001_202602,H0098,P001,2026-02-01,1,1,43,43.0
H0098_P001_202603,H0098,P001,2026-03-01,1,3,84,28.0
H0098_P002_202507,H0098,P002,2025-07-01,1,2,90,45.0
H0098_P002_202508,H0098,P002,2025-08-01,1,1,27,27.0
H0098_P002_202509,H0098,P002,2025-09-01,1,2,120,60.0
H0098_P002_202510,H0098,P002,2025-10-01,1,3,165,55.0
H0098_P002_202511,H0098,P002,2025-11-01,1,1,23,23.0
H0098_P002_202512,H0098,P002,2025-12-01,1,3,87,29.0
H0098_P002_202602,H0098,P002,2026-02-01,1,1,37,37.0
H0098_P002_202603,H0098,P002,2026-03-01,1,2,56,28.0
H0098_P003_202506,H0098,P003,2025-06-01,1,2,102,51.0
H0098_P003_202507,H0098,P003,2025-07-01,1,3,93,31.0
H0098_P003_202508,H0098,P003,2025-08-01,1,4,136,34.0
H0098_P003_202509,H0098,P003,2025-09-01,1,5,155,31.0
H0098_P003_202510,H0098,P003,2025-10-01,1,1,26,26.0
H0098_P003_202511,H0098,P003,2025-11-01,1,3,66,22.0
H0098_P003_202512,H0098,P003,2025-12-01,1,3,99,33.0
H0098_P003_202601,H0098,P003,2026-01-01,1,1,25,25.0
H0098_P003_202602,H0098,P003,2026-02-01,1,5,135,27.0
H0098_P003_202603,H0098,P003,2026-03-01,1,3,96,32.0
H0098_P004_202506,H0098,P004,2025-06-01,1,7,301,43.0
H0098_P004_202507,H0098,P004,2025-07-01,1,4,172,43.0
H0098_P004_202508,H0098,P004,2025-08-01,1,6,168,28.0
H0098_P004_202509,H0098,P004,2025-09-01,1,6,276,46.0
H0098_P004_202510,H0098,P004,2025-10-01,1,1,43,43.0
H0098_P004_202511,H0098,P004,2025-11-01,1,6,180,30.0
H0098_P004_202512,H0098,P004,2025-12-01,1,4,168,42.0
H0098_P004_202601,H0098,P004,2026-01-01,1,5,200,40.0
H0098_P004_202602,H0098,P004,2026-02-01,1,7,161,23.0
H0098_P004_202603,H0098,P004,2026-03-01,1,3,159,53.0
H0098_P005_202507,H0098,P005,2025-07-01,1,2,70,35.0
H0098_P005_202508,H0098,P005,2025-08-01,1,3,174,58.0
H0098_P005_202509,H0098,P005,2025-09-01,1,2,76,38.0
H0098_P005_202510,H0098,P005,2025-10-01,1,2,48,24.0
H0098_P005_202511,H0098,P005,2025-11-01,1,3,132,44.0
H0098_P005_202512,H0098,P005,2025-12-01,1,1,52,52.0
H0098_P005_202601,H0098,P005,2026-01-01,1,1,48,48.0
H0098_P005_202602,H0098,P005,2026-02-01,1,2,66,33.0
H0098_P005_202603,H0098,P005,2026-03-01,1,4,88,22.0
H0099_P001_202506,H0099,P001,2025-06-01,1,3,84,28.0
H0099_P001_202507,H0099,P001,2025-07-01,1,4,228,57.0
H0099_P001_202508,H0099,P001,2025-08-01,1,3,87,29.0
H0099_P001_202509,H0099,P001,2025-09-01,1,6,186,31.0
H0099_P001_202510,H0099,P001,2025-10-01,1,2,120,60.0
H0099_P001_202511,H0099,P001,2025-11-01,1,4,168,42.0
H0099_P001_202512,H0099,P001,2025-12-01,1,6,306,51.0
H0099_P001_202601,H0099,P001,2026-01-01,1,8,336,42.0
H0099_P001_202602,H0099,P001,2026-02-01,1,7,280,40.0
H0099_P001_202603,H0099,P001,2026-03-01,1,3,129,43.0
H0099_P002_202507,H0099,P002,2025-07-01,1,9,387,43.0
H0099_P002_202508,H0099,P002,2025-08-01,1,9,513,57.0
H0099_P002_202509,H0099,P002,2025-09-01,1,7,336,48.0
H0099_P002_202510,H0099,P002,2025-10-01,1,9,477,53.0
H0099_P002_202511,H0099,P002,2025-11-01,1,5,175,35.0
H0099_P002_202512,H0099,P002,2025-12-01,1,11,605,55.0
H0099_P002_202601,H0099,P002,2026-01-01,1,8,336,42.0
H0099_P002_202602,H0099,P002,2026-02-01,1,9,360,40.0
H0099_P002_202603,H0099,P002,2026-03-01,1,5,210,42.0
H0099_P003_202509,H0099,P003,2025-09-01,1,2,90,45.0
H0099_P003_202511,H0099,P003,2025-11-01,1,1,33,33.0
H0099_P003_202512,H0099,P003,2025-12-01,1,1,48,48.0
H0099_P003_202602,H0099,P003,2026-02-01,1,2,90,45.0
H0099_P004_202506,H0099,P004,2025-06-01,1,1,59,59.0
H0099_P004_202508,H0099,P004,2025-08-01,1,1,38,38.0
H0099_P004_202512,H0099,P004,2025-12-01,1,4,96,24.0
H0099_P004_202601,H0099,P004,2026-01-01,1,2,50,25.0
H0099_P004_202602,H0099,P004,2026-02-01,1,3,99,33.0
H0099_P004_202603,H0099,P004,2026-03-01,1,1,58,58.0
H0099_P005_202506,H0099,P005,2025-06-01,1,2,106,53.0
H0099_P005_202507,H0099,P005,2025-07-01,1,6,156,26.0
H0099_P005_202508,H0099,P005,2025-08-01,1,4,132,33.0
H0099_P005_202509,H0099,P005,2025-09-01,1,1,53,53.0
H0099_P005_202510,H0099,P005,2025-10-01,1,4,84,21.0
H0099_P005_202511,H0099,P005,2025-11-01,1,3,93,31.0
H0099_P005_202512,H0099,P005,2025-12-01,1,4,120,30.0
H0099_P005_202601,H0099,P005,2026-01-01,1,3,60,20.0
H0099_P005_202602,H0099,P005,2026-02-01,1,4,196,49.0
H0099_P005_202603,H0099,P005,2026-03-01,1,3,111,37.0
H0100_P001_202506,H0100,P001,2025-06-01,1,5,110,22.0
H0100_P001_202507,H0100,P001,2025-07-01,1,4,84,21.0
H0100_P001_202508,H0100,P001,2025-08-01,1,8,336,42.0
H0100_P001_202509,H0100,P001,2025-09-01,1,4,140,35.0
H0100_P001_202510,H0100,P001,2025-10-01,1,3,120,40.0
H0100_P001_202511,H0100,P001,2025-11-01,1,5,125,25.0
H0100_P001_202512,H0100,P001,2025-12-01,1,5,195,39.0
H0100_P001_202601,H0100,P001,2026-01-01,1,4,232,58.0
H0100_P001_202602,H0100,P001,2026-02-01,1,6,324,54.0
H0100_P001_202603,H0100,P001,2026-03-01,1,4,144,36.0
H0100_P002_202506,H0100,P002,2025-06-01,1,1,54,54.0
H0100_P002_202507,H0100,P002,2025-07-01,1,1,57,57.0
H0100_P002_202510,H0100,P002,2025-10-01,1,1,25,25.0
H0100_P002_202511,H0100,P002,2025-11-01,1,1,27,27.0
H0100_P002_202512,H0100,P002,2025-12-01,1,1,56,56.0
H0100_P002_202601,H0100,P002,2026-01-01,1,2,54,27.0
H0100_P002_202602,H0100,P002,2026-02-01,1,1,29,29.0
H0100_P002_202603,H0100,P002,2026-03-01,1,1,28,28.0
H0100_P003_202506,H0100,P003,2025-06-01,1,1,50,50.0
H0100_P003_202508,H0100,P003,2025-08-01,1,1,52,52.0
H0100_P003_202509,H0100,P003,2025-09-01,1,3,99,33.0
H0100_P003_202510,H0100,P003,2025-10-01,1,1,37,37.0
H0100_P003_202512,H0100,P003,2025-12-01,1,2,100,50.0
H0100_P003_202601,H0100,P003,2026-01-01,1,3,102,34.0
H0100_P004_202506,H0100,P004,2025-06-01,1,1,28,28.0
H0100_P004_202508,H0100,P004,2025-08-01,1,2,84,42.0
H0100_P004_202509,H0100,P004,2025-09-01,1,2,102,51.0
H0100_P004_202510,H0100,P004,2025-10-01,1,3,135,45.0
H0100_P004_202511,H0100,P004,2025-11-01,1,1,57,57.0
H0100_P004_202512,H0100,P004,2025-12-01,1,5,175,35.0
H0100_P004_202601,H0100,P004,2026-01-01,1,2,62,31.0
H0100_P004_202602,H0100,P004,2026-02-01,1,2,56,28.0
H0100_P004_202603,H0100,P004,2026-03-01,1,3,87,29.0
H0100_P005_202506,H0100,P005,2025-06-01,1,6,222,37.0
H0100_P005_202508,H0100,P005,2025-08-01,1,3,69,23.0
H0100_P005_202509,H0100,P005,2025-09-01,1,1,31,31.0
H0100_P005_202510,H0100,P005,2025-10-01,1,1,31,31.0
H0100_P005_202511,H0100,P005,2025-11-01,1,3,111,37.0
H0100_P005_202512,H0100,P005,2025-12-01,1,5,230,46.0
H0100_P005_202601,H0100,P005,2026-01-01,1,4,168,42.0
H0100_P005_202602,H0100,P005,2026-02-01,1,2,58,29.0
H0100_P005_202603,H0100,P005,2026-03-01,1,2,92,46.0
H0101_P001_202506,H0101,P001,2025-06-01,1,2,62,31.0
H0101_P001_202507,H0101,P001,2025-07-01,1,1,36,36.0
H0101_P001_202508,H0101,P001,2025-08-01,1,1,44,44.0
H0101_P001_202509,H0101,P001,2025-09-01,1,1,56,56.0
H0101_P001_202511,H0101,P001,2025-11-01,1,1,51,51.0
H0101_P001_202601,H0101,P001,2026-01-01,1,1,39,39.0
H0101_P001_202602,H0101,P001,2026-02-01,1,2,108,54.0
H0101_P001_202603,H0101,P001,2026-03-01,1,1,44,44.0
H0101_P002_202506,H0101,P002,2025-06-01,1,4,168,42.0
H0101_P002_202507,H0101,P002,2025-07-01,1,2,72,36.0
H0101_P002_202508,H0101,P002,2025-08-01,1,3,171,57.0
H0101_P002_202509,H0101,P002,2025-09-01,1,2,104,52.0
H0101_P002_202510,H0101,P002,2025-10-01,1,2,70,35.0
H0101_P002_202511,H0101,P002,2025-11-01,1,1,55,55.0
H0101_P002_202601,H0101,P002,2026-01-01,1,1,36,36.0
H0101_P002_202603,H0101,P002,2026-03-01,1,1,56,56.0
H0101_P003_202507,H0101,P003,2025-07-01,1,1,20,20.0
H0101_P003_202510,H0101,P003,2025-10-01,1,1,28,28.0
H0101_P003_202511,H0101,P003,2025-11-01,1,1,42,42.0
H0101_P003_202512,H0101,P003,2025-12-01,1,1,57,57.0
H0101_P003_202601,H0101,P003,2026-01-01,1,2,56,28.0
H0101_P004_202509,H0101,P004,2025-09-01,1,1,40,40.0
H0101_P004_202511,H0101,P004,2025-11-01,1,2,98,49.0
H0101_P004_202512,H0101,P004,2025-12-01,1,1,35,35.0
H0101_P004_202602,H0101,P004,2026-02-01,1,1,24,24.0
H0101_P005_202506,H0101,P005,2025-06-01,1,1,41,41.0
H0101_P005_202512,H0101,P005,2025-12-01,1,1,38,38.0
H0102_P001_202507,H0102,P001,2025-07-01,1,1,25,25.0
H0102_P001_202508,H0102,P001,2025-08-01,1,1,42,42.0
H0102_P001_202510,H0102,P001,2025-10-01,1,1,28,28.0
H0102_P001_202511,H0102,P001,2025-11-01,1,1,35,35.0
H0102_P001_202512,H0102,P001,2025-12-01,1,1,32,32.0
H0102_P001_202601,H0102,P001,2026-01-01,1,1,46,46.0
H0102_P001_202603,H0102,P001,2026-03-01,1,3,78,26.0
H0102_P002_202506,H0102,P002,2025-06-01,1,2,48,24.0
H0102_P002_202507,H0102,P002,2025-07-01,1,2,76,38.0
H0102_P002_202508,H0102,P002,2025-08-01,1,3,120,40.0
H0102_P002_202509,H0102,P002,2025-09-01,1,1,37,37.0
H0102_P002_202602,H0102,P002,2026-02-01,1,1,56,56.0
H0102_P002_202603,H0102,P002,2026-03-01,1,2,52,26.0
H0102_P003_202507,H0102,P003,2025-07-01,1,1,35,35.0
H0102_P003_202508,H0102,P003,2025-08-01,1,2,70,35.0
H0102_P003_202511,H0102,P003,2025-11-01,1,2,84,42.0
H0102_P003_202512,H0102,P003,2025-12-01,1,2,96,48.0
H0102_P003_202601,H0102,P003,2026-01-01,1,2,112,56.0
H0102_P003_202602,H0102,P003,2026-02-01,1,1,45,45.0
H0102_P003_202603,H0102,P003,2026-03-01,1,1,24,24.0
H0102_P004_202506,H0102,P004,2025-06-01,1,2,100,50.0
H0102_P004_202508,H0102,P004,2025-08-01,1,1,43,43.0
H0102_P004_202509,H0102,P004,2025-09-01,1,1,24,24.0
H0102_P004_202510,H0102,P004,2025-10-01,1,2,68,34.0
H0102_P004_202512,H0102,P004,2025-12-01,1,3,111,37.0
H0102_P004_202601,H0102,P004,2026-01-01,1,4,160,40.0
H0102_P004_202602,H0102,P004,2026-02-01,1,3,99,33.0
H0102_P004_202603,H0102,P004,2026-03-01,1,1,38,38.0
H0102_P005_202506,H0102,P005,2025-06-01,1,2,104,52.0
H0102_P005_202508,H0102,P005,2025-08-01,1,4,116,29.0
H0102_P005_202510,H0102,P005,2025-10-01,1,2,56,28.0
H0102_P005_202511,H0102,P005,2025-11-01,1,2,88,44.0
H0102_P005_202512,H0102,P005,2025-12-01,1,3,72,24.0
H0102_P005_202602,H0102,P005,2026-02-01,1,6,258,43.0
H0102_P005_202603,H0102,P005,2026-03-01,1,3,129,43.0
H0103_P001_202506,H0103,P001,2025-06-01,1,5,225,45.0
H0103_P001_202507,H0103,P001,2025-07-01,1,1,26,26.0
H0103_P001_202508,H0103,P001,2025-08-01,1,3,93,31.0
H0103_P001_202509,H0103,P001,2025-09-01,1,3,162,54.0
H0103_P001_202510,H0103,P001,2025-10-01,1,2,74,37.0
H0103_P001_202511,H0103,P001,2025-11-01,1,3,105,35.0
H0103_P001_202512,H0103,P001,2025-12-01,1,1,51,51.0
H0103_P001_202603,H0103,P001,2026-03-01,1,1,34,34.0
H0103_P002_202508,H0103,P002,2025-08-01,1,2,100,50.0
H0103_P002_202512,H0103,P002,2025-12-01,1,2,48,24.0
H0103_P002_202602,H0103,P002,2026-02-01,1,1,46,46.0
H0103_P002_202603,H0103,P002,2026-03-01,1,1,28,28.0
H0103_P003_202507,H0103,P003,2025-07-01,1,1,59,59.0
H0103_P003_202509,H0103,P003,2025-09-01,1,1,53,53.0
H0103_P003_202510,H0103,P003,2025-10-01,1,1,34,34.0
H0103_P003_202512,H0103,P003,2025-12-01,1,1,35,35.0
H0103_P003_202603,H0103,P003,2026-03-01,1,2,94,47.0
H0103_P004_202506,H0103,P004,2025-06-01,1,2,104,52.0
H0103_P004_202507,H0103,P004,2025-07-01,1,3,108,36.0
H0103_P004_202508,H0103,P004,2025-08-01,1,3,102,34.0
H0103_P004_202509,H0103,P004,2025-09-01,1,1,26,26.0
H0103_P004_202510,H0103,P004,2025-10-01,1,2,102,51.0
H0103_P004_202512,H0103,P004,2025-12-01,1,3,69,23.0
H0103_P004_202602,H0103,P004,2026-02-01,1,2,68,34.0
H0103_P004_202603,H0103,P004,2026-03-01,1,2,78,39.0
H0103_P005_202506,H0103,P005,2025-06-01,1,2,40,20.0
H0103_P005_202507,H0103,P005,2025-07-01,1,2,62,31.0
H0103_P005_202508,H0103,P005,2025-08-01,1,1,57,57.0
H0103_P005_202511,H0103,P005,2025-11-01,1,1,45,45.0
H0103_P005_202512,H0103,P005,2025-12-01,1,1,25,25.0
H0103_P005_202602,H0103,P005,2026-02-01,1,3,150,50.0
H0103_P005_202603,H0103,P005,2026-03-01,1,1,57,57.0
H0104_P001_202506,H0104,P001,2025-06-01,1,1,49,49.0
H0104_P001_202507,H0104,P001,2025-07-01,1,2,52,26.0
H0104_P001_202508,H0104,P001,2025-08-01,1,1,29,29.0
H0104_P001_202509,H0104,P001,2025-09-01,1,1,35,35.0
H0104_P001_202511,H0104,P001,2025-11-01,1,1,58,58.0
H0104_P001_202512,H0104,P001,2025-12-01,1,2,54,27.0
H0104_P001_202602,H0104,P001,2026-02-01,1,1,32,32.0
H0104_P001_202603,H0104,P001,2026-03-01,1,3,66,22.0
H0104_P002_202508,H0104,P002,2025-08-01,1,1,28,28.0
H0104_P002_202510,H0104,P002,2025-10-01,1,3,90,30.0
H0104_P002_202511,H0104,P002,2025-11-01,1,1,60,60.0
H0104_P002_202512,H0104,P002,2025-12-01,1,1,57,57.0
H0104_P002_202602,H0104,P002,2026-02-01,1,2,54,27.0
H0104_P002_202603,H0104,P002,2026-03-01,1,1,52,52.0
H0104_P003_202506,H0104,P003,2025-06-01,1,1,54,54.0
H0104_P003_202507,H0104,P003,2025-07-01,1,2,70,35.0
H0104_P003_202508,H0104,P003,2025-08-01,1,2,96,48.0
H0104_P003_202509,H0104,P003,2025-09-01,1,2,84,42.0
H0104_P003_202510,H0104,P003,2025-10-01,1,2,54,27.0
H0104_P003_202511,H0104,P003,2025-11-01,1,1,40,40.0
H0104_P003_202512,H0104,P003,2025-12-01,1,1,34,34.0
H0104_P003_202601,H0104,P003,2026-01-01,1,1,50,50.0
H0104_P003_202602,H0104,P003,2026-02-01,1,2,96,48.0
H0104_P004_202506,H0104,P004,2025-06-01,1,2,50,25.0
H0104_P004_202507,H0104,P004,2025-07-01,1,1,45,45.0
H0104_P004_202508,H0104,P004,2025-08-01,1,4,148,37.0
H0104_P004_202509,H0104,P004,2025-09-01,1,3,66,22.0
H0104_P004_202510,H0104,P004,2025-10-01,1,3,153,51.0
H0104_P004_202511,H0104,P004,2025-11-01,1,3,111,37.0
H0104_P004_202512,H0104,P004,2025-12-01,1,1,39,39.0
H0104_P004_202601,H0104,P004,2026-01-01,1,2,108,54.0
H0104_P004_202602,H0104,P004,2026-02-01,1,2,92,46.0
H0104_P004_202603,H0104,P004,2026-03-01,1,4,116,29.0
H0104_P005_202506,H0104,P005,2025-06-01,1,2,50,25.0
H0104_P005_202507,H0104,P005,2025-07-01,1,2,120,60.0
H0104_P005_202508,H0104,P005,2025-08-01,1,2,58,29.0
H0104_P005_202509,H0104,P005,2025-09-01,1,6,282,47.0
H0104_P005_202510,H0104,P005,2025-10-01,1,5,275,55.0
H0104_P005_202511,H0104,P005,2025-11-01,1,4,240,60.0
H0104_P005_202512,H0104,P005,2025-12-01,1,3,66,22.0
H0104_P005_202601,H0104,P005,2026-01-01,1,4,180,45.0
H0104_P005_202602,H0104,P005,2026-02-01,1,2,52,26.0
H0104_P005_202603,H0104,P005,2026-03-01,1,6,210,35.0
H0105_P001_202506,H0105,P001,2025-06-01,1,1,60,60.0
H0105_P001_202507,H0105,P001,2025-07-01,1,2,86,43.0
H0105_P001_202508,H0105,P001,2025-08-01,1,1,42,42.0
H0105_P001_202510,H0105,P001,2025-10-01,1,1,22,22.0
H0105_P001_202512,H0105,P001,2025-12-01,1,1,50,50.0
H0105_P001_202602,H0105,P001,2026-02-01,1,1,42,42.0
H0105_P001_202603,H0105,P001,2026-03-01,1,1,24,24.0
H0105_P002_202507,H0105,P002,2025-07-01,1,2,68,34.0
H0105_P002_202508,H0105,P002,2025-08-01,1,2,88,44.0
H0105_P002_202510,H0105,P002,2025-10-01,1,3,87,29.0
H0105_P002_202511,H0105,P002,2025-11-01,1,1,40,40.0
H0105_P002_202512,H0105,P002,2025-12-01,1,1,33,33.0
H0105_P002_202601,H0105,P002,2026-01-01,1,4,124,31.0
H0105_P002_202602,H0105,P002,2026-02-01,1,3,156,52.0
H0105_P002_202603,H0105,P002,2026-03-01,1,4,132,33.0
H0105_P003_202506,H0105,P003,2025-06-01,1,1,23,23.0
H0105_P003_202507,H0105,P003,2025-07-01,1,3,87,29.0
H0105_P003_202508,H0105,P003,2025-08-01,1,1,32,32.0
H0105_P003_202510,H0105,P003,2025-10-01,1,1,47,47.0
H0105_P003_202511,H0105,P003,2025-11-01,1,2,114,57.0
H0105_P003_202601,H0105,P003,2026-01-01,1,1,30,30.0
H0105_P003_202603,H0105,P003,2026-03-01,1,1,32,32.0
H0105_P004_202506,H0105,P004,2025-06-01,1,1,57,57.0
H0105_P004_202507,H0105,P004,2025-07-01,1,3,171,57.0
H0105_P004_202508,H0105,P004,2025-08-01,1,3,75,25.0
H0105_P004_202509,H0105,P004,2025-09-01,1,1,46,46.0
H0105_P004_202510,H0105,P004,2025-10-01,1,2,98,49.0
H0105_P004_202511,H0105,P004,2025-11-01,1,3,87,29.0
H0105_P004_202512,H0105,P004,2025-12-01,1,1,56,56.0
H0105_P004_202601,H0105,P004,2026-01-01,1,1,58,58.0
H0105_P004_202602,H0105,P004,2026-02-01,1,3,156,52.0
H0105_P004_202603,H0105,P004,2026-03-01,1,3,171,57.0
H0105_P005_202506,H0105,P005,2025-06-01,1,1,44,44.0
H0105_P005_202507,H0105,P005,2025-07-01,1,1,28,28.0
H0105_P005_202508,H0105,P005,2025-08-01,1,3,174,58.0
H0105_P005_202509,H0105,P005,2025-09-01,1,1,29,29.0
H0105_P005_202510,H0105,P005,2025-10-01,1,2,100,50.0
H0105_P005_202511,H0105,P005,2025-11-01,1,1,28,28.0
H0105_P005_202512,H0105,P005,2025-12-01,1,3,81,27.0
H0105_P005_202601,H0105,P005,2026-01-01,1,2,48,24.0
H0105_P005_202602,H0105,P005,2026-02-01,1,2,48,24.0
H0105_P005_202603,H0105,P005,2026-03-01,1,1,34,34.0
H0106_P001_202509,H0106,P001,2025-09-01,1,1,53,53.0
H0106_P001_202510,H0106,P001,2025-10-01,1,3,66,22.0
H0106_P001_202511,H0106,P001,2025-11-01,1,1,37,37.0
H0106_P001_202601,H0106,P001,2026-01-01,1,2,60,30.0
H0106_P001_202602,H0106,P001,2026-02-01,1,1,45,45.0
H0106_P001_202603,H0106,P001,2026-03-01,1,2,68,34.0
H0106_P002_202506,H0106,P002,2025-06-01,1,1,39,39.0
H0106_P002_202507,H0106,P002,2025-07-01,1,3,84,28.0
H0106_P002_202508,H0106,P002,2025-08-01,1,1,26,26.0
H0106_P002_202509,H0106,P002,2025-09-01,1,2,52,26.0
H0106_P002_202510,H0106,P002,2025-10-01,1,1,35,35.0
H0106_P002_202512,H0106,P002,2025-12-01,1,1,37,37.0
H0106_P002_202602,H0106,P002,2026-02-01,1,1,52,52.0
H0106_P003_202506,H0106,P003,2025-06-01,1,2,88,44.0
H0106_P003_202507,H0106,P003,2025-07-01,1,1,26,26.0
H0106_P003_202508,H0106,P003,2025-08-01,1,1,59,59.0
H0106_P003_202510,H0106,P003,2025-10-01,1,1,24,24.0
H0106_P003_202511,H0106,P003,2025-11-01,1,1,28,28.0
H0106_P003_202601,H0106,P003,2026-01-01,1,1,54,54.0
H0106_P003_202602,H0106,P003,2026-02-01,1,1,59,59.0
H0106_P003_202603,H0106,P003,2026-03-01,1,1,55,55.0
H0106_P004_202506,H0106,P004,2025-06-01,1,2,90,45.0
H0106_P004_202508,H0106,P004,2025-08-01,1,1,39,39.0
H0106_P004_202509,H0106,P004,2025-09-01,1,1,53,53.0
H0106_P004_202510,H0106,P004,2025-10-01,1,3,72,24.0
H0106_P004_202511,H0106,P004,2025-11-01,1,3,93,31.0
H0106_P004_202512,H0106,P004,2025-12-01,1,1,20,20.0
H0106_P004_202601,H0106,P004,2026-01-01,1,1,23,23.0
H0106_P004_202602,H0106,P004,2026-02-01,1,1,20,20.0
H0106_P004_202603,H0106,P004,2026-03-01,1,3,96,32.0
H0106_P005_202506,H0106,P005,2025-06-01,1,3,87,29.0
H0106_P005_202508,H0106,P005,2025-08-01,1,1,22,22.0
H0106_P005_202509,H0106,P005,2025-09-01,1,3,135,45.0
H0106_P005_202510,H0106,P005,2025-10-01,1,1,22,22.0
H0106_P005_202511,H0106,P005,2025-11-01,1,3,159,53.0
H0106_P005_202601,H0106,P005,2026-01-01,1,1,50,50.0
H0106_P005_202602,H0106,P005,2026-02-01,1,1,41,41.0
H0106_P005_202603,H0106,P005,2026-03-01,1,2,62,31.0
H0107_P001_202506,H0107,P001,2025-06-01,1,2,54,27.0
H0107_P001_202507,H0107,P001,2025-07-01,1,1,39,39.0
H0107_P001_202508,H0107,P001,2025-08-01,1,1,22,22.0
H0107_P001_202509,H0107,P001,2025-09-01,1,4,208,52.0
H0107_P001_202510,H0107,P001,2025-10-01,1,2,56,28.0
H0107_P001_202511,H0107,P001,2025-11-01,1,1,56,56.0
H0107_P001_202512,H0107,P001,2025-12-01,1,1,23,23.0
H0107_P001_202601,H0107,P001,2026-01-01,1,3,72,24.0
H0107_P001_202603,H0107,P001,2026-03-01,1,1,56,56.0
H0107_P002_202506,H0107,P002,2025-06-01,1,12,456,38.0
H0107_P002_202507,H0107,P002,2025-07-01,1,9,405,45.0
H0107_P002_202508,H0107,P002,2025-08-01,1,4,176,44.0
H0107_P002_202509,H0107,P002,2025-09-01,1,3,120,40.0
H0107_P002_202510,H0107,P002,2025-10-01,1,8,304,38.0
H0107_P002_202511,H0107,P002,2025-11-01,1,4,212,53.0
H0107_P002_202512,H0107,P002,2025-12-01,1,12,300,25.0
H0107_P002_202601,H0107,P002,2026-01-01,1,5,285,57.0
H0107_P002_202602,H0107,P002,2026-02-01,1,10,510,51.0
H0107_P002_202603,H0107,P002,2026-03-01,1,7,420,60.0
H0107_P003_202506,H0107,P003,2025-06-01,1,2,106,53.0
H0107_P003_202507,H0107,P003,2025-07-01,1,1,40,40.0
H0107_P003_202508,H0107,P003,2025-08-01,1,6,156,26.0
H0107_P003_202509,H0107,P003,2025-09-01,1,4,188,47.0
H0107_P003_202510,H0107,P003,2025-10-01,1,2,62,31.0
H0107_P003_202511,H0107,P003,2025-11-01,1,1,52,52.0
H0107_P003_202512,H0107,P003,2025-12-01,1,1,44,44.0
H0107_P003_202601,H0107,P003,2026-01-01,1,3,81,27.0
H0107_P003_202602,H0107,P003,2026-02-01,1,3,123,41.0
H0107_P003_202603,H0107,P003,2026-03-01,1,1,26,26.0
H0107_P004_202506,H0107,P004,2025-06-01,1,1,42,42.0
H0107_P004_202508,H0107,P004,2025-08-01,1,2,52,26.0
H0107_P004_202509,H0107,P004,2025-09-01,1,2,44,22.0
H0107_P004_202510,H0107,P004,2025-10-01,1,1,41,41.0
H0107_P004_202602,H0107,P004,2026-02-01,1,1,43,43.0
H0107_P005_202506,H0107,P005,2025-06-01,1,3,153,51.0
H0107_P005_202507,H0107,P005,2025-07-01,1,3,162,54.0
H0107_P005_202508,H0107,P005,2025-08-01,1,3,105,35.0
H0107_P005_202509,H0107,P005,2025-09-01,1,5,170,34.0
H0107_P005_202510,H0107,P005,2025-10-01,1,3,126,42.0
H0107_P005_202511,H0107,P005,2025-11-01,1,3,90,30.0
H0107_P005_202512,H0107,P005,2025-12-01,1,2,106,53.0
H0107_P005_202601,H0107,P005,2026-01-01,1,4,80,20.0
H0107_P005_202602,H0107,P005,2026-02-01,1,2,74,37.0
H0108_P001_202506,H0108,P001,2025-06-01,1,1,42,42.0
H0108_P001_202507,H0108,P001,2025-07-01,1,3,87,29.0
H0108_P001_202508,H0108,P001,2025-08-01,1,3,81,27.0
H0108_P001_202509,H0108,P001,2025-09-01,1,3,177,59.0
H0108_P001_202510,H0108,P001,2025-10-01,1,2,118,59.0
H0108_P001_202511,H0108,P001,2025-11-01,1,2,100,50.0
H0108_P001_202512,H0108,P001,2025-12-01,1,2,66,33.0
H0108_P001_202601,H0108,P001,2026-01-01,1,4,216,54.0
H0108_P001_202602,H0108,P001,2026-02-01,1,2,74,37.0
H0108_P001_202603,H0108,P001,2026-03-01,1,3,81,27.0
H0108_P002_202506,H0108,P002,2025-06-01,1,3,144,48.0
H0108_P002_202507,H0108,P002,2025-07-01,1,1,43,43.0
H0108_P002_202509,H0108,P002,2025-09-01,1,1,30,30.0
H0108_P002_202511,H0108,P002,2025-11-01,1,1,59,59.0
H0108_P002_202512,H0108,P002,2025-12-01,1,1,23,23.0
H0108_P002_202601,H0108,P002,2026-01-01,1,3,141,47.0
H0108_P003_202506,H0108,P003,2025-06-01,1,3,81,27.0
H0108_P003_202508,H0108,P003,2025-08-01,1,2,106,53.0
H0108_P003_202509,H0108,P003,2025-09-01,1,1,25,25.0
H0108_P003_202510,H0108,P003,2025-10-01,1,3,153,51.0
H0108_P003_202511,H0108,P003,2025-11-01,1,1,53,53.0
H0108_P003_202512,H0108,P003,2025-12-01,1,1,54,54.0
H0108_P003_202601,H0108,P003,2026-01-01,1,1,57,57.0
H0108_P003_202602,H0108,P003,2026-02-01,1,1,43,43.0
H0108_P003_202603,H0108,P003,2026-03-01,1,2,64,32.0
H0108_P004_202506,H0108,P004,2025-06-01,1,2,42,21.0
H0108_P004_202508,H0108,P004,2025-08-01,1,1,53,53.0
H0108_P004_202509,H0108,P004,2025-09-01,1,1,24,24.0
H0108_P004_202511,H0108,P004,2025-11-01,1,2,78,39.0
H0108_P004_202512,H0108,P004,2025-12-01,1,1,45,45.0
H0108_P004_202601,H0108,P004,2026-01-01,1,2,66,33.0
H0108_P004_202602,H0108,P004,2026-02-01,1,2,90,45.0
H0108_P005_202507,H0108,P005,2025-07-01,1,1,43,43.0
H0108_P005_202508,H0108,P005,2025-08-01,1,3,66,22.0
H0108_P005_202509,H0108,P005,2025-09-01,1,3,147,49.0
H0108_P005_202510,H0108,P005,2025-10-01,1,2,58,29.0
H0108_P005_202511,H0108,P005,2025-11-01,1,1,39,39.0
H0108_P005_202512,H0108,P005,2025-12-01,1,1,44,44.0
H0108_P005_202601,H0108,P005,2026-01-01,1,3,138,46.0
H0108_P005_202602,H0108,P005,2026-02-01,1,1,33,33.0
H0108_P005_202603,H0108,P005,2026-03-01,1,2,70,35.0
H0109_P001_202506,H0109,P001,2025-06-01,1,4,128,32.0
H0109_P001_202509,H0109,P001,2025-09-01,1,1,47,47.0
H0109_P001_202510,H0109,P001,2025-10-01,1,1,35,35.0
H0109_P001_202511,H0109,P001,2025-11-01,1,2,68,34.0
H0109_P001_202512,H0109,P001,2025-12-01,1,2,70,35.0
H0109_P001_202602,H0109,P001,2026-02-01,1,1,39,39.0
H0109_P001_202603,H0109,P001,2026-03-01,1,1,37,37.0
H0109_P002_202506,H0109,P002,2025-06-01,1,2,84,42.0
H0109_P002_202508,H0109,P002,2025-08-01,1,1,39,39.0
H0109_P002_202509,H0109,P002,2025-09-01,1,5,160,32.0
H0109_P002_202510,H0109,P002,2025-10-01,1,1,55,55.0
H0109_P002_202511,H0109,P002,2025-11-01,1,1,59,59.0
H0109_P002_202512,H0109,P002,2025-12-01,1,1,35,35.0
H0109_P002_202602,H0109,P002,2026-02-01,1,2,110,55.0
H0109_P002_202603,H0109,P002,2026-03-01,1,1,36,36.0
H0109_P003_202506,H0109,P003,2025-06-01,1,2,66,33.0
H0109_P003_202509,H0109,P003,2025-09-01,1,2,86,43.0
H0109_P003_202510,H0109,P003,2025-10-01,1,1,47,47.0
H0109_P003_202511,H0109,P003,2025-11-01,1,1,43,43.0
H0109_P003_202512,H0109,P003,2025-12-01,1,1,46,46.0
H0109_P003_202601,H0109,P003,2026-01-01,1,2,60,30.0
H0109_P003_202602,H0109,P003,2026-02-01,1,2,82,41.0
H0109_P003_202603,H0109,P003,2026-03-01,1,4,156,39.0
H0109_P004_202508,H0109,P004,2025-08-01,1,4,148,37.0
H0109_P004_202509,H0109,P004,2025-09-01,1,2,44,22.0
H0109_P004_202510,H0109,P004,2025-10-01,1,1,22,22.0
H0109_P004_202512,H0109,P004,2025-12-01,1,1,20,20.0
H0109_P004_202601,H0109,P004,2026-01-01,1,1,44,44.0
H0109_P004_202603,H0109,P004,2026-03-01,1,1,52,52.0
H0109_P005_202509,H0109,P005,2025-09-01,1,1,39,39.0
H0109_P005_202602,H0109,P005,2026-02-01,1,1,22,22.0
H0110_P001_202508,H0110,P001,2025-08-01,1,1,41,41.0
H0110_P001_202509,H0110,P001,2025-09-01,1,1,60,60.0
H0110_P001_202510,H0110,P001,2025-10-01,1,1,52,52.0
H0110_P001_202512,H0110,P001,2025-12-01,1,1,24,24.0
H0110_P001_202601,H0110,P001,2026-01-01,1,2,46,23.0
H0110_P002_202506,H0110,P002,2025-06-01,1,1,45,45.0
H0110_P002_202507,H0110,P002,2025-07-01,1,4,112,28.0
H0110_P002_202508,H0110,P002,2025-08-01,1,3,144,48.0
H0110_P002_202509,H0110,P002,2025-09-01,1,2,80,40.0
H0110_P002_202511,H0110,P002,2025-11-01,1,2,62,31.0
H0110_P002_202601,H0110,P002,2026-01-01,1,3,111,37.0
H0110_P002_202602,H0110,P002,2026-02-01,1,1,36,36.0
H0110_P002_202603,H0110,P002,2026-03-01,1,5,105,21.0
H0110_P003_202506,H0110,P003,2025-06-01,1,1,51,51.0
H0110_P003_202509,H0110,P003,2025-09-01,1,1,56,56.0
H0110_P003_202512,H0110,P003,2025-12-01,1,1,59,59.0
H0110_P003_202601,H0110,P003,2026-01-01,1,2,52,26.0
H0110_P003_202603,H0110,P003,2026-03-01,1,1,30,30.0
H0110_P004_202506,H0110,P004,2025-06-01,1,1,32,32.0
H0110_P004_202510,H0110,P004,2025-10-01,1,1,38,38.0
H0110_P004_202511,H0110,P004,2025-11-01,1,2,60,30.0
H0110_P004_202601,H0110,P004,2026-01-01,1,1,25,25.0
H0110_P005_202508,H0110,P005,2025-08-01,1,2,94,47.0
H0110_P005_202511,H0110,P005,2025-11-01,1,1,31,31.0
H0110_P005_202601,H0110,P005,2026-01-01,1,1,38,38.0
H0110_P005_202602,H0110,P005,2026-02-01,1,2,76,38.0
H0110_P005_202603,H0110,P005,2026-03-01,1,2,90,45.0
H0111_P001_202507,H0111,P001,2025-07-01,1,1,50,50.0
H0111_P001_202508,H0111,P001,2025-08-01,1,4,240,60.0
H0111_P001_202509,H0111,P001,2025-09-01,1,2,74,37.0
H0111_P001_202512,H0111,P001,2025-12-01,1,2,110,55.0
H0111_P001_202601,H0111,P001,2026-01-01,1,2,74,37.0
H0111_P001_202602,H0111,P001,2026-02-01,1,2,70,35.0
H0111_P001_202603,H0111,P001,2026-03-01,1,1,42,42.0
H0111_P002_202506,H0111,P002,2025-06-01,1,2,54,27.0
H0111_P002_202507,H0111,P002,2025-07-01,1,2,62,31.0
H0111_P002_202508,H0111,P002,2025-08-01,1,1,47,47.0
H0111_P002_202509,H0111,P002,2025-09-01,1,1,26,26.0
H0111_P002_202512,H0111,P002,2025-12-01,1,1,60,60.0
H0111_P002_202603,H0111,P002,2026-03-01,1,1,24,24.0
H0111_P003_202506,H0111,P003,2025-06-01,1,2,94,47.0
H0111_P003_202507,H0111,P003,2025-07-01,1,3,159,53.0
H0111_P003_202508,H0111,P003,2025-08-01,1,4,84,21.0
H0111_P003_202509,H0111,P003,2025-09-01,1,5,230,46.0
H0111_P003_202510,H0111,P003,2025-10-01,1,1,49,49.0
H0111_P003_202511,H0111,P003,2025-11-01,1,2,114,57.0
H0111_P003_202512,H0111,P003,2025-12-01,1,3,99,33.0
H0111_P003_202601,H0111,P003,2026-01-01,1,7,217,31.0
H0111_P003_202602,H0111,P003,2026-02-01,1,3,159,53.0
H0111_P003_202603,H0111,P003,2026-03-01,1,5,285,57.0
H0111_P004_202506,H0111,P004,2025-06-01,1,2,110,55.0
H0111_P004_202507,H0111,P004,2025-07-01,1,1,32,32.0
H0111_P004_202508,H0111,P004,2025-08-01,1,1,22,22.0
H0111_P004_202509,H0111,P004,2025-09-01,1,1,44,44.0
H0111_P004_202511,H0111,P004,2025-11-01,1,2,40,20.0
H0111_P004_202512,H0111,P004,2025-12-01,1,1,34,34.0
H0111_P004_202601,H0111,P004,2026-01-01,1,1,47,47.0
H0111_P004_202602,H0111,P004,2026-02-01,1,1,38,38.0
H0111_P004_202603,H0111,P004,2026-03-01,1,3,165,55.0
H0111_P005_202507,H0111,P005,2025-07-01,1,1,60,60.0
H0111_P005_202508,H0111,P005,2025-08-01,1,2,92,46.0
H0111_P005_202510,H0111,P005,2025-10-01,1,2,92,46.0
H0111_P005_202511,H0111,P005,2025-11-01,1,1,54,54.0
H0111_P005_202601,H0111,P005,2026-01-01,1,1,42,42.0
H0112_P001_202507,H0112,P001,2025-07-01,1,2,56,28.0
H0112_P001_202509,H0112,P001,2025-09-01,1,2,44,22.0
H0112_P001_202510,H0112,P001,2025-10-01,1,2,104,52.0
H0112_P001_202511,H0112,P001,2025-11-01,1,2,60,30.0
H0112_P001_202512,H0112,P001,2025-12-01,1,1,22,22.0
H0112_P001_202602,H0112,P001,2026-02-01,1,2,114,57.0
H0112_P001_202603,H0112,P001,2026-03-01,1,1,55,55.0
H0112_P002_202507,H0112,P002,2025-07-01,1,1,56,56.0
H0112_P002_202510,H0112,P002,2025-10-01,1,1,38,38.0
H0112_P002_202512,H0112,P002,2025-12-01,1,3,141,47.0
H0112_P002_202601,H0112,P002,2026-01-01,1,1,52,52.0
H0112_P002_202602,H0112,P002,2026-02-01,1,1,56,56.0
H0112_P002_202603,H0112,P002,2026-03-01,1,4,224,56.0
H0112_P003_202508,H0112,P003,2025-08-01,1,1,42,42.0
H0112_P003_202509,H0112,P003,2025-09-01,1,2,92,46.0
H0112_P003_202510,H0112,P003,2025-10-01,1,3,144,48.0
H0112_P003_202511,H0112,P003,2025-11-01,1,1,31,31.0
H0112_P003_202512,H0112,P003,2025-12-01,1,1,31,31.0
H0112_P003_202601,H0112,P003,2026-01-01,1,1,59,59.0
H0112_P003_202603,H0112,P003,2026-03-01,1,2,58,29.0
H0112_P004_202506,H0112,P004,2025-06-01,1,5,255,51.0
H0112_P004_202507,H0112,P004,2025-07-01,1,10,520,52.0
H0112_P004_202508,H0112,P004,2025-08-01,1,3,177,59.0
H0112_P004_202509,H0112,P004,2025-09-01,1,3,171,57.0
H0112_P004_202510,H0112,P004,2025-10-01,1,3,126,42.0
H0112_P004_202511,H0112,P004,2025-11-01,1,4,124,31.0
H0112_P004_202512,H0112,P004,2025-12-01,1,3,114,38.0
H0112_P004_202601,H0112,P004,2026-01-01,1,2,104,52.0
H0112_P004_202602,H0112,P004,2026-02-01,1,7,140,20.0
H0112_P004_202603,H0112,P004,2026-03-01,1,3,69,23.0
H0112_P005_202506,H0112,P005,2025-06-01,1,1,41,41.0
H0112_P005_202511,H0112,P005,2025-11-01,1,2,54,27.0
H0112_P005_202512,H0112,P005,2025-12-01,1,1,55,55.0
H0112_P005_202602,H0112,P005,2026-02-01,1,1,20,20.0
H0113_P001_202506,H0113,P001,2025-06-01,1,3,132,44.0
H0113_P001_202508,H0113,P001,2025-08-01,1,1,26,26.0
H0113_P001_202510,H0113,P001,2025-10-01,1,1,40,40.0
H0113_P001_202601,H0113,P001,2026-01-01,1,5,180,36.0
H0113_P001_202602,H0113,P001,2026-02-01,1,4,88,22.0
H0113_P002_202506,H0113,P002,2025-06-01,1,1,26,26.0
H0113_P002_202508,H0113,P002,2025-08-01,1,1,32,32.0
H0113_P002_202509,H0113,P002,2025-09-01,1,1,27,27.0
H0113_P002_202510,H0113,P002,2025-10-01,1,1,29,29.0
H0113_P002_202511,H0113,P002,2025-11-01,1,2,78,39.0
H0113_P002_202512,H0113,P002,2025-12-01,1,2,102,51.0
H0113_P003_202506,H0113,P003,2025-06-01,1,1,43,43.0
H0113_P003_202507,H0113,P003,2025-07-01,1,2,66,33.0
H0113_P003_202508,H0113,P003,2025-08-01,1,2,108,54.0
H0113_P003_202509,H0113,P003,2025-09-01,1,2,66,33.0
H0113_P003_202510,H0113,P003,2025-10-01,1,6,306,51.0
H0113_P003_202511,H0113,P003,2025-11-01,1,3,123,41.0
H0113_P003_202512,H0113,P003,2025-12-01,1,2,108,54.0
H0113_P003_202601,H0113,P003,2026-01-01,1,2,58,29.0
H0113_P003_202602,H0113,P003,2026-02-01,1,3,171,57.0
H0113_P003_202603,H0113,P003,2026-03-01,1,1,51,51.0
H0113_P004_202506,H0113,P004,2025-06-01,1,6,174,29.0
H0113_P004_202507,H0113,P004,2025-07-01,1,5,155,31.0
H0113_P004_202508,H0113,P004,2025-08-01,1,2,116,58.0
H0113_P004_202509,H0113,P004,2025-09-01,1,1,38,38.0
H0113_P004_202510,H0113,P004,2025-10-01,1,4,84,21.0
H0113_P004_202511,H0113,P004,2025-11-01,1,3,129,43.0
H0113_P004_202512,H0113,P004,2025-12-01,1,3,159,53.0
H0113_P004_202601,H0113,P004,2026-01-01,1,3,102,34.0
H0113_P004_202602,H0113,P004,2026-02-01,1,5,150,30.0
H0113_P005_202506,H0113,P005,2025-06-01,1,3,93,31.0
H0113_P005_202507,H0113,P005,2025-07-01,1,2,104,52.0
H0113_P005_202508,H0113,P005,2025-08-01,1,2,78,39.0
H0113_P005_202509,H0113,P005,2025-09-01,1,2,80,40.0
H0113_P005_202510,H0113,P005,2025-10-01,1,1,39,39.0
H0113_P005_202511,H0113,P005,2025-11-01,1,2,84,42.0
H0113_P005_202512,H0113,P005,2025-12-01,1,2,90,45.0
H0113_P005_202603,H0113,P005,2026-03-01,1,1,59,59.0
H0114_P001_202506,H0114,P001,2025-06-01,1,3,84,28.0
H0114_P001_202507,H0114,P001,2025-07-01,1,1,20,20.0
H0114_P001_202508,H0114,P001,2025-08-01,1,1,25,25.0
H0114_P001_202509,H0114,P001,2025-09-01,1,2,92,46.0
H0114_P001_202510,H0114,P001,2025-10-01,1,1,35,35.0
H0114_P001_202511,H0114,P001,2025-11-01,1,3,99,33.0
H0114_P001_202512,H0114,P001,2025-12-01,1,1,58,58.0
H0114_P001_202601,H0114,P001,2026-01-01,1,3,105,35.0
H0114_P001_202603,H0114,P001,2026-03-01,1,2,86,43.0
H0114_P002_202506,H0114,P002,2025-06-01,1,3,135,45.0
H0114_P002_202507,H0114,P002,2025-07-01,1,1,32,32.0
H0114_P002_202511,H0114,P002,2025-11-01,1,3,180,60.0
H0114_P002_202512,H0114,P002,2025-12-01,1,2,72,36.0
H0114_P002_202601,H0114,P002,2026-01-01,1,3,123,41.0
H0114_P002_202602,H0114,P002,2026-02-01,1,2,104,52.0
H0114_P002_202603,H0114,P002,2026-03-01,1,2,120,60.0
H0114_P003_202506,H0114,P003,2025-06-01,1,4,184,46.0
H0114_P003_202507,H0114,P003,2025-07-01,1,1,57,57.0
H0114_P003_202508,H0114,P003,2025-08-01,1,1,27,27.0
H0114_P003_202509,H0114,P003,2025-09-01,1,3,147,49.0
H0114_P003_202510,H0114,P003,2025-10-01,1,3,117,39.0
H0114_P003_202512,H0114,P003,2025-12-01,1,2,48,24.0
H0114_P003_202601,H0114,P003,2026-01-01,1,1,20,20.0
H0114_P003_202602,H0114,P003,2026-02-01,1,1,50,50.0
H0114_P003_202603,H0114,P003,2026-03-01,1,3,114,38.0
H0114_P004_202506,H0114,P004,2025-06-01,1,2,48,24.0
H0114_P004_202507,H0114,P004,2025-07-01,1,2,120,60.0
H0114_P004_202508,H0114,P004,2025-08-01,1,5,125,25.0
H0114_P004_202509,H0114,P004,2025-09-01,1,2,116,58.0
H0114_P004_202510,H0114,P004,2025-10-01,1,1,22,22.0
H0114_P004_202511,H0114,P004,2025-11-01,1,3,117,39.0
H0114_P004_202512,H0114,P004,2025-12-01,1,3,156,52.0
H0114_P004_202601,H0114,P004,2026-01-01,1,3,84,28.0
H0114_P004_202602,H0114,P004,2026-02-01,1,1,55,55.0
H0114_P004_202603,H0114,P004,2026-03-01,1,5,200,40.0
H0114_P005_202506,H0114,P005,2025-06-01,1,2,74,37.0
H0114_P005_202508,H0114,P005,2025-08-01,1,4,120,30.0
H0114_P005_202509,H0114,P005,2025-09-01,1,6,144,24.0
H0114_P005_202511,H0114,P005,2025-11-01,1,3,147,49.0
H0114_P005_202512,H0114,P005,2025-12-01,1,3,63,21.0
H0114_P005_202601,H0114,P005,2026-01-01,1,1,54,54.0
H0114_P005_202602,H0114,P005,2026-02-01,1,3,123,41.0
H0114_P005_202603,H0114,P005,2026-03-01,1,5,135,27.0
H0115_P003_202507,H0115,P003,2025-07-01,1,1,23,23.0
H0115_P003_202510,H0115,P003,2025-10-01,1,1,32,32.0
H0115_P003_202512,H0115,P003,2025-12-01,1,1,22,22.0
H0116_P003_202506,H0116,P003,2025-06-01,1,1,31,31.0
H0116_P003_202509,H0116,P003,2025-09-01,1,1,41,41.0
H0116_P003_202511,H0116,P003,2025-11-01,1,1,43,43.0
H0116_P003_202601,H0116,P003,2026-01-01,1,1,25,25.0
H0117_P001_202508,H0117,P001,2025-08-01,1,1,42,42.0
H0117_P001_202510,H0117,P001,2025-10-01,1,1,47,47.0
H0117_P001_202512,H0117,P001,2025-12-01,1,1,48,48.0
H0117_P001_202602,H0117,P001,2026-02-01,1,1,44,44.0
H0117_P002_202601,H0117,P002,2026-01-01,1,1,46,46.0
H0117_P003_202507,H0117,P003,2025-07-01,1,1,22,22.0
H0117_P003_202509,H0117,P003,2025-09-01,1,2,86,43.0
H0117_P003_202511,H0117,P003,2025-11-01,1,2,118,59.0
H0117_P003_202602,H0117,P003,2026-02-01,1,1,39,39.0
H0117_P005_202506,H0117,P005,2025-06-01,1,2,52,26.0
H0117_P005_202508,H0117,P005,2025-08-01,1,1,54,54.0
H0117_P005_202509,H0117,P005,2025-09-01,1,1,39,39.0
H0117_P005_202512,H0117,P005,2025-12-01,1,2,88,44.0
H0117_P005_202601,H0117,P005,2026-01-01,1,4,212,53.0
H0117_P005_202602,H0117,P005,2026-02-01,1,1,23,23.0
H0117_P005_202603,H0117,P005,2026-03-01,1,3,111,37.0
H0118_P001_202506,H0118,P001,2025-06-01,1,1,25,25.0
H0118_P001_202507,H0118,P001,2025-07-01,1,1,59,59.0
H0118_P001_202508,H0118,P001,2025-08-01,1,1,44,44.0
H0118_P001_202509,H0118,P001,2025-09-01,1,2,50,25.0
H0118_P001_202510,H0118,P001,2025-10-01,1,2,102,51.0
H0118_P001_202601,H0118,P001,2026-01-01,1,1,50,50.0
H0118_P001_202603,H0118,P001,2026-03-01,1,1,30,30.0
H0118_P002_202506,H0118,P002,2025-06-01,1,1,38,38.0
H0118_P002_202510,H0118,P002,2025-10-01,1,1,24,24.0
H0118_P002_202512,H0118,P002,2025-12-01,1,1,31,31.0
H0118_P002_202602,H0118,P002,2026-02-01,1,1,35,35.0
H0118_P002_202603,H0118,P002,2026-03-01,1,1,20,20.0
H0118_P003_202506,H0118,P003,2025-06-01,1,1,60,60.0
H0118_P003_202510,H0118,P003,2025-10-01,1,2,58,29.0
H0118_P003_202511,H0118,P003,2025-11-01,1,1,37,37.0
H0118_P003_202512,H0118,P003,2025-12-01,1,1,58,58.0
H0118_P004_202506,H0118,P004,2025-06-01,1,7,168,24.0
H0118_P004_202507,H0118,P004,2025-07-01,1,4,152,38.0
H0118_P004_202508,H0118,P004,2025-08-01,1,1,27,27.0
H0118_P004_202509,H0118,P004,2025-09-01,1,7,175,25.0
H0118_P004_202510,H0118,P004,2025-10-01,1,3,177,59.0
H0118_P004_202511,H0118,P004,2025-11-01,1,2,108,54.0
H0118_P004_202512,H0118,P004,2025-12-01,1,3,147,49.0
H0118_P004_202601,H0118,P004,2026-01-01,1,6,138,23.0
H0118_P004_202602,H0118,P004,2026-02-01,1,2,102,51.0
H0118_P004_202603,H0118,P004,2026-03-01,1,2,120,60.0
H0118_P005_202506,H0118,P005,2025-06-01,1,5,100,20.0
H0118_P005_202511,H0118,P005,2025-11-01,1,5,155,31.0
H0118_P005_202512,H0118,P005,2025-12-01,1,1,26,26.0
H0118_P005_202601,H0118,P005,2026-01-01,1,1,22,22.0
H0118_P005_202603,H0118,P005,2026-03-01,1,2,110,55.0
H0119_P001_202507,H0119,P001,2025-07-01,1,2,78,39.0
H0119_P001_202509,H0119,P001,2025-09-01,1,1,53,53.0
H0119_P001_202511,H0119,P001,2025-11-01,1,1,43,43.0
H0119_P001_202601,H0119,P001,2026-01-01,1,1,53,53.0
H0119_P001_202602,H0119,P001,2026-02-01,1,1,57,57.0
H0119_P002_202508,H0119,P002,2025-08-01,1,1,30,30.0
H0119_P002_202510,H0119,P002,2025-10-01,1,1,25,25.0
H0119_P002_202511,H0119,P002,2025-11-01,1,3,144,48.0
H0119_P002_202603,H0119,P002,2026-03-01,1,1,27,27.0
H0119_P003_202506,H0119,P003,2025-06-01,1,2,120,60.0
H0119_P003_202507,H0119,P003,2025-07-01,1,1,51,51.0
H0119_P003_202508,H0119,P003,2025-08-01,1,1,38,38.0
H0119_P003_202510,H0119,P003,2025-10-01,1,5,180,36.0
H0119_P003_202511,H0119,P003,2025-11-01,1,2,66,33.0
H0119_P003_202512,H0119,P003,2025-12-01,1,2,46,23.0
H0119_P003_202602,H0119,P003,2026-02-01,1,3,60,20.0
H0119_P003_202603,H0119,P003,2026-03-01,1,4,168,42.0
H0119_P004_202508,H0119,P004,2025-08-01,1,1,28,28.0
H0119_P005_202512,H0119,P005,2025-12-01,1,2,84,42.0
H0120_P001_202506,H0120,P001,2025-06-01,1,8,208,26.0
H0120_P001_202507,H0120,P001,2025-07-01,1,6,264,44.0
H0120_P001_202508,H0120,P001,2025-08-01,1,6,264,44.0
H0120_P001_202509,H0120,P001,2025-09-01,1,6,336,56.0
H0120_P001_202510,H0120,P001,2025-10-01,1,6,174,29.0
H0120_P001_202511,H0120,P001,2025-11-01,1,2,50,25.0
H0120_P001_202512,H0120,P001,2025-12-01,1,3,159,53.0
H0120_P001_202601,H0120,P001,2026-01-01,1,5,255,51.0
H0120_P001_202602,H0120,P001,2026-02-01,1,8,280,35.0
H0120_P001_202603,H0120,P001,2026-03-01,1,8,232,29.0
H0120_P002_202506,H0120,P002,2025-06-01,1,3,162,54.0
H0120_P002_202507,H0120,P002,2025-07-01,1,6,168,28.0
H0120_P002_202508,H0120,P002,2025-08-01,1,3,141,47.0
H0120_P002_202509,H0120,P002,2025-09-01,1,4,200,50.0
H0120_P002_202510,H0120,P002,2025-10-01,1,7,189,27.0
H0120_P002_202511,H0120,P002,2025-11-01,1,8,344,43.0
H0120_P002_202512,H0120,P002,2025-12-01,1,4,140,35.0
H0120_P002_202601,H0120,P002,2026-01-01,1,6,252,42.0
H0120_P002_202602,H0120,P002,2026-02-01,1,4,172,43.0
H0120_P002_202603,H0120,P002,2026-03-01,1,8,224,28.0
H0120_P003_202506,H0120,P003,2025-06-01,1,6,348,58.0
H0120_P003_202507,H0120,P003,2025-07-01,1,4,188,47.0
H0120_P003_202508,H0120,P003,2025-08-01,1,4,120,30.0
H0120_P003_202509,H0120,P003,2025-09-01,1,5,200,40.0
H0120_P003_202510,H0120,P003,2025-10-01,1,8,320,40.0
H0120_P003_202511,H0120,P003,2025-11-01,1,11,594,54.0
H0120_P003_202512,H0120,P003,2025-12-01,1,7,168,24.0
H0120_P003_202601,H0120,P003,2026-01-01,1,9,342,38.0
H0120_P003_202602,H0120,P003,2026-02-01,1,9,324,36.0
H0120_P003_202603,H0120,P003,2026-03-01,1,7,175,25.0
H0120_P004_202506,H0120,P004,2025-06-01,1,5,180,36.0
H0120_P004_202507,H0120,P004,2025-07-01,1,4,112,28.0
H0120_P004_202508,H0120,P004,2025-08-01,1,3,162,54.0
H0120_P004_202509,H0120,P004,2025-09-01,1,3,159,53.0
H0120_P004_202510,H0120,P004,2025-10-01,1,5,155,31.0
H0120_P004_202511,H0120,P004,2025-11-01,1,4,184,46.0
H0120_P004_202512,H0120,P004,2025-12-01,1,5,295,59.0
H0120_P004_202601,H0120,P004,2026-01-01,1,4,116,29.0
H0120_P004_202602,H0120,P004,2026-02-01,1,7,364,52.0
H0120_P004_202603,H0120,P004,2026-03-01,1,3,96,32.0
H0120_P005_202506,H0120,P005,2025-06-01,1,1,27,27.0
H0120_P005_202507,H0120,P005,2025-07-01,1,3,93,31.0
H0120_P005_202508,H0120,P005,2025-08-01,1,1,58,58.0
H0120_P005_202509,H0120,P005,2025-09-01,1,2,66,33.0
H0120_P005_202511,H0120,P005,2025-11-01,1,2,78,39.0
H0120_P005_202601,H0120,P005,2026-01-01,1,3,75,25.0
H0120_P005_202602,H0120,P005,2026-02-01,1,3,111,37.0
H0121_P001_202510,H0121,P001,2025-10-01,1,1,39,39.0
H0121_P001_202512,H0121,P001,2025-12-01,1,1,23,23.0
H0121_P001_202603,H0121,P001,2026-03-01,1,1,40,40.0
H0121_P002_202506,H0121,P002,2025-06-01,1,2,62,31.0
H0121_P002_202507,H0121,P002,2025-07-01,1,1,35,35.0
H0121_P002_202508,H0121,P002,2025-08-01,1,2,112,56.0
H0121_P002_202509,H0121,P002,2025-09-01,1,1,27,27.0
H0121_P002_202510,H0121,P002,2025-10-01,1,2,116,58.0
H0121_P002_202511,H0121,P002,2025-11-01,1,3,60,20.0
H0121_P002_202512,H0121,P002,2025-12-01,1,3,165,55.0
H0121_P002_202601,H0121,P002,2026-01-01,1,1,25,25.0
H0121_P002_202602,H0121,P002,2026-02-01,1,2,96,48.0
H0121_P003_202507,H0121,P003,2025-07-01,1,1,42,42.0
H0121_P003_202508,H0121,P003,2025-08-01,1,2,44,22.0
H0121_P003_202509,H0121,P003,2025-09-01,1,1,32,32.0
H0121_P003_202510,H0121,P003,2025-10-01,1,2,50,25.0
H0121_P003_202511,H0121,P003,2025-11-01,1,1,46,46.0
H0121_P003_202512,H0121,P003,2025-12-01,1,1,22,22.0
H0121_P003_202603,H0121,P003,2026-03-01,1,2,74,37.0
H0121_P004_202510,H0121,P004,2025-10-01,1,1,53,53.0
H0121_P005_202506,H0121,P005,2025-06-01,1,1,39,39.0
H0121_P005_202508,H0121,P005,2025-08-01,1,1,49,49.0
H0121_P005_202509,H0121,P005,2025-09-01,1,1,45,45.0
H0121_P005_202511,H0121,P005,2025-11-01,1,5,295,59.0
H0121_P005_202512,H0121,P005,2025-12-01,1,1,40,40.0
H0121_P005_202602,H0121,P005,2026-02-01,1,1,49,49.0
H0122_P001_202506,H0122,P001,2025-06-01,1,1,41,41.0
H0122_P001_202512,H0122,P001,2025-12-01,1,1,29,29.0
H0122_P001_202603,H0122,P001,2026-03-01,1,1,50,50.0
H0122_P002_202509,H0122,P002,2025-09-01,1,1,24,24.0
H0122_P002_202512,H0122,P002,2025-12-01,1,1,20,20.0
H0122_P002_202601,H0122,P002,2026-01-01,1,1,24,24.0
H0122_P002_202603,H0122,P002,2026-03-01,1,2,106,53.0
H0122_P003_202507,H0122,P003,2025-07-01,1,1,25,25.0
H0122_P003_202508,H0122,P003,2025-08-01,1,1,47,47.0
H0122_P003_202509,H0122,P003,2025-09-01,1,1,31,31.0
H0122_P003_202512,H0122,P003,2025-12-01,1,1,45,45.0
H0122_P004_202506,H0122,P004,2025-06-01,1,1,55,55.0
H0122_P004_202509,H0122,P004,2025-09-01,1,1,30,30.0
H0122_P004_202510,H0122,P004,2025-10-01,1,2,86,43.0
H0122_P004_202512,H0122,P004,2025-12-01,1,3,63,21.0
H0122_P004_202602,H0122,P004,2026-02-01,1,1,50,50.0
H0122_P004_202603,H0122,P004,2026-03-01,1,2,62,31.0
H0122_P005_202509,H0122,P005,2025-09-01,1,1,43,43.0
H0122_P005_202512,H0122,P005,2025-12-01,1,1,23,23.0
H0123_P001_202506,H0123,P001,2025-06-01,1,3,177,59.0
H0123_P001_202507,H0123,P001,2025-07-01,1,2,106,53.0
H0123_P001_202508,H0123,P001,2025-08-01,1,1,40,40.0
H0123_P001_202509,H0123,P001,2025-09-01,1,1,50,50.0
H0123_P001_202510,H0123,P001,2025-10-01,1,2,52,26.0
H0123_P001_202511,H0123,P001,2025-11-01,1,1,50,50.0
H0123_P001_202512,H0123,P001,2025-12-01,1,1,24,24.0
H0123_P001_202601,H0123,P001,2026-01-01,1,3,144,48.0
H0123_P001_202602,H0123,P001,2026-02-01,1,1,49,49.0
H0123_P001_202603,H0123,P001,2026-03-01,1,4,80,20.0
H0123_P002_202510,H0123,P002,2025-10-01,1,1,25,25.0
H0123_P002_202511,H0123,P002,2025-11-01,1,1,49,49.0
H0123_P003_202509,H0123,P003,2025-09-01,1,2,98,49.0
H0123_P003_202510,H0123,P003,2025-10-01,1,2,44,22.0
H0123_P003_202511,H0123,P003,2025-11-01,1,2,114,57.0
H0123_P003_202512,H0123,P003,2025-12-01,1,1,27,27.0
H0123_P003_202601,H0123,P003,2026-01-01,1,1,29,29.0
H0123_P003_202602,H0123,P003,2026-02-01,1,1,23,23.0
H0123_P003_202603,H0123,P003,2026-03-01,1,1,23,23.0
H0123_P004_202506,H0123,P004,2025-06-01,1,1,20,20.0
H0123_P004_202507,H0123,P004,2025-07-01,1,2,58,29.0
H0123_P004_202508,H0123,P004,2025-08-01,1,1,54,54.0
H0123_P004_202509,H0123,P004,2025-09-01,1,1,41,41.0
H0123_P004_202602,H0123,P004,2026-02-01,1,1,53,53.0
H0123_P005_202506,H0123,P005,2025-06-01,1,1,35,35.0
H0123_P005_202508,H0123,P005,2025-08-01,1,2,66,33.0
H0123_P005_202510,H0123,P005,2025-10-01,1,1,43,43.0
H0123_P005_202511,H0123,P005,2025-11-01,1,1,21,21.0
H0123_P005_202512,H0123,P005,2025-12-01,1,1,20,20.0
H0123_P005_202601,H0123,P005,2026-01-01,1,2,60,30.0
H0123_P005_202602,H0123,P005,2026-02-01,1,3,177,59.0
H0124_P001_202506,H0124,P001,2025-06-01,1,2,104,52.0
H0124_P001_202510,H0124,P001,2025-10-01,1,1,58,58.0
H0124_P001_202511,H0124,P001,2025-11-01,1,1,45,45.0
H0124_P001_202512,H0124,P001,2025-12-01,1,1,58,58.0
H0124_P001_202601,H0124,P001,2026-01-01,1,2,56,28.0
H0124_P003_202506,H0124,P003,2025-06-01,1,1,48,48.0
H0124_P003_202507,H0124,P003,2025-07-01,1,1,32,32.0
H0124_P003_202510,H0124,P003,2025-10-01,1,1,37,37.0
H0124_P003_202511,H0124,P003,2025-11-01,1,1,45,45.0
H0124_P003_202601,H0124,P003,2026-01-01,1,1,34,34.0
H0124_P003_202602,H0124,P003,2026-02-01,1,1,52,52.0
H0124_P003_202603,H0124,P003,2026-03-01,1,2,54,27.0
H0124_P004_202506,H0124,P004,2025-06-01,1,1,48,48.0
H0124_P004_202509,H0124,P004,2025-09-01,1,1,33,33.0
H0124_P004_202510,H0124,P004,2025-10-01,1,1,33,33.0
H0124_P004_202512,H0124,P004,2025-12-01,1,1,45,45.0
H0124_P004_202601,H0124,P004,2026-01-01,1,1,32,32.0
H0125_P001_202506,H0125,P001,2025-06-01,1,1,38,38.0
H0125_P001_202507,H0125,P001,2025-07-01,1,2,72,36.0
H0125_P001_202509,H0125,P001,2025-09-01,1,2,48,24.0
H0125_P001_202510,H0125,P001,2025-10-01,1,2,68,34.0
H0125_P001_202511,H0125,P001,2025-11-01,1,2,42,21.0
H0125_P001_202512,H0125,P001,2025-12-01,1,1,44,44.0
H0125_P001_202602,H0125,P001,2026-02-01,1,1,58,58.0
H0125_P001_202603,H0125,P001,2026-03-01,1,1,45,45.0
H0125_P002_202506,H0125,P002,2025-06-01,1,1,30,30.0
H0125_P002_202509,H0125,P002,2025-09-01,1,3,111,37.0
H0125_P002_202510,H0125,P002,2025-10-01,1,1,46,46.0
H0125_P002_202511,H0125,P002,2025-11-01,1,3,126,42.0
H0125_P002_202512,H0125,P002,2025-12-01,1,2,52,26.0
H0125_P002_202601,H0125,P002,2026-01-01,1,2,44,22.0
H0125_P002_202602,H0125,P002,2026-02-01,1,1,57,57.0
H0125_P002_202603,H0125,P002,2026-03-01,1,2,118,59.0
H0125_P003_202506,H0125,P003,2025-06-01,1,3,60,20.0
H0125_P003_202507,H0125,P003,2025-07-01,1,6,180,30.0
H0125_P003_202508,H0125,P003,2025-08-01,1,3,87,29.0
H0125_P003_202509,H0125,P003,2025-09-01,1,1,21,21.0
H0125_P003_202510,H0125,P003,2025-10-01,1,2,120,60.0
H0125_P003_202511,H0125,P003,2025-11-01,1,4,124,31.0
H0125_P003_202512,H0125,P003,2025-12-01,1,4,164,41.0
H0125_P003_202601,H0125,P003,2026-01-01,1,1,40,40.0
H0125_P003_202602,H0125,P003,2026-02-01,1,4,212,53.0
H0125_P003_202603,H0125,P003,2026-03-01,1,2,100,50.0
H0125_P004_202506,H0125,P004,2025-06-01,1,4,84,21.0
H0125_P004_202507,H0125,P004,2025-07-01,1,1,34,34.0
H0125_P004_202508,H0125,P004,2025-08-01,1,2,62,31.0
H0125_P004_202510,H0125,P004,2025-10-01,1,4,152,38.0
H0125_P004_202511,H0125,P004,2025-11-01,1,1,38,38.0
H0125_P004_202512,H0125,P004,2025-12-01,1,1,56,56.0
H0125_P004_202601,H0125,P004,2026-01-01,1,4,184,46.0
H0125_P004_202603,H0125,P004,2026-03-01,1,2,98,49.0
H0125_P005_202506,H0125,P005,2025-06-01,1,1,48,48.0
H0125_P005_202507,H0125,P005,2025-07-01,1,2,58,29.0
H0125_P005_202508,H0125,P005,2025-08-01,1,1,23,23.0
H0125_P005_202511,H0125,P005,2025-11-01,1,2,88,44.0
H0125_P005_202512,H0125,P005,2025-12-01,1,3,150,50.0
H0125_P005_202601,H0125,P005,2026-01-01,1,1,44,44.0
H0125_P005_202602,H0125,P005,2026-02-01,1,3,87,29.0
H0125_P005_202603,H0125,P005,2026-03-01,1,1,51,51.0
H0126_P001_202507,H0126,P001,2025-07-01,1,1,36,36.0
H0126_P001_202508,H0126,P001,2025-08-01,1,1,43,43.0
H0126_P001_202510,H0126,P001,2025-10-01,1,6,324,54.0
H0126_P001_202511,H0126,P001,2025-11-01,1,1,43,43.0
H0126_P001_202512,H0126,P001,2025-12-01,1,1,58,58.0
H0126_P001_202602,H0126,P001,2026-02-01,1,1,30,30.0
H0126_P001_202603,H0126,P001,2026-03-01,1,2,72,36.0
H0126_P002_202506,H0126,P002,2025-06-01,1,1,53,53.0
H0126_P002_202507,H0126,P002,2025-07-01,1,1,39,39.0
H0126_P002_202508,H0126,P002,2025-08-01,1,1,29,29.0
H0126_P002_202509,H0126,P002,2025-09-01,1,1,54,54.0
H0126_P002_202512,H0126,P002,2025-12-01,1,1,52,52.0
H0126_P002_202601,H0126,P002,2026-01-01,1,1,21,21.0
H0126_P002_202603,H0126,P002,2026-03-01,1,3,90,30.0
H0126_P003_202507,H0126,P003,2025-07-01,1,3,162,54.0
H0126_P003_202509,H0126,P003,2025-09-01,1,2,112,56.0
H0126_P003_202510,H0126,P003,2025-10-01,1,1,43,43.0
H0126_P003_202511,H0126,P003,2025-11-01,1,1,50,50.0
H0126_P003_202512,H0126,P003,2025-12-01,1,1,30,30.0
H0126_P003_202602,H0126,P003,2026-02-01,1,3,75,25.0
H0126_P003_202603,H0126,P003,2026-03-01,1,2,68,34.0
H0126_P004_202506,H0126,P004,2025-06-01,1,2,112,56.0
H0126_P004_202508,H0126,P004,2025-08-01,1,2,74,37.0
H0126_P004_202510,H0126,P004,2025-10-01,1,2,118,59.0
H0126_P004_202511,H0126,P004,2025-11-01,1,1,42,42.0
H0126_P004_202512,H0126,P004,2025-12-01,1,1,58,58.0
H0126_P004_202602,H0126,P004,2026-02-01,1,2,50,25.0
H0126_P005_202509,H0126,P005,2025-09-01,1,1,46,46.0
H0126_P005_202602,H0126,P005,2026-02-01,1,1,34,34.0
H0126_P005_202603,H0126,P005,2026-03-01,1,1,34,34.0
H0127_P001_202506,H0127,P001,2025-06-01,1,1,54,54.0
H0127_P001_202507,H0127,P001,2025-07-01,1,1,42,42.0
H0127_P001_202508,H0127,P001,2025-08-01,1,1,32,32.0
H0127_P001_202509,H0127,P001,2025-09-01,1,1,33,33.0
H0127_P001_202510,H0127,P001,2025-10-01,1,1,32,32.0
H0127_P001_202511,H0127,P001,2025-11-01,1,1,37,37.0
H0127_P001_202512,H0127,P001,2025-12-01,1,2,64,32.0
H0127_P001_202602,H0127,P001,2026-02-01,1,1,48,48.0
H0127_P001_202603,H0127,P001,2026-03-01,1,2,40,20.0
H0127_P002_202506,H0127,P002,2025-06-01,1,1,55,55.0
H0127_P002_202507,H0127,P002,2025-07-01,1,2,44,22.0
H0127_P002_202508,H0127,P002,2025-08-01,1,3,72,24.0
H0127_P002_202509,H0127,P002,2025-09-01,1,2,42,21.0
H0127_P002_202510,H0127,P002,2025-10-01,1,2,74,37.0
H0127_P002_202511,H0127,P002,2025-11-01,1,2,66,33.0
H0127_P002_202512,H0127,P002,2025-12-01,1,2,90,45.0
H0127_P002_202602,H0127,P002,2026-02-01,1,2,114,57.0
H0127_P003_202508,H0127,P003,2025-08-01,1,1,27,27.0
H0127_P003_202510,H0127,P003,2025-10-01,1,1,42,42.0
H0127_P003_202511,H0127,P003,2025-11-01,1,1,53,53.0
H0127_P003_202601,H0127,P003,2026-01-01,1,1,54,54.0
H0127_P003_202603,H0127,P003,2026-03-01,1,1,58,58.0
H0127_P004_202506,H0127,P004,2025-06-01,1,1,57,57.0
H0127_P004_202508,H0127,P004,2025-08-01,1,2,42,21.0
H0127_P004_202510,H0127,P004,2025-10-01,1,1,58,58.0
H0127_P004_202511,H0127,P004,2025-11-01,1,2,94,47.0
H0127_P004_202512,H0127,P004,2025-12-01,1,1,48,48.0
H0127_P005_202506,H0127,P005,2025-06-01,1,2,88,44.0
H0127_P005_202509,H0127,P005,2025-09-01,1,2,70,35.0
H0127_P005_202511,H0127,P005,2025-11-01,1,1,47,47.0
H0127_P005_202512,H0127,P005,2025-12-01,1,1,32,32.0
H0127_P005_202601,H0127,P005,2026-01-01,1,1,45,45.0
H0127_P005_202602,H0127,P005,2026-02-01,1,1,29,29.0
H0127_P005_202603,H0127,P005,2026-03-01,1,1,41,41.0
H0128_P001_202506,H0128,P001,2025-06-01,1,2,92,46.0
H0128_P001_202507,H0128,P001,2025-07-01,1,1,21,21.0
H0128_P001_202508,H0128,P001,2025-08-01,1,1,20,20.0
H0128_P001_202509,H0128,P001,2025-09-01,1,1,47,47.0
H0128_P001_202510,H0128,P001,2025-10-01,1,2,72,36.0
H0128_P001_202512,H0128,P001,2025-12-01,1,2,62,31.0
H0128_P001_202602,H0128,P001,2026-02-01,1,1,57,57.0
H0128_P002_202506,H0128,P002,2025-06-01,1,3,99,33.0
H0128_P002_202507,H0128,P002,2025-07-01,1,3,90,30.0
H0128_P002_202508,H0128,P002,2025-08-01,1,1,28,28.0
H0128_P002_202509,H0128,P002,2025-09-01,1,2,42,21.0
H0128_P002_202511,H0128,P002,2025-11-01,1,2,88,44.0
H0128_P002_202601,H0128,P002,2026-01-01,1,2,62,31.0
H0128_P002_202603,H0128,P002,2026-03-01,1,2,98,49.0
H0128_P003_202508,H0128,P003,2025-08-01,1,1,36,36.0
H0128_P003_202509,H0128,P003,2025-09-01,1,1,31,31.0
H0128_P003_202510,H0128,P003,2025-10-01,1,1,21,21.0
H0128_P004_202510,H0128,P004,2025-10-01,1,1,59,59.0
H0128_P004_202601,H0128,P004,2026-01-01,1,1,42,42.0
H0128_P004_202603,H0128,P004,2026-03-01,1,1,30,30.0
H0128_P005_202506,H0128,P005,2025-06-01,1,2,42,21.0
H0128_P005_202507,H0128,P005,2025-07-01,1,4,224,56.0
H0128_P005_202509,H0128,P005,2025-09-01,1,1,23,23.0
H0128_P005_202512,H0128,P005,2025-12-01,1,1,26,26.0
H0128_P005_202601,H0128,P005,2026-01-01,1,1,56,56.0
H0128_P005_202602,H0128,P005,2026-02-01,1,1,35,35.0
H0128_P005_202603,H0128,P005,2026-03-01,1,1,38,38.0
H0129_P001_202507,H0129,P001,2025-07-01,1,2,120,60.0
H0129_P001_202508,H0129,P001,2025-08-01,1,2,96,48.0
H0129_P001_202509,H0129,P001,2025-09-01,1,3,132,44.0
H0129_P001_202511,H0129,P001,2025-11-01,1,2,100,50.0
H0129_P001_202601,H0129,P001,2026-01-01,1,1,44,44.0
H0129_P001_202602,H0129,P001,2026-02-01,1,1,51,51.0
H0129_P002_202509,H0129,P002,2025-09-01,1,1,52,52.0
H0129_P002_202511,H0129,P002,2025-11-01,1,1,49,49.0
H0129_P002_202602,H0129,P002,2026-02-01,1,1,32,32.0
H0129_P003_202507,H0129,P003,2025-07-01,1,1,22,22.0
H0129_P003_202512,H0129,P003,2025-12-01,1,2,76,38.0
H0129_P004_202506,H0129,P004,2025-06-01,1,1,33,33.0
H0129_P004_202507,H0129,P004,2025-07-01,1,2,110,55.0
H0129_P004_202508,H0129,P004,2025-08-01,1,1,21,21.0
H0129_P004_202510,H0129,P004,2025-10-01,1,3,153,51.0
H0129_P004_202602,H0129,P004,2026-02-01,1,1,35,35.0
H0129_P005_202506,H0129,P005,2025-06-01,1,3,162,54.0
H0129_P005_202507,H0129,P005,2025-07-01,1,4,224,56.0
H0129_P005_202508,H0129,P005,2025-08-01,1,2,44,22.0
H0129_P005_202509,H0129,P005,2025-09-01,1,3,78,26.0
H0129_P005_202511,H0129,P005,2025-11-01,1,1,38,38.0
H0129_P005_202512,H0129,P005,2025-12-01,1,7,280,40.0
H0129_P005_202601,H0129,P005,2026-01-01,1,5,195,39.0
H0129_P005_202602,H0129,P005,2026-02-01,1,1,50,50.0
H0129_P005_202603,H0129,P005,2026-03-01,1,4,144,36.0
H0130_P001_202506,H0130,P001,2025-06-01,1,4,216,54.0
H0130_P001_202507,H0130,P001,2025-07-01,1,1,60,60.0
H0130_P001_202508,H0130,P001,2025-08-01,1,3,138,46.0
H0130_P001_202510,H0130,P001,2025-10-01,1,3,90,30.0
H0130_P001_202511,H0130,P001,2025-11-01,1,6,144,24.0
H0130_P001_202512,H0130,P001,2025-12-01,1,2,60,30.0
H0130_P001_202601,H0130,P001,2026-01-01,1,2,120,60.0
H0130_P001_202602,H0130,P001,2026-02-01,1,3,63,21.0
H0130_P001_202603,H0130,P001,2026-03-01,1,2,106,53.0
H0130_P002_202506,H0130,P002,2025-06-01,1,4,196,49.0
H0130_P002_202507,H0130,P002,2025-07-01,1,3,63,21.0
H0130_P002_202508,H0130,P002,2025-08-01,1,2,44,22.0
H0130_P002_202509,H0130,P002,2025-09-01,1,4,240,60.0
H0130_P002_202510,H0130,P002,2025-10-01,1,3,120,40.0
H0130_P002_202511,H0130,P002,2025-11-01,1,4,180,45.0
H0130_P002_202512,H0130,P002,2025-12-01,1,4,144,36.0
H0130_P002_202601,H0130,P002,2026-01-01,1,5,160,32.0
H0130_P002_202602,H0130,P002,2026-02-01,1,1,34,34.0
H0130_P002_202603,H0130,P002,2026-03-01,1,5,145,29.0
H0130_P003_202506,H0130,P003,2025-06-01,1,1,30,30.0
H0130_P003_202508,H0130,P003,2025-08-01,1,1,24,24.0
H0130_P003_202509,H0130,P003,2025-09-01,1,2,92,46.0
H0130_P003_202510,H0130,P003,2025-10-01,1,3,90,30.0
H0130_P003_202511,H0130,P003,2025-11-01,1,2,118,59.0
H0130_P003_202512,H0130,P003,2025-12-01,1,2,52,26.0
H0130_P003_202602,H0130,P003,2026-02-01,1,1,20,20.0
H0130_P004_202507,H0130,P004,2025-07-01,1,2,40,20.0
H0130_P004_202508,H0130,P004,2025-08-01,1,1,29,29.0
H0130_P004_202509,H0130,P004,2025-09-01,1,4,132,33.0
H0130_P004_202510,H0130,P004,2025-10-01,1,1,25,25.0
H0130_P004_202511,H0130,P004,2025-11-01,1,4,136,34.0
H0130_P004_202512,H0130,P004,2025-12-01,1,4,168,42.0
H0130_P004_202601,H0130,P004,2026-01-01,1,2,92,46.0
H0130_P004_202602,H0130,P004,2026-02-01,1,1,54,54.0
H0130_P004_202603,H0130,P004,2026-03-01,1,1,23,23.0
H0130_P005_202506,H0130,P005,2025-06-01,1,4,240,60.0
H0130_P005_202507,H0130,P005,2025-07-01,1,8,480,60.0
H0130_P005_202508,H0130,P005,2025-08-01,1,2,44,22.0
H0130_P005_202510,H0130,P005,2025-10-01,1,5,205,41.0
H0130_P005_202511,H0130,P005,2025-11-01,1,5,165,33.0
H0130_P005_202512,H0130,P005,2025-12-01,1,5,275,55.0
H0130_P005_202601,H0130,P005,2026-01-01,1,5,140,28.0
H0130_P005_202602,H0130,P005,2026-02-01,1,3,180,60.0
H0130_P005_202603,H0130,P005,2026-03-01,1,5,290,58.0
H0131_P001_202506,H0131,P001,2025-06-01,1,2,62,31.0
H0131_P001_202511,H0131,P001,2025-11-01,1,1,48,48.0
H0131_P001_202601,H0131,P001,2026-01-01,1,1,59,59.0
H0131_P001_202602,H0131,P001,2026-02-01,1,2,114,57.0
H0131_P001_202603,H0131,P001,2026-03-01,1,1,36,36.0
H0131_P002_202507,H0131,P002,2025-07-01,1,2,60,30.0
H0131_P002_202508,H0131,P002,2025-08-01,1,4,240,60.0
H0131_P002_202509,H0131,P002,2025-09-01,1,2,92,46.0
H0131_P002_202511,H0131,P002,2025-11-01,1,2,96,48.0
H0131_P002_202512,H0131,P002,2025-12-01,1,3,99,33.0
H0131_P002_202601,H0131,P002,2026-01-01,1,2,64,32.0
H0131_P002_202602,H0131,P002,2026-02-01,1,2,70,35.0
H0131_P003_202509,H0131,P003,2025-09-01,1,1,56,56.0
H0131_P003_202511,H0131,P003,2025-11-01,1,1,29,29.0
H0131_P004_202508,H0131,P004,2025-08-01,1,1,54,54.0
H0131_P005_202507,H0131,P005,2025-07-01,1,1,53,53.0
H0131_P005_202509,H0131,P005,2025-09-01,1,1,30,30.0
H0131_P005_202511,H0131,P005,2025-11-01,1,1,27,27.0
H0131_P005_202602,H0131,P005,2026-02-01,1,1,55,55.0
H0131_P005_202603,H0131,P005,2026-03-01,1,1,20,20.0
H0132_P001_202507,H0132,P001,2025-07-01,1,1,23,23.0
H0132_P001_202508,H0132,P001,2025-08-01,1,2,42,21.0
H0132_P001_202509,H0132,P001,2025-09-01,1,1,30,30.0
H0132_P001_202510,H0132,P001,2025-10-01,1,2,46,23.0
H0132_P001_202511,H0132,P001,2025-11-01,1,1,56,56.0
H0132_P001_202601,H0132,P001,2026-01-01,1,3,111,37.0
H0132_P001_202602,H0132,P001,2026-02-01,1,3,93,31.0
H0132_P001_202603,H0132,P001,2026-03-01,1,4,172,43.0
H0132_P002_202506,H0132,P002,2025-06-01,1,3,111,37.0
H0132_P002_202507,H0132,P002,2025-07-01,1,3,156,52.0
H0132_P002_202508,H0132,P002,2025-08-01,1,3,147,49.0
H0132_P002_202509,H0132,P002,2025-09-01,1,2,58,29.0
H0132_P002_202510,H0132,P002,2025-10-01,1,4,84,21.0
H0132_P002_202511,H0132,P002,2025-11-01,1,3,123,41.0
H0132_P002_202512,H0132,P002,2025-12-01,1,4,204,51.0
H0132_P002_202601,H0132,P002,2026-01-01,1,2,62,31.0
H0132_P002_202602,H0132,P002,2026-02-01,1,4,152,38.0
H0132_P002_202603,H0132,P002,2026-03-01,1,3,150,50.0
H0132_P003_202506,H0132,P003,2025-06-01,1,1,28,28.0
H0132_P003_202509,H0132,P003,2025-09-01,1,3,153,51.0
H0132_P003_202512,H0132,P003,2025-12-01,1,1,44,44.0
H0132_P003_202601,H0132,P003,2026-01-01,1,1,54,54.0
H0132_P003_202602,H0132,P003,2026-02-01,1,1,47,47.0
H0132_P005_202506,H0132,P005,2025-06-01,1,1,23,23.0
H0132_P005_202508,H0132,P005,2025-08-01,1,2,70,35.0
H0132_P005_202509,H0132,P005,2025-09-01,1,2,110,55.0
H0132_P005_202511,H0132,P005,2025-11-01,1,1,60,60.0
H0132_P005_202602,H0132,P005,2026-02-01,1,1,23,23.0
H0133_P001_202506,H0133,P001,2025-06-01,1,6,282,47.0
H0133_P001_202507,H0133,P001,2025-07-01,1,2,64,32.0
H0133_P001_202508,H0133,P001,2025-08-01,1,7,287,41.0
H0133_P001_202509,H0133,P001,2025-09-01,1,5,215,43.0
H0133_P001_202510,H0133,P001,2025-10-01,1,1,41,41.0
H0133_P001_202511,H0133,P001,2025-11-01,1,9,468,52.0
H0133_P001_202512,H0133,P001,2025-12-01,1,7,399,57.0
H0133_P001_202601,H0133,P001,2026-01-01,1,4,144,36.0
H0133_P001_202602,H0133,P001,2026-02-01,1,7,357,51.0
H0133_P001_202603,H0133,P001,2026-03-01,1,3,171,57.0
H0133_P002_202506,H0133,P002,2025-06-01,1,2,54,27.0
H0133_P002_202507,H0133,P002,2025-07-01,1,3,114,38.0
H0133_P002_202508,H0133,P002,2025-08-01,1,5,200,40.0
H0133_P002_202509,H0133,P002,2025-09-01,1,4,204,51.0
H0133_P002_202510,H0133,P002,2025-10-01,1,3,78,26.0
H0133_P002_202511,H0133,P002,2025-11-01,1,2,48,24.0
H0133_P002_202512,H0133,P002,2025-12-01,1,6,174,29.0
H0133_P002_202601,H0133,P002,2026-01-01,1,3,141,47.0
H0133_P002_202603,H0133,P002,2026-03-01,1,2,46,23.0
H0133_P003_202506,H0133,P003,2025-06-01,1,3,144,48.0
H0133_P003_202507,H0133,P003,2025-07-01,1,1,22,22.0
H0133_P003_202508,H0133,P003,2025-08-01,1,1,30,30.0
H0133_P003_202509,H0133,P003,2025-09-01,1,3,171,57.0
H0133_P003_202510,H0133,P003,2025-10-01,1,3,159,53.0
H0133_P003_202511,H0133,P003,2025-11-01,1,4,240,60.0
H0133_P003_202602,H0133,P003,2026-02-01,1,4,224,56.0
H0133_P004_202506,H0133,P004,2025-06-01,1,2,40,20.0
H0133_P004_202507,H0133,P004,2025-07-01,1,10,340,34.0
H0133_P004_202508,H0133,P004,2025-08-01,1,4,132,33.0
H0133_P004_202509,H0133,P004,2025-09-01,1,3,135,45.0
H0133_P004_202510,H0133,P004,2025-10-01,1,5,180,36.0
H0133_P004_202511,H0133,P004,2025-11-01,1,3,144,48.0
H0133_P004_202512,H0133,P004,2025-12-01,1,4,224,56.0
H0133_P004_202601,H0133,P004,2026-01-01,1,5,100,20.0
H0133_P004_202602,H0133,P004,2026-02-01,1,10,510,51.0
H0133_P004_202603,H0133,P004,2026-03-01,1,7,168,24.0
H0133_P005_202506,H0133,P005,2025-06-01,1,6,132,22.0
H0133_P005_202507,H0133,P005,2025-07-01,1,9,180,20.0
H0133_P005_202508,H0133,P005,2025-08-01,1,8,232,29.0
H0133_P005_202509,H0133,P005,2025-09-01,1,9,477,53.0
H0133_P005_202510,H0133,P005,2025-10-01,1,6,138,23.0
H0133_P005_202511,H0133,P005,2025-11-01,1,13,520,40.0
H0133_P005_202512,H0133,P005,2025-12-01,1,13,637,49.0
H0133_P005_202601,H0133,P005,2026-01-01,1,9,315,35.0
H0133_P005_202602,H0133,P005,2026-02-01,1,15,360,24.0
H0133_P005_202603,H0133,P005,2026-03-01,1,10,290,29.0
H0134_P001_202509,H0134,P001,2025-09-01,1,1,23,23.0
H0134_P001_202512,H0134,P001,2025-12-01,1,1,24,24.0
H0134_P001_202601,H0134,P001,2026-01-01,1,1,54,54.0
H0134_P001_202602,H0134,P001,2026-02-01,1,2,120,60.0
H0134_P002_202506,H0134,P002,2025-06-01,1,2,100,50.0
H0134_P002_202507,H0134,P002,2025-07-01,1,2,50,25.0
H0134_P002_202508,H0134,P002,2025-08-01,1,1,28,28.0
H0134_P002_202509,H0134,P002,2025-09-01,1,3,78,26.0
H0134_P002_202510,H0134,P002,2025-10-01,1,1,58,58.0
H0134_P002_202511,H0134,P002,2025-11-01,1,3,150,50.0
H0134_P002_202512,H0134,P002,2025-12-01,1,1,38,38.0
H0134_P002_202601,H0134,P002,2026-01-01,1,1,29,29.0
H0134_P002_202602,H0134,P002,2026-02-01,1,1,39,39.0
H0134_P003_202506,H0134,P003,2025-06-01,1,1,43,43.0
H0134_P003_202507,H0134,P003,2025-07-01,1,1,49,49.0
H0134_P003_202509,H0134,P003,2025-09-01,1,1,21,21.0
H0134_P003_202511,H0134,P003,2025-11-01,1,2,56,28.0
H0134_P003_202512,H0134,P003,2025-12-01,1,2,68,34.0
H0134_P003_202601,H0134,P003,2026-01-01,1,3,153,51.0
H0134_P003_202602,H0134,P003,2026-02-01,1,2,80,40.0
H0134_P004_202506,H0134,P004,2025-06-01,1,1,21,21.0
H0134_P004_202507,H0134,P004,2025-07-01,1,1,35,35.0
H0134_P004_202508,H0134,P004,2025-08-01,1,1,52,52.0
H0134_P004_202509,H0134,P004,2025-09-01,1,2,86,43.0
H0134_P004_202510,H0134,P004,2025-10-01,1,3,75,25.0
H0134_P004_202511,H0134,P004,2025-11-01,1,2,104,52.0
H0134_P004_202512,H0134,P004,2025-12-01,1,2,68,34.0
H0134_P004_202602,H0134,P004,2026-02-01,1,1,51,51.0
H0134_P005_202506,H0134,P005,2025-06-01,1,1,24,24.0
H0134_P005_202510,H0134,P005,2025-10-01,1,1,47,47.0
H0134_P005_202602,H0134,P005,2026-02-01,1,2,82,41.0
H0135_P001_202506,H0135,P001,2025-06-01,1,3,141,47.0
H0135_P001_202507,H0135,P001,2025-07-01,1,3,111,37.0
H0135_P001_202508,H0135,P001,2025-08-01,1,1,36,36.0
H0135_P001_202509,H0135,P001,2025-09-01,1,2,68,34.0
H0135_P001_202510,H0135,P001,2025-10-01,1,1,37,37.0
H0135_P001_202511,H0135,P001,2025-11-01,1,5,240,48.0
H0135_P001_202512,H0135,P001,2025-12-01,1,2,74,37.0
H0135_P001_202601,H0135,P001,2026-01-01,1,4,224,56.0
H0135_P001_202602,H0135,P001,2026-02-01,1,3,108,36.0
H0135_P001_202603,H0135,P001,2026-03-01,1,4,100,25.0
H0135_P002_202506,H0135,P002,2025-06-01,1,1,35,35.0
H0135_P002_202507,H0135,P002,2025-07-01,1,3,162,54.0
H0135_P002_202508,H0135,P002,2025-08-01,1,3,114,38.0
H0135_P002_202510,H0135,P002,2025-10-01,1,1,38,38.0
H0135_P002_202511,H0135,P002,2025-11-01,1,3,93,31.0
H0135_P002_202602,H0135,P002,2026-02-01,1,2,98,49.0
H0135_P002_202603,H0135,P002,2026-03-01,1,2,100,50.0
H0135_P003_202506,H0135,P003,2025-06-01,1,2,84,42.0
H0135_P003_202507,H0135,P003,2025-07-01,1,6,204,34.0
H0135_P003_202508,H0135,P003,2025-08-01,1,2,58,29.0
H0135_P003_202509,H0135,P003,2025-09-01,1,2,42,21.0
H0135_P003_202510,H0135,P003,2025-10-01,1,2,64,32.0
H0135_P003_202511,H0135,P003,2025-11-01,1,5,245,49.0
H0135_P003_202512,H0135,P003,2025-12-01,1,6,186,31.0
H0135_P003_202601,H0135,P003,2026-01-01,1,2,74,37.0
H0135_P003_202602,H0135,P003,2026-02-01,1,2,110,55.0
H0135_P003_202603,H0135,P003,2026-03-01,1,3,159,53.0
H0135_P004_202506,H0135,P004,2025-06-01,1,5,235,47.0
H0135_P004_202508,H0135,P004,2025-08-01,1,1,59,59.0
H0135_P004_202509,H0135,P004,2025-09-01,1,3,108,36.0
H0135_P004_202510,H0135,P004,2025-10-01,1,2,90,45.0
H0135_P004_202511,H0135,P004,2025-11-01,1,1,59,59.0
H0135_P004_202512,H0135,P004,2025-12-01,1,2,56,28.0
H0135_P004_202602,H0135,P004,2026-02-01,1,2,88,44.0
H0135_P004_202603,H0135,P004,2026-03-01,1,5,180,36.0
H0135_P005_202506,H0135,P005,2025-06-01,1,3,84,28.0
H0135_P005_202507,H0135,P005,2025-07-01,1,3,165,55.0
H0135_P005_202508,H0135,P005,2025-08-01,1,5,285,57.0
H0135_P005_202509,H0135,P005,2025-09-01,1,1,36,36.0
H0135_P005_202510,H0135,P005,2025-10-01,1,1,34,34.0
H0135_P005_202511,H0135,P005,2025-11-01,1,2,104,52.0
H0135_P005_202512,H0135,P005,2025-12-01,1,3,84,28.0
H0135_P005_202601,H0135,P005,2026-01-01,1,1,23,23.0
H0135_P005_202602,H0135,P005,2026-02-01,1,2,68,34.0
H0135_P005_202603,H0135,P005,2026-03-01,1,3,87,29.0
H0136_P001_202506,H0136,P001,2025-06-01,1,1,28,28.0
H0136_P001_202510,H0136,P001,2025-10-01,1,1,36,36.0
H0136_P002_202509,H0136,P002,2025-09-01,1,1,41,41.0
H0136_P002_202511,H0136,P002,2025-11-01,1,1,52,52.0
H0136_P002_202512,H0136,P002,2025-12-01,1,1,26,26.0
H0136_P002_202601,H0136,P002,2026-01-01,1,2,94,47.0
H0136_P003_202508,H0136,P003,2025-08-01,1,1,53,53.0
H0136_P003_202509,H0136,P003,2025-09-01,1,1,58,58.0
H0136_P003_202510,H0136,P003,2025-10-01,1,1,38,38.0
H0136_P003_202603,H0136,P003,2026-03-01,1,1,56,56.0
H0136_P004_202506,H0136,P004,2025-06-01,1,1,31,31.0
H0136_P004_202508,H0136,P004,2025-08-01,1,3,105,35.0
H0136_P004_202509,H0136,P004,2025-09-01,1,2,118,59.0
H0136_P005_202506,H0136,P005,2025-06-01,1,1,28,28.0
H0136_P005_202512,H0136,P005,2025-12-01,1,1,36,36.0
H0136_P005_202603,H0136,P005,2026-03-01,1,1,36,36.0
H0137_P001_202508,H0137,P001,2025-08-01,1,1,22,22.0
H0137_P001_202511,H0137,P001,2025-11-01,1,1,39,39.0
H0137_P001_202602,H0137,P001,2026-02-01,1,1,42,42.0
H0137_P002_202506,H0137,P002,2025-06-01,1,1,58,58.0
H0137_P002_202507,H0137,P002,2025-07-01,1,1,57,57.0
H0137_P002_202511,H0137,P002,2025-11-01,1,1,46,46.0
H0137_P003_202506,H0137,P003,2025-06-01,1,1,55,55.0
H0137_P003_202510,H0137,P003,2025-10-01,1,1,25,25.0
H0137_P003_202511,H0137,P003,2025-11-01,1,4,200,50.0
H0137_P003_202601,H0137,P003,2026-01-01,1,3,66,22.0
H0137_P003_202602,H0137,P003,2026-02-01,1,1,35,35.0
H0137_P003_202603,H0137,P003,2026-03-01,1,3,144,48.0
H0137_P004_202509,H0137,P004,2025-09-01,1,1,20,20.0
H0137_P004_202511,H0137,P004,2025-11-01,1,1,27,27.0
H0137_P004_202512,H0137,P004,2025-12-01,1,1,40,40.0
H0137_P004_202601,H0137,P004,2026-01-01,1,2,44,22.0
H0137_P005_202507,H0137,P005,2025-07-01,1,6,168,28.0
H0137_P005_202509,H0137,P005,2025-09-01,1,1,25,25.0
H0137_P005_202510,H0137,P005,2025-10-01,1,1,44,44.0
H0137_P005_202511,H0137,P005,2025-11-01,1,2,54,27.0
H0137_P005_202512,H0137,P005,2025-12-01,1,2,48,24.0
H0137_P005_202602,H0137,P005,2026-02-01,1,3,144,48.0
H0137_P005_202603,H0137,P005,2026-03-01,1,1,43,43.0
H0138_P001_202507,H0138,P001,2025-07-01,1,1,34,34.0
H0138_P001_202511,H0138,P001,2025-11-01,1,1,20,20.0
H0138_P001_202512,H0138,P001,2025-12-01,1,2,100,50.0
H0138_P001_202602,H0138,P001,2026-02-01,1,1,33,33.0
H0138_P004_202508,H0138,P004,2025-08-01,1,1,32,32.0
H0138_P004_202511,H0138,P004,2025-11-01,1,1,47,47.0
H0139_P001_202506,H0139,P001,2025-06-01,1,1,50,50.0
H0139_P001_202507,H0139,P001,2025-07-01,1,6,312,52.0
H0139_P001_202508,H0139,P001,2025-08-01,1,4,148,37.0
H0139_P001_202509,H0139,P001,2025-09-01,1,1,52,52.0
H0139_P001_202510,H0139,P001,2025-10-01,1,2,66,33.0
H0139_P001_202511,H0139,P001,2025-11-01,1,3,138,46.0
H0139_P001_202512,H0139,P001,2025-12-01,1,1,35,35.0
H0139_P001_202601,H0139,P001,2026-01-01,1,1,20,20.0
H0139_P001_202602,H0139,P001,2026-02-01,1,3,66,22.0
H0139_P001_202603,H0139,P001,2026-03-01,1,2,42,21.0
H0139_P002_202506,H0139,P002,2025-06-01,1,2,90,45.0
H0139_P002_202507,H0139,P002,2025-07-01,1,4,208,52.0
H0139_P002_202508,H0139,P002,2025-08-01,1,2,42,21.0
H0139_P002_202509,H0139,P002,2025-09-01,1,3,120,40.0
H0139_P002_202510,H0139,P002,2025-10-01,1,7,413,59.0
H0139_P002_202511,H0139,P002,2025-11-01,1,4,184,46.0
H0139_P002_202512,H0139,P002,2025-12-01,1,4,232,58.0
H0139_P002_202601,H0139,P002,2026-01-01,1,5,225,45.0
H0139_P002_202602,H0139,P002,2026-02-01,1,4,224,56.0
H0139_P002_202603,H0139,P002,2026-03-01,1,3,138,46.0
H0139_P003_202506,H0139,P003,2025-06-01,1,2,96,48.0
H0139_P003_202507,H0139,P003,2025-07-01,1,1,29,29.0
H0139_P003_202508,H0139,P003,2025-08-01,1,1,40,40.0
H0139_P003_202509,H0139,P003,2025-09-01,1,2,52,26.0
H0139_P003_202510,H0139,P003,2025-10-01,1,1,40,40.0
H0139_P003_202511,H0139,P003,2025-11-01,1,2,100,50.0
H0139_P003_202512,H0139,P003,2025-12-01,1,1,47,47.0
H0139_P003_202603,H0139,P003,2026-03-01,1,1,39,39.0
H0139_P004_202507,H0139,P004,2025-07-01,1,1,38,38.0
H0139_P004_202512,H0139,P004,2025-12-01,1,1,48,48.0
H0139_P005_202507,H0139,P005,2025-07-01,1,2,48,24.0
H0139_P005_202508,H0139,P005,2025-08-01,1,4,240,60.0
H0139_P005_202509,H0139,P005,2025-09-01,1,1,24,24.0
H0139_P005_202510,H0139,P005,2025-10-01,1,4,188,47.0
H0139_P005_202511,H0139,P005,2025-11-01,1,3,99,33.0
H0139_P005_202512,H0139,P005,2025-12-01,1,1,22,22.0
H0139_P005_202601,H0139,P005,2026-01-01,1,2,108,54.0
H0139_P005_202602,H0139,P005,2026-02-01,1,3,87,29.0
H0139_P005_202603,H0139,P005,2026-03-01,1,3,96,32.0
H0140_P001_202508,H0140,P001,2025-08-01,1,1,39,39.0
H0140_P001_202509,H0140,P001,2025-09-01,1,2,70,35.0
H0140_P001_202510,H0140,P001,2025-10-01,1,1,27,27.0
H0140_P001_202511,H0140,P001,2025-11-01,1,1,25,25.0
H0140_P001_202512,H0140,P001,2025-12-01,1,1,42,42.0
H0140_P001_202601,H0140,P001,2026-01-01,1,1,20,20.0
H0140_P001_202602,H0140,P001,2026-02-01,1,1,21,21.0
H0140_P001_202603,H0140,P001,2026-03-01,1,3,78,26.0
H0140_P002_202506,H0140,P002,2025-06-01,1,2,108,54.0
H0140_P002_202507,H0140,P002,2025-07-01,1,3,60,20.0
H0140_P002_202508,H0140,P002,2025-08-01,1,1,60,60.0
H0140_P002_202509,H0140,P002,2025-09-01,1,1,43,43.0
H0140_P002_202510,H0140,P002,2025-10-01,1,2,118,59.0
H0140_P002_202511,H0140,P002,2025-11-01,1,1,27,27.0
H0140_P002_202512,H0140,P002,2025-12-01,1,1,23,23.0
H0140_P002_202601,H0140,P002,2026-01-01,1,2,102,51.0
H0140_P002_202602,H0140,P002,2026-02-01,1,1,20,20.0
H0140_P002_202603,H0140,P002,2026-03-01,1,4,116,29.0
H0140_P003_202506,H0140,P003,2025-06-01,1,1,53,53.0
H0140_P003_202507,H0140,P003,2025-07-01,1,2,80,40.0
H0140_P003_202509,H0140,P003,2025-09-01,1,1,36,36.0
H0140_P003_202510,H0140,P003,2025-10-01,1,2,78,39.0
H0140_P003_202511,H0140,P003,2025-11-01,1,1,32,32.0
H0140_P003_202601,H0140,P003,2026-01-01,1,2,108,54.0
H0140_P004_202506,H0140,P004,2025-06-01,1,6,282,47.0
H0140_P004_202507,H0140,P004,2025-07-01,1,5,130,26.0
H0140_P004_202508,H0140,P004,2025-08-01,1,4,104,26.0
H0140_P004_202509,H0140,P004,2025-09-01,1,3,171,57.0
H0140_P004_202510,H0140,P004,2025-10-01,1,6,144,24.0
H0140_P004_202511,H0140,P004,2025-11-01,1,1,20,20.0
H0140_P004_202512,H0140,P004,2025-12-01,1,4,136,34.0
H0140_P004_202601,H0140,P004,2026-01-01,1,2,110,55.0
H0140_P004_202602,H0140,P004,2026-02-01,1,3,159,53.0
H0140_P004_202603,H0140,P004,2026-03-01,1,3,174,58.0
H0140_P005_202506,H0140,P005,2025-06-01,1,1,60,60.0
H0140_P005_202509,H0140,P005,2025-09-01,1,1,29,29.0
H0140_P005_202510,H0140,P005,2025-10-01,1,1,26,26.0
H0140_P005_202511,H0140,P005,2025-11-01,1,1,58,58.0
H0140_P005_202601,H0140,P005,2026-01-01,1,1,51,51.0
H0140_P005_202602,H0140,P005,2026-02-01,1,1,51,51.0
H0141_P001_202508,H0141,P001,2025-08-01,1,4,224,56.0
H0141_P001_202509,H0141,P001,2025-09-01,1,1,53,53.0
H0141_P001_202510,H0141,P001,2025-10-01,1,2,62,31.0
H0141_P001_202511,H0141,P001,2025-11-01,1,3,105,35.0
H0141_P001_202512,H0141,P001,2025-12-01,1,1,23,23.0
H0141_P001_202601,H0141,P001,2026-01-01,1,2,70,35.0
H0141_P001_202602,H0141,P001,2026-02-01,1,1,22,22.0
H0141_P001_202603,H0141,P001,2026-03-01,1,2,54,27.0
H0141_P002_202506,H0141,P002,2025-06-01,1,1,41,41.0
H0141_P002_202507,H0141,P002,2025-07-01,1,5,155,31.0
H0141_P002_202509,H0141,P002,2025-09-01,1,1,59,59.0
H0141_P002_202510,H0141,P002,2025-10-01,1,2,88,44.0
H0141_P002_202511,H0141,P002,2025-11-01,1,1,36,36.0
H0141_P002_202512,H0141,P002,2025-12-01,1,3,114,38.0
H0141_P002_202601,H0141,P002,2026-01-01,1,2,92,46.0
H0141_P002_202603,H0141,P002,2026-03-01,1,4,148,37.0
H0141_P003_202508,H0141,P003,2025-08-01,1,1,48,48.0
H0141_P003_202601,H0141,P003,2026-01-01,1,1,51,51.0
H0141_P004_202506,H0141,P004,2025-06-01,1,3,93,31.0
H0141_P004_202507,H0141,P004,2025-07-01,1,5,105,21.0
H0141_P004_202508,H0141,P004,2025-08-01,1,4,152,38.0
H0141_P004_202509,H0141,P004,2025-09-01,1,1,58,58.0
H0141_P004_202510,H0141,P004,2025-10-01,1,2,68,34.0
H0141_P004_202511,H0141,P004,2025-11-01,1,3,81,27.0
H0141_P004_202512,H0141,P004,2025-12-01,1,4,144,36.0
H0141_P004_202601,H0141,P004,2026-01-01,1,5,255,51.0
H0141_P004_202602,H0141,P004,2026-02-01,1,4,92,23.0
H0141_P004_202603,H0141,P004,2026-03-01,1,1,39,39.0
H0141_P005_202506,H0141,P005,2025-06-01,1,2,108,54.0
H0141_P005_202507,H0141,P005,2025-07-01,1,1,54,54.0
H0141_P005_202508,H0141,P005,2025-08-01,1,1,24,24.0
H0141_P005_202511,H0141,P005,2025-11-01,1,1,43,43.0
H0141_P005_202512,H0141,P005,2025-12-01,1,1,22,22.0
H0141_P005_202602,H0141,P005,2026-02-01,1,1,30,30.0
H0141_P005_202603,H0141,P005,2026-03-01,1,1,27,27.0
H0142_P001_202506,H0142,P001,2025-06-01,1,2,56,28.0
H0142_P001_202507,H0142,P001,2025-07-01,1,1,20,20.0
H0142_P001_202508,H0142,P001,2025-08-01,1,1,25,25.0
H0142_P001_202510,H0142,P001,2025-10-01,1,4,184,46.0
H0142_P001_202511,H0142,P001,2025-11-01,1,2,114,57.0
H0142_P001_202512,H0142,P001,2025-12-01,1,1,44,44.0
H0142_P001_202601,H0142,P001,2026-01-01,1,1,48,48.0
H0142_P001_202602,H0142,P001,2026-02-01,1,1,41,41.0
H0142_P002_202507,H0142,P002,2025-07-01,1,2,72,36.0
H0142_P002_202508,H0142,P002,2025-08-01,1,2,96,48.0
H0142_P002_202509,H0142,P002,2025-09-01,1,1,43,43.0
H0142_P002_202510,H0142,P002,2025-10-01,1,1,45,45.0
H0142_P002_202511,H0142,P002,2025-11-01,1,1,26,26.0
H0142_P002_202601,H0142,P002,2026-01-01,1,2,118,59.0
H0142_P002_202602,H0142,P002,2026-02-01,1,2,82,41.0
H0142_P002_202603,H0142,P002,2026-03-01,1,2,66,33.0
H0142_P003_202506,H0142,P003,2025-06-01,1,6,204,34.0
H0142_P003_202507,H0142,P003,2025-07-01,1,3,132,44.0
H0142_P003_202508,H0142,P003,2025-08-01,1,2,50,25.0
H0142_P003_202509,H0142,P003,2025-09-01,1,6,222,37.0
H0142_P003_202510,H0142,P003,2025-10-01,1,4,184,46.0
H0142_P003_202511,H0142,P003,2025-11-01,1,2,82,41.0
H0142_P003_202512,H0142,P003,2025-12-01,1,4,136,34.0
H0142_P003_202601,H0142,P003,2026-01-01,1,6,318,53.0
H0142_P003_202602,H0142,P003,2026-02-01,1,1,56,56.0
H0142_P003_202603,H0142,P003,2026-03-01,1,3,87,29.0
H0142_P004_202506,H0142,P004,2025-06-01,1,1,30,30.0
H0142_P004_202508,H0142,P004,2025-08-01,1,1,55,55.0
H0142_P004_202509,H0142,P004,2025-09-01,1,2,64,32.0
H0142_P004_202510,H0142,P004,2025-10-01,1,1,45,45.0
H0142_P004_202511,H0142,P004,2025-11-01,1,2,106,53.0
H0142_P004_202512,H0142,P004,2025-12-01,1,3,81,27.0
H0142_P004_202602,H0142,P004,2026-02-01,1,1,37,37.0
H0142_P004_202603,H0142,P004,2026-03-01,1,2,44,22.0
H0142_P005_202506,H0142,P005,2025-06-01,1,4,236,59.0
H0142_P005_202507,H0142,P005,2025-07-01,1,2,94,47.0
H0142_P005_202508,H0142,P005,2025-08-01,1,7,231,33.0
H0142_P005_202509,H0142,P005,2025-09-01,1,4,208,52.0
H0142_P005_202510,H0142,P005,2025-10-01,1,1,52,52.0
H0142_P005_202511,H0142,P005,2025-11-01,1,4,136,34.0
H0142_P005_202512,H0142,P005,2025-12-01,1,1,21,21.0
H0142_P005_202601,H0142,P005,2026-01-01,1,4,88,22.0
H0142_P005_202602,H0142,P005,2026-02-01,1,3,96,32.0
H0142_P005_202603,H0142,P005,2026-03-01,1,3,162,54.0
H0143_P001_202506,H0143,P001,2025-06-01,1,10,570,57.0
H0143_P001_202507,H0143,P001,2025-07-01,1,12,612,51.0
H0143_P001_202508,H0143,P001,2025-08-01,1,11,473,43.0
H0143_P001_202509,H0143,P001,2025-09-01,1,9,252,28.0
H0143_P001_202510,H0143,P001,2025-10-01,1,11,528,48.0
H0143_P001_202511,H0143,P001,2025-11-01,1,10,460,46.0
H0143_P001_202512,H0143,P001,2025-12-01,1,9,306,34.0
H0143_P001_202601,H0143,P001,2026-01-01,1,9,342,38.0
H0143_P001_202602,H0143,P001,2026-02-01,1,12,660,55.0
H0143_P001_202603,H0143,P001,2026-03-01,1,13,598,46.0
H0143_P002_202506,H0143,P002,2025-06-01,1,2,68,34.0
H0143_P002_202507,H0143,P002,2025-07-01,1,5,140,28.0
H0143_P002_202508,H0143,P002,2025-08-01,1,2,100,50.0
H0143_P002_202509,H0143,P002,2025-09-01,1,4,176,44.0
H0143_P002_202510,H0143,P002,2025-10-01,1,2,102,51.0
H0143_P002_202511,H0143,P002,2025-11-01,1,4,144,36.0
H0143_P002_202512,H0143,P002,2025-12-01,1,3,114,38.0
H0143_P002_202601,H0143,P002,2026-01-01,1,4,156,39.0
H0143_P002_202602,H0143,P002,2026-02-01,1,5,250,50.0
H0143_P002_202603,H0143,P002,2026-03-01,1,1,42,42.0
H0143_P003_202506,H0143,P003,2025-06-01,1,3,72,24.0
H0143_P003_202507,H0143,P003,2025-07-01,1,2,66,33.0
H0143_P003_202508,H0143,P003,2025-08-01,1,4,80,20.0
H0143_P003_202509,H0143,P003,2025-09-01,1,3,96,32.0
H0143_P003_202510,H0143,P003,2025-10-01,1,3,153,51.0
H0143_P003_202511,H0143,P003,2025-11-01,1,6,348,58.0
H0143_P003_202512,H0143,P003,2025-12-01,1,6,150,25.0
H0143_P003_202601,H0143,P003,2026-01-01,1,2,120,60.0
H0143_P003_202602,H0143,P003,2026-02-01,1,5,200,40.0
H0143_P003_202603,H0143,P003,2026-03-01,1,5,195,39.0
H0143_P004_202506,H0143,P004,2025-06-01,1,3,123,41.0
H0143_P004_202507,H0143,P004,2025-07-01,1,1,52,52.0
H0143_P004_202508,H0143,P004,2025-08-01,1,3,168,56.0
H0143_P004_202510,H0143,P004,2025-10-01,1,4,88,22.0
H0143_P004_202512,H0143,P004,2025-12-01,1,2,110,55.0
H0143_P004_202602,H0143,P004,2026-02-01,1,1,51,51.0
H0143_P004_202603,H0143,P004,2026-03-01,1,1,38,38.0
H0143_P005_202506,H0143,P005,2025-06-01,1,4,96,24.0
H0143_P005_202507,H0143,P005,2025-07-01,1,6,192,32.0
H0143_P005_202508,H0143,P005,2025-08-01,1,5,195,39.0
H0143_P005_202509,H0143,P005,2025-09-01,1,3,126,42.0
H0143_P005_202510,H0143,P005,2025-10-01,1,2,88,44.0
H0143_P005_202511,H0143,P005,2025-11-01,1,5,110,22.0
H0143_P005_202512,H0143,P005,2025-12-01,1,4,132,33.0
H0143_P005_202601,H0143,P005,2026-01-01,1,5,120,24.0
H0143_P005_202602,H0143,P005,2026-02-01,1,8,392,49.0
H0143_P005_202603,H0143,P005,2026-03-01,1,8,208,26.0
H0144_P001_202506,H0144,P001,2025-06-01,1,6,120,20.0
H0144_P001_202507,H0144,P001,2025-07-01,1,3,90,30.0
H0144_P001_202508,H0144,P001,2025-08-01,1,5,155,31.0
H0144_P001_202509,H0144,P001,2025-09-01,1,6,156,26.0
H0144_P001_202510,H0144,P001,2025-10-01,1,3,93,31.0
H0144_P001_202511,H0144,P001,2025-11-01,1,4,148,37.0
H0144_P001_202512,H0144,P001,2025-12-01,1,4,84,21.0
H0144_P001_202601,H0144,P001,2026-01-01,1,2,84,42.0
H0144_P001_202602,H0144,P001,2026-02-01,1,7,308,44.0
H0144_P001_202603,H0144,P001,2026-03-01,1,2,78,39.0
H0144_P002_202506,H0144,P002,2025-06-01,1,4,132,33.0
H0144_P002_202507,H0144,P002,2025-07-01,1,6,210,35.0
H0144_P002_202508,H0144,P002,2025-08-01,1,5,300,60.0
H0144_P002_202509,H0144,P002,2025-09-01,1,6,312,52.0
H0144_P002_202510,H0144,P002,2025-10-01,1,9,342,38.0
H0144_P002_202511,H0144,P002,2025-11-01,1,11,627,57.0
H0144_P002_202512,H0144,P002,2025-12-01,1,2,118,59.0
H0144_P002_202601,H0144,P002,2026-01-01,1,7,301,43.0
H0144_P002_202602,H0144,P002,2026-02-01,1,10,410,41.0
H0144_P002_202603,H0144,P002,2026-03-01,1,7,224,32.0
H0144_P003_202506,H0144,P003,2025-06-01,1,7,168,24.0
H0144_P003_202507,H0144,P003,2025-07-01,1,5,105,21.0
H0144_P003_202508,H0144,P003,2025-08-01,1,7,196,28.0
H0144_P003_202509,H0144,P003,2025-09-01,1,5,120,24.0
H0144_P003_202510,H0144,P003,2025-10-01,1,3,117,39.0
H0144_P003_202511,H0144,P003,2025-11-01,1,7,420,60.0
H0144_P003_202512,H0144,P003,2025-12-01,1,2,84,42.0
H0144_P003_202601,H0144,P003,2026-01-01,1,5,130,26.0
H0144_P003_202602,H0144,P003,2026-02-01,1,8,432,54.0
H0144_P003_202603,H0144,P003,2026-03-01,1,2,88,44.0
H0144_P004_202506,H0144,P004,2025-06-01,1,3,129,43.0
H0144_P004_202507,H0144,P004,2025-07-01,1,6,168,28.0
H0144_P004_202508,H0144,P004,2025-08-01,1,7,161,23.0
H0144_P004_202509,H0144,P004,2025-09-01,1,7,266,38.0
H0144_P004_202510,H0144,P004,2025-10-01,1,2,92,46.0
H0144_P004_202511,H0144,P004,2025-11-01,1,3,84,28.0
H0144_P004_202512,H0144,P004,2025-12-01,1,3,102,34.0
H0144_P004_202601,H0144,P004,2026-01-01,1,6,192,32.0
H0144_P004_202602,H0144,P004,2026-02-01,1,6,132,22.0
H0144_P004_202603,H0144,P004,2026-03-01,1,2,94,47.0
H0144_P005_202506,H0144,P005,2025-06-01,1,7,140,20.0
H0144_P005_202507,H0144,P005,2025-07-01,1,4,204,51.0
H0144_P005_202508,H0144,P005,2025-08-01,1,1,43,43.0
H0144_P005_202509,H0144,P005,2025-09-01,1,6,234,39.0
H0144_P005_202510,H0144,P005,2025-10-01,1,4,208,52.0
H0144_P005_202511,H0144,P005,2025-11-01,1,3,117,39.0
H0144_P005_202512,H0144,P005,2025-12-01,1,5,160,32.0
H0144_P005_202601,H0144,P005,2026-01-01,1,4,200,50.0
H0144_P005_202602,H0144,P005,2026-02-01,1,3,120,40.0
H0144_P005_202603,H0144,P005,2026-03-01,1,4,240,60.0
H0145_P001_202506,H0145,P001,2025-06-01,1,1,52,52.0
H0145_P001_202508,H0145,P001,2025-08-01,1,2,106,53.0
H0145_P001_202509,H0145,P001,2025-09-01,1,7,371,53.0
H0145_P001_202510,H0145,P001,2025-10-01,1,3,141,47.0
H0145_P001_202511,H0145,P001,2025-11-01,1,3,84,28.0
H0145_P001_202512,H0145,P001,2025-12-01,1,3,99,33.0
H0145_P001_202601,H0145,P001,2026-01-01,1,2,78,39.0
H0145_P001_202602,H0145,P001,2026-02-01,1,7,287,41.0
H0145_P001_202603,H0145,P001,2026-03-01,1,2,86,43.0
H0145_P002_202506,H0145,P002,2025-06-01,1,1,59,59.0
H0145_P002_202507,H0145,P002,2025-07-01,1,5,195,39.0
H0145_P002_202508,H0145,P002,2025-08-01,1,8,208,26.0
H0145_P002_202509,H0145,P002,2025-09-01,1,4,212,53.0
H0145_P002_202510,H0145,P002,2025-10-01,1,4,200,50.0
H0145_P002_202511,H0145,P002,2025-11-01,1,5,290,58.0
H0145_P002_202512,H0145,P002,2025-12-01,1,3,126,42.0
H0145_P002_202601,H0145,P002,2026-01-01,1,5,235,47.0
H0145_P002_202602,H0145,P002,2026-02-01,1,3,81,27.0
H0145_P002_202603,H0145,P002,2026-03-01,1,3,96,32.0
H0145_P003_202506,H0145,P003,2025-06-01,1,1,48,48.0
H0145_P003_202507,H0145,P003,2025-07-01,1,3,147,49.0
H0145_P003_202508,H0145,P003,2025-08-01,1,2,76,38.0
H0145_P003_202509,H0145,P003,2025-09-01,1,4,208,52.0
H0145_P003_202510,H0145,P003,2025-10-01,1,3,60,20.0
H0145_P003_202511,H0145,P003,2025-11-01,1,4,120,30.0
H0145_P003_202512,H0145,P003,2025-12-01,1,3,165,55.0
H0145_P003_202601,H0145,P003,2026-01-01,1,5,135,27.0
H0145_P003_202602,H0145,P003,2026-02-01,1,2,120,60.0
H0145_P003_202603,H0145,P003,2026-03-01,1,3,180,60.0
H0145_P004_202506,H0145,P004,2025-06-01,1,2,86,43.0
H0145_P004_202507,H0145,P004,2025-07-01,1,3,126,42.0
H0145_P004_202508,H0145,P004,2025-08-01,1,1,27,27.0
H0145_P004_202509,H0145,P004,2025-09-01,1,1,20,20.0
H0145_P004_202510,H0145,P004,2025-10-01,1,1,54,54.0
H0145_P004_202511,H0145,P004,2025-11-01,1,4,132,33.0
H0145_P004_202512,H0145,P004,2025-12-01,1,1,29,29.0
H0145_P004_202601,H0145,P004,2026-01-01,1,5,145,29.0
H0145_P004_202602,H0145,P004,2026-02-01,1,2,102,51.0
H0145_P004_202603,H0145,P004,2026-03-01,1,3,126,42.0
H0145_P005_202506,H0145,P005,2025-06-01,1,6,180,30.0
H0145_P005_202507,H0145,P005,2025-07-01,1,5,190,38.0
H0145_P005_202508,H0145,P005,2025-08-01,1,7,154,22.0
H0145_P005_202509,H0145,P005,2025-09-01,1,3,180,60.0
H0145_P005_202510,H0145,P005,2025-10-01,1,7,259,37.0
H0145_P005_202511,H0145,P005,2025-11-01,1,6,276,46.0
H0145_P005_202512,H0145,P005,2025-12-01,1,5,165,33.0
H0145_P005_202601,H0145,P005,2026-01-01,1,4,96,24.0
H0145_P005_202602,H0145,P005,2026-02-01,1,4,148,37.0
H0145_P005_202603,H0145,P005,2026-03-01,1,4,200,50.0
H0146_P002_202507,H0146,P002,2025-07-01,1,1,51,51.0
H0146_P002_202508,H0146,P002,2025-08-01,1,1,24,24.0
H0146_P002_202510,H0146,P002,2025-10-01,1,1,24,24.0
H0146_P002_202511,H0146,P002,2025-11-01,1,1,26,26.0
H0146_P002_202512,H0146,P002,2025-12-01,1,1,51,51.0
H0146_P002_202601,H0146,P002,2026-01-01,1,1,47,47.0
H0146_P003_202507,H0146,P003,2025-07-01,1,1,49,49.0
H0146_P003_202509,H0146,P003,2025-09-01,1,1,23,23.0
H0146_P003_202601,H0146,P003,2026-01-01,1,1,45,45.0
H0146_P004_202507,H0146,P004,2025-07-01,1,1,53,53.0
H0146_P004_202509,H0146,P004,2025-09-01,1,1,55,55.0
H0146_P004_202510,H0146,P004,2025-10-01,1,2,118,59.0
H0146_P004_202601,H0146,P004,2026-01-01,1,2,104,52.0
H0146_P005_202506,H0146,P005,2025-06-01,1,2,82,41.0
H0146_P005_202507,H0146,P005,2025-07-01,1,3,162,54.0
H0146_P005_202508,H0146,P005,2025-08-01,1,5,195,39.0
H0146_P005_202509,H0146,P005,2025-09-01,1,3,78,26.0
H0146_P005_202510,H0146,P005,2025-10-01,1,2,104,52.0
H0146_P005_202511,H0146,P005,2025-11-01,1,4,168,42.0
H0146_P005_202512,H0146,P005,2025-12-01,1,7,252,36.0
H0146_P005_202601,H0146,P005,2026-01-01,1,3,165,55.0
H0146_P005_202602,H0146,P005,2026-02-01,1,5,250,50.0
H0146_P005_202603,H0146,P005,2026-03-01,1,4,208,52.0
H0147_P001_202506,H0147,P001,2025-06-01,1,3,117,39.0
H0147_P001_202507,H0147,P001,2025-07-01,1,5,255,51.0
H0147_P001_202508,H0147,P001,2025-08-01,1,4,104,26.0
H0147_P001_202509,H0147,P001,2025-09-01,1,4,92,23.0
H0147_P001_202510,H0147,P001,2025-10-01,1,3,132,44.0
H0147_P001_202511,H0147,P001,2025-11-01,1,2,52,26.0
H0147_P001_202512,H0147,P001,2025-12-01,1,5,140,28.0
H0147_P001_202601,H0147,P001,2026-01-01,1,1,42,42.0
H0147_P001_202602,H0147,P001,2026-02-01,1,1,31,31.0
H0147_P001_202603,H0147,P001,2026-03-01,1,7,266,38.0
H0147_P003_202506,H0147,P003,2025-06-01,1,1,34,34.0
H0147_P003_202508,H0147,P003,2025-08-01,1,2,116,58.0
H0147_P003_202512,H0147,P003,2025-12-01,1,1,36,36.0
H0147_P003_202602,H0147,P003,2026-02-01,1,2,116,58.0
H0147_P004_202509,H0147,P004,2025-09-01,1,1,56,56.0
H0147_P004_202601,H0147,P004,2026-01-01,1,1,27,27.0
H0147_P004_202602,H0147,P004,2026-02-01,1,1,47,47.0
H0147_P005_202506,H0147,P005,2025-06-01,1,2,70,35.0
H0147_P005_202507,H0147,P005,2025-07-01,1,1,28,28.0
H0147_P005_202509,H0147,P005,2025-09-01,1,1,37,37.0
H0147_P005_202510,H0147,P005,2025-10-01,1,1,39,39.0
H0147_P005_202603,H0147,P005,2026-03-01,1,1,38,38.0
H0148_P001_202507,H0148,P001,2025-07-01,1,1,20,20.0
H0148_P001_202508,H0148,P001,2025-08-01,1,1,58,58.0
H0148_P001_202509,H0148,P001,2025-09-01,1,1,40,40.0
H0148_P001_202510,H0148,P001,2025-10-01,1,1,59,59.0
H0148_P001_202511,H0148,P001,2025-11-01,1,2,88,44.0
H0148_P001_202512,H0148,P001,2025-12-01,1,2,92,46.0
H0148_P001_202601,H0148,P001,2026-01-01,1,1,25,25.0
H0148_P001_202603,H0148,P001,2026-03-01,1,1,47,47.0
H0148_P002_202506,H0148,P002,2025-06-01,1,4,220,55.0
H0148_P002_202507,H0148,P002,2025-07-01,1,2,76,38.0
H0148_P002_202508,H0148,P002,2025-08-01,1,4,188,47.0
H0148_P002_202509,H0148,P002,2025-09-01,1,3,147,49.0
H0148_P002_202510,H0148,P002,2025-10-01,1,1,24,24.0
H0148_P002_202511,H0148,P002,2025-11-01,1,5,150,30.0
H0148_P002_202512,H0148,P002,2025-12-01,1,2,104,52.0
H0148_P002_202601,H0148,P002,2026-01-01,1,3,108,36.0
H0148_P002_202602,H0148,P002,2026-02-01,1,3,111,37.0
H0148_P003_202506,H0148,P003,2025-06-01,1,5,125,25.0
H0148_P003_202507,H0148,P003,2025-07-01,1,2,40,20.0
H0148_P003_202508,H0148,P003,2025-08-01,1,4,188,47.0
H0148_P003_202509,H0148,P003,2025-09-01,1,2,44,22.0
H0148_P003_202510,H0148,P003,2025-10-01,1,2,80,40.0
H0148_P003_202511,H0148,P003,2025-11-01,1,5,140,28.0
H0148_P003_202512,H0148,P003,2025-12-01,1,5,225,45.0
H0148_P003_202601,H0148,P003,2026-01-01,1,2,56,28.0
H0148_P003_202602,H0148,P003,2026-02-01,1,3,69,23.0
H0148_P003_202603,H0148,P003,2026-03-01,1,3,135,45.0
H0148_P004_202506,H0148,P004,2025-06-01,1,5,155,31.0
H0148_P004_202507,H0148,P004,2025-07-01,1,5,195,39.0
H0148_P004_202508,H0148,P004,2025-08-01,1,6,282,47.0
H0148_P004_202509,H0148,P004,2025-09-01,1,2,110,55.0
H0148_P004_202510,H0148,P004,2025-10-01,1,2,76,38.0
H0148_P004_202511,H0148,P004,2025-11-01,1,3,144,48.0
H0148_P004_202512,H0148,P004,2025-12-01,1,4,132,33.0
H0148_P004_202601,H0148,P004,2026-01-01,1,3,144,48.0
H0148_P004_202602,H0148,P004,2026-02-01,1,3,63,21.0
H0148_P004_202603,H0148,P004,2026-03-01,1,9,378,42.0
H0148_P005_202506,H0148,P005,2025-06-01,1,1,51,51.0
H0148_P005_202507,H0148,P005,2025-07-01,1,1,32,32.0
H0148_P005_202508,H0148,P005,2025-08-01,1,4,104,26.0
H0148_P005_202509,H0148,P005,2025-09-01,1,4,136,34.0
H0148_P005_202510,H0148,P005,2025-10-01,1,7,217,31.0
H0148_P005_202511,H0148,P005,2025-11-01,1,2,70,35.0
H0148_P005_202512,H0148,P005,2025-12-01,1,4,184,46.0
H0148_P005_202601,H0148,P005,2026-01-01,1,4,80,20.0
H0148_P005_202602,H0148,P005,2026-02-01,1,1,52,52.0
H0149_P001_202509,H0149,P001,2025-09-01,1,1,27,27.0
H0149_P001_202510,H0149,P001,2025-10-01,1,1,59,59.0
H0149_P001_202603,H0149,P001,2026-03-01,1,1,21,21.0
H0149_P003_202506,H0149,P003,2025-06-01,1,1,45,45.0
H0149_P003_202507,H0149,P003,2025-07-01,1,1,48,48.0
H0149_P003_202508,H0149,P003,2025-08-01,1,1,53,53.0
H0149_P003_202512,H0149,P003,2025-12-01,1,3,162,54.0
H0149_P003_202601,H0149,P003,2026-01-01,1,3,132,44.0
H0149_P003_202603,H0149,P003,2026-03-01,1,2,64,32.0
H0149_P005_202508,H0149,P005,2025-08-01,1,2,104,52.0
H0149_P005_202510,H0149,P005,2025-10-01,1,1,29,29.0
H0149_P005_202512,H0149,P005,2025-12-01,1,2,44,22.0
H0149_P005_202603,H0149,P005,2026-03-01,1,1,24,24.0
H0150_P001_202506,H0150,P001,2025-06-01,1,2,112,56.0
H0150_P001_202507,H0150,P001,2025-07-01,1,1,60,60.0
H0150_P001_202508,H0150,P001,2025-08-01,1,1,47,47.0
H0150_P001_202509,H0150,P001,2025-09-01,1,1,48,48.0
H0150_P001_202511,H0150,P001,2025-11-01,1,1,59,59.0
H0150_P001_202512,H0150,P001,2025-12-01,1,1,20,20.0
H0150_P001_202602,H0150,P001,2026-02-01,1,1,30,30.0
H0150_P001_202603,H0150,P001,2026-03-01,1,1,22,22.0
H0150_P002_202506,H0150,P002,2025-06-01,1,2,88,44.0
H0150_P002_202507,H0150,P002,2025-07-01,1,2,68,34.0
H0150_P002_202508,H0150,P002,2025-08-01,1,1,60,60.0
H0150_P002_202511,H0150,P002,2025-11-01,1,1,50,50.0
H0150_P002_202512,H0150,P002,2025-12-01,1,5,280,56.0
H0150_P002_202602,H0150,P002,2026-02-01,1,3,66,22.0
H0150_P002_202603,H0150,P002,2026-03-01,1,3,126,42.0
H0150_P004_202506,H0150,P004,2025-06-01,1,1,22,22.0
H0150_P004_202508,H0150,P004,2025-08-01,1,1,27,27.0
H0150_P004_202509,H0150,P004,2025-09-01,1,1,48,48.0
H0150_P005_202506,H0150,P005,2025-06-01,1,1,27,27.0
H0150_P005_202508,H0150,P005,2025-08-01,1,1,36,36.0
H0150_P005_202510,H0150,P005,2025-10-01,1,3,141,47.0
H0150_P005_202511,H0150,P005,2025-11-01,1,1,29,29.0
H0150_P005_202512,H0150,P005,2025-12-01,1,1,23,23.0
H0150_P005_202601,H0150,P005,2026-01-01,1,2,98,49.0
H0150_P005_202602,H0150,P005,2026-02-01,1,1,27,27.0
H0150_P005_202603,H0150,P005,2026-03-01,1,1,50,50.0
H0151_P001_202506,H0151,P001,2025-06-01,1,1,40,40.0
H0151_P001_202509,H0151,P001,2025-09-01,1,1,45,45.0
H0151_P001_202510,H0151,P001,2025-10-01,1,1,35,35.0
H0151_P001_202512,H0151,P001,2025-12-01,1,1,48,48.0
H0151_P001_202601,H0151,P001,2026-01-01,1,1,53,53.0
H0151_P002_202511,H0151,P002,2025-11-01,1,2,64,32.0
H0151_P002_202601,H0151,P002,2026-01-01,1,1,59,59.0
H0151_P003_202507,H0151,P003,2025-07-01,1,1,44,44.0
H0151_P003_202508,H0151,P003,2025-08-01,1,2,68,34.0
H0151_P003_202509,H0151,P003,2025-09-01,1,1,43,43.0
H0151_P003_202511,H0151,P003,2025-11-01,1,1,38,38.0
H0151_P003_202512,H0151,P003,2025-12-01,1,2,102,51.0
H0151_P003_202601,H0151,P003,2026-01-01,1,3,174,58.0
H0151_P003_202602,H0151,P003,2026-02-01,1,3,63,21.0
H0151_P003_202603,H0151,P003,2026-03-01,1,1,58,58.0
H0151_P005_202506,H0151,P005,2025-06-01,1,1,24,24.0
H0151_P005_202507,H0151,P005,2025-07-01,1,2,112,56.0
H0151_P005_202512,H0151,P005,2025-12-01,1,2,40,20.0
H0151_P005_202601,H0151,P005,2026-01-01,1,1,22,22.0
H0152_P001_202506,H0152,P001,2025-06-01,1,3,168,56.0
H0152_P001_202507,H0152,P001,2025-07-01,1,1,45,45.0
H0152_P001_202508,H0152,P001,2025-08-01,1,2,82,41.0
H0152_P001_202509,H0152,P001,2025-09-01,1,2,82,41.0
H0152_P001_202510,H0152,P001,2025-10-01,1,2,74,37.0
H0152_P001_202511,H0152,P001,2025-11-01,1,1,21,21.0
H0152_P001_202512,H0152,P001,2025-12-01,1,2,40,20.0
H0152_P001_202601,H0152,P001,2026-01-01,1,3,180,60.0
H0152_P001_202602,H0152,P001,2026-02-01,1,3,141,47.0
H0152_P001_202603,H0152,P001,2026-03-01,1,6,294,49.0
H0152_P002_202506,H0152,P002,2025-06-01,1,5,230,46.0
H0152_P002_202507,H0152,P002,2025-07-01,1,1,57,57.0
H0152_P002_202508,H0152,P002,2025-08-01,1,1,45,45.0
H0152_P002_202510,H0152,P002,2025-10-01,1,5,220,44.0
H0152_P002_202511,H0152,P002,2025-11-01,1,6,222,37.0
H0152_P002_202512,H0152,P002,2025-12-01,1,2,110,55.0
H0152_P002_202601,H0152,P002,2026-01-01,1,3,126,42.0
H0152_P002_202602,H0152,P002,2026-02-01,1,2,62,31.0
H0152_P002_202603,H0152,P002,2026-03-01,1,1,42,42.0
H0152_P003_202506,H0152,P003,2025-06-01,1,4,236,59.0
H0152_P003_202507,H0152,P003,2025-07-01,1,4,96,24.0
H0152_P003_202509,H0152,P003,2025-09-01,1,5,130,26.0
H0152_P003_202510,H0152,P003,2025-10-01,1,5,290,58.0
H0152_P003_202511,H0152,P003,2025-11-01,1,3,147,49.0
H0152_P003_202601,H0152,P003,2026-01-01,1,6,276,46.0
H0152_P003_202602,H0152,P003,2026-02-01,1,1,60,60.0
H0152_P003_202603,H0152,P003,2026-03-01,1,1,56,56.0
H0152_P004_202506,H0152,P004,2025-06-01,1,2,112,56.0
H0152_P004_202508,H0152,P004,2025-08-01,1,4,224,56.0
H0152_P004_202509,H0152,P004,2025-09-01,1,4,200,50.0
H0152_P004_202510,H0152,P004,2025-10-01,1,3,132,44.0
H0152_P004_202511,H0152,P004,2025-11-01,1,2,62,31.0
H0152_P004_202512,H0152,P004,2025-12-01,1,2,86,43.0
H0152_P004_202601,H0152,P004,2026-01-01,1,1,28,28.0
H0152_P004_202603,H0152,P004,2026-03-01,1,1,57,57.0
H0152_P005_202506,H0152,P005,2025-06-01,1,2,110,55.0
H0152_P005_202507,H0152,P005,2025-07-01,1,2,68,34.0
H0152_P005_202508,H0152,P005,2025-08-01,1,3,138,46.0
H0152_P005_202509,H0152,P005,2025-09-01,1,3,93,31.0
H0152_P005_202510,H0152,P005,2025-10-01,1,1,50,50.0
H0152_P005_202601,H0152,P005,2026-01-01,1,2,60,30.0
H0152_P005_202602,H0152,P005,2026-02-01,1,3,60,20.0
H0152_P005_202603,H0152,P005,2026-03-01,1,2,96,48.0
H0153_P001_202506,H0153,P001,2025-06-01,1,2,86,43.0
H0153_P001_202507,H0153,P001,2025-07-01,1,2,98,49.0
H0153_P001_202508,H0153,P001,2025-08-01,1,2,78,39.0
H0153_P001_202509,H0153,P001,2025-09-01,1,2,58,29.0
H0153_P001_202510,H0153,P001,2025-10-01,1,2,80,40.0
H0153_P001_202511,H0153,P001,2025-11-01,1,1,41,41.0
H0153_P001_202603,H0153,P001,2026-03-01,1,3,168,56.0
H0153_P002_202506,H0153,P002,2025-06-01,1,6,318,53.0
H0153_P002_202507,H0153,P002,2025-07-01,1,7,231,33.0
H0153_P002_202508,H0153,P002,2025-08-01,1,9,180,20.0
H0153_P002_202509,H0153,P002,2025-09-01,1,12,372,31.0
H0153_P002_202510,H0153,P002,2025-10-01,1,6,198,33.0
H0153_P002_202511,H0153,P002,2025-11-01,1,3,102,34.0
H0153_P002_202512,H0153,P002,2025-12-01,1,5,165,33.0
H0153_P002_202601,H0153,P002,2026-01-01,1,8,320,40.0
H0153_P002_202602,H0153,P002,2026-02-01,1,4,140,35.0
H0153_P002_202603,H0153,P002,2026-03-01,1,4,176,44.0
H0153_P003_202506,H0153,P003,2025-06-01,1,2,80,40.0
H0153_P003_202507,H0153,P003,2025-07-01,1,1,60,60.0
H0153_P003_202508,H0153,P003,2025-08-01,1,3,105,35.0
H0153_P003_202509,H0153,P003,2025-09-01,1,5,185,37.0
H0153_P003_202510,H0153,P003,2025-10-01,1,3,84,28.0
H0153_P003_202511,H0153,P003,2025-11-01,1,3,111,37.0
H0153_P003_202512,H0153,P003,2025-12-01,1,5,190,38.0
H0153_P003_202601,H0153,P003,2026-01-01,1,3,120,40.0
H0153_P003_202602,H0153,P003,2026-02-01,1,8,344,43.0
H0153_P003_202603,H0153,P003,2026-03-01,1,3,81,27.0
H0153_P004_202506,H0153,P004,2025-06-01,1,1,49,49.0
H0153_P004_202507,H0153,P004,2025-07-01,1,3,111,37.0
H0153_P004_202510,H0153,P004,2025-10-01,1,1,53,53.0
H0153_P004_202511,H0153,P004,2025-11-01,1,1,60,60.0
H0153_P004_202512,H0153,P004,2025-12-01,1,1,45,45.0
H0153_P004_202602,H0153,P004,2026-02-01,1,1,26,26.0
H0153_P004_202603,H0153,P004,2026-03-01,1,1,59,59.0
H0153_P005_202507,H0153,P005,2025-07-01,1,2,94,47.0
H0153_P005_202509,H0153,P005,2025-09-01,1,1,45,45.0
H0153_P005_202511,H0153,P005,2025-11-01,1,1,36,36.0
H0153_P005_202601,H0153,P005,2026-01-01,1,2,50,25.0
H0153_P005_202603,H0153,P005,2026-03-01,1,1,23,23.0
H0154_P001_202506,H0154,P001,2025-06-01,1,1,22,22.0
H0154_P001_202507,H0154,P001,2025-07-01,1,1,35,35.0
H0154_P001_202509,H0154,P001,2025-09-01,1,2,54,27.0
H0154_P001_202601,H0154,P001,2026-01-01,1,1,43,43.0
H0154_P001_202602,H0154,P001,2026-02-01,1,1,36,36.0
H0154_P002_202506,H0154,P002,2025-06-01,1,1,27,27.0
H0154_P002_202507,H0154,P002,2025-07-01,1,1,38,38.0
H0154_P002_202511,H0154,P002,2025-11-01,1,1,40,40.0
H0154_P002_202512,H0154,P002,2025-12-01,1,2,78,39.0
H0154_P002_202603,H0154,P002,2026-03-01,1,1,55,55.0
H0154_P003_202511,H0154,P003,2025-11-01,1,3,162,54.0
H0154_P003_202601,H0154,P003,2026-01-01,1,1,39,39.0
H0154_P003_202603,H0154,P003,2026-03-01,1,1,48,48.0
H0154_P004_202506,H0154,P004,2025-06-01,1,2,96,48.0
H0154_P004_202507,H0154,P004,2025-07-01,1,4,180,45.0
H0154_P004_202508,H0154,P004,2025-08-01,1,5,295,59.0
H0154_P004_202509,H0154,P004,2025-09-01,1,2,108,54.0
H0154_P004_202510,H0154,P004,2025-10-01,1,2,72,36.0
H0154_P004_202511,H0154,P004,2025-11-01,1,2,104,52.0
H0154_P004_202512,H0154,P004,2025-12-01,1,1,42,42.0
H0154_P004_202601,H0154,P004,2026-01-01,1,2,102,51.0
H0154_P004_202602,H0154,P004,2026-02-01,1,4,92,23.0
H0154_P004_202603,H0154,P004,2026-03-01,1,1,54,54.0
H0154_P005_202506,H0154,P005,2025-06-01,1,2,44,22.0
H0154_P005_202509,H0154,P005,2025-09-01,1,1,51,51.0
H0154_P005_202510,H0154,P005,2025-10-01,1,1,41,41.0
H0154_P005_202512,H0154,P005,2025-12-01,1,1,50,50.0
H0154_P005_202601,H0154,P005,2026-01-01,1,1,58,58.0
H0154_P005_202602,H0154,P005,2026-02-01,1,1,29,29.0
H0155_P001_202506,H0155,P001,2025-06-01,1,1,23,23.0
H0155_P001_202510,H0155,P001,2025-10-01,1,1,32,32.0
H0155_P001_202512,H0155,P001,2025-12-01,1,2,40,20.0
H0155_P001_202603,H0155,P001,2026-03-01,1,1,54,54.0
H0155_P002_202507,H0155,P002,2025-07-01,1,1,57,57.0
H0155_P002_202510,H0155,P002,2025-10-01,1,1,21,21.0
H0155_P002_202512,H0155,P002,2025-12-01,1,1,56,56.0
H0155_P002_202601,H0155,P002,2026-01-01,1,1,50,50.0
H0155_P002_202602,H0155,P002,2026-02-01,1,1,44,44.0
H0155_P003_202508,H0155,P003,2025-08-01,1,3,162,54.0
H0155_P003_202509,H0155,P003,2025-09-01,1,2,120,60.0
H0155_P003_202510,H0155,P003,2025-10-01,1,1,41,41.0
H0155_P003_202511,H0155,P003,2025-11-01,1,1,23,23.0
H0155_P004_202508,H0155,P004,2025-08-01,1,2,94,47.0
H0155_P004_202512,H0155,P004,2025-12-01,1,1,45,45.0
H0155_P004_202601,H0155,P004,2026-01-01,1,1,33,33.0
H0155_P004_202602,H0155,P004,2026-02-01,1,1,32,32.0
H0155_P004_202603,H0155,P004,2026-03-01,1,2,76,38.0
H0155_P005_202510,H0155,P005,2025-10-01,1,1,52,52.0
H0156_P001_202506,H0156,P001,2025-06-01,1,1,56,56.0
H0156_P001_202508,H0156,P001,2025-08-01,1,3,102,34.0
H0156_P001_202510,H0156,P001,2025-10-01,1,1,43,43.0
H0156_P001_202511,H0156,P001,2025-11-01,1,3,117,39.0
H0156_P001_202512,H0156,P001,2025-12-01,1,3,129,43.0
H0156_P001_202601,H0156,P001,2026-01-01,1,1,29,29.0
H0156_P002_202506,H0156,P002,2025-06-01,1,1,40,40.0
H0156_P002_202507,H0156,P002,2025-07-01,1,2,74,37.0
H0156_P002_202512,H0156,P002,2025-12-01,1,1,51,51.0
H0156_P002_202601,H0156,P002,2026-01-01,1,2,84,42.0
H0156_P002_202602,H0156,P002,2026-02-01,1,1,57,57.0
H0156_P002_202603,H0156,P002,2026-03-01,1,1,49,49.0
H0156_P003_202506,H0156,P003,2025-06-01,1,2,104,52.0
H0156_P003_202508,H0156,P003,2025-08-01,1,1,38,38.0
H0156_P003_202509,H0156,P003,2025-09-01,1,1,35,35.0
H0156_P003_202510,H0156,P003,2025-10-01,1,1,44,44.0
H0156_P003_202511,H0156,P003,2025-11-01,1,3,174,58.0
H0156_P003_202512,H0156,P003,2025-12-01,1,1,50,50.0
H0156_P003_202601,H0156,P003,2026-01-01,1,1,32,32.0
H0156_P003_202602,H0156,P003,2026-02-01,1,2,106,53.0
H0156_P003_202603,H0156,P003,2026-03-01,1,1,29,29.0
H0156_P004_202506,H0156,P004,2025-06-01,1,1,51,51.0
H0156_P004_202507,H0156,P004,2025-07-01,1,1,50,50.0
H0156_P004_202508,H0156,P004,2025-08-01,1,3,132,44.0
H0156_P004_202509,H0156,P004,2025-09-01,1,1,54,54.0
H0156_P004_202510,H0156,P004,2025-10-01,1,1,57,57.0
H0156_P004_202511,H0156,P004,2025-11-01,1,3,87,29.0
H0156_P004_202512,H0156,P004,2025-12-01,1,5,200,40.0
H0156_P004_202601,H0156,P004,2026-01-01,1,2,72,36.0
H0156_P004_202602,H0156,P004,2026-02-01,1,1,29,29.0
H0156_P004_202603,H0156,P004,2026-03-01,1,2,112,56.0
H0156_P005_202508,H0156,P005,2025-08-01,1,1,49,49.0
H0156_P005_202509,H0156,P005,2025-09-01,1,1,34,34.0
H0156_P005_202510,H0156,P005,2025-10-01,1,2,76,38.0
H0156_P005_202601,H0156,P005,2026-01-01,1,1,25,25.0
H0157_P001_202506,H0157,P001,2025-06-01,1,1,43,43.0
H0157_P001_202507,H0157,P001,2025-07-01,1,2,74,37.0
H0157_P001_202508,H0157,P001,2025-08-01,1,1,28,28.0
H0157_P001_202510,H0157,P001,2025-10-01,1,2,78,39.0
H0157_P001_202511,H0157,P001,2025-11-01,1,2,96,48.0
H0157_P001_202512,H0157,P001,2025-12-01,1,1,34,34.0
H0157_P002_202506,H0157,P002,2025-06-01,1,2,100,50.0
H0157_P002_202507,H0157,P002,2025-07-01,1,1,37,37.0
H0157_P002_202508,H0157,P002,2025-08-01,1,1,56,56.0
H0157_P002_202509,H0157,P002,2025-09-01,1,5,250,50.0
H0157_P002_202511,H0157,P002,2025-11-01,1,2,102,51.0
H0157_P002_202601,H0157,P002,2026-01-01,1,2,68,34.0
H0157_P002_202602,H0157,P002,2026-02-01,1,2,84,42.0
H0157_P003_202508,H0157,P003,2025-08-01,1,1,25,25.0
H0157_P003_202509,H0157,P003,2025-09-01,1,1,50,50.0
H0157_P003_202510,H0157,P003,2025-10-01,1,2,108,54.0
H0157_P003_202511,H0157,P003,2025-11-01,1,2,40,20.0
H0157_P003_202601,H0157,P003,2026-01-01,1,3,99,33.0
H0157_P004_202506,H0157,P004,2025-06-01,1,3,153,51.0
H0157_P004_202507,H0157,P004,2025-07-01,1,4,212,53.0
H0157_P004_202508,H0157,P004,2025-08-01,1,3,150,50.0
H0157_P004_202509,H0157,P004,2025-09-01,1,2,86,43.0
H0157_P004_202510,H0157,P004,2025-10-01,1,1,41,41.0
H0157_P004_202511,H0157,P004,2025-11-01,1,4,176,44.0
H0157_P004_202512,H0157,P004,2025-12-01,1,2,64,32.0
H0157_P004_202601,H0157,P004,2026-01-01,1,6,330,55.0
H0157_P004_202602,H0157,P004,2026-02-01,1,4,80,20.0
H0157_P005_202506,H0157,P005,2025-06-01,1,2,74,37.0
H0157_P005_202507,H0157,P005,2025-07-01,1,1,24,24.0
H0157_P005_202509,H0157,P005,2025-09-01,1,1,21,21.0
H0157_P005_202510,H0157,P005,2025-10-01,1,1,60,60.0
H0157_P005_202511,H0157,P005,2025-11-01,1,2,52,26.0
H0157_P005_202601,H0157,P005,2026-01-01,1,3,114,38.0
H0157_P005_202603,H0157,P005,2026-03-01,1,1,54,54.0
H0158_P001_202506,H0158,P001,2025-06-01,1,1,38,38.0
H0158_P001_202511,H0158,P001,2025-11-01,1,1,36,36.0
H0158_P001_202602,H0158,P001,2026-02-01,1,1,56,56.0
H0158_P002_202506,H0158,P002,2025-06-01,1,1,57,57.0
H0158_P002_202507,H0158,P002,2025-07-01,1,1,46,46.0
H0158_P002_202508,H0158,P002,2025-08-01,1,3,162,54.0
H0158_P002_202509,H0158,P002,2025-09-01,1,2,70,35.0
H0158_P002_202510,H0158,P002,2025-10-01,1,4,92,23.0
H0158_P002_202511,H0158,P002,2025-11-01,1,4,116,29.0
H0158_P002_202512,H0158,P002,2025-12-01,1,4,104,26.0
H0158_P002_202601,H0158,P002,2026-01-01,1,4,236,59.0
H0158_P002_202602,H0158,P002,2026-02-01,1,1,27,27.0
H0158_P003_202506,H0158,P003,2025-06-01,1,1,41,41.0
H0158_P003_202507,H0158,P003,2025-07-01,1,4,184,46.0
H0158_P003_202508,H0158,P003,2025-08-01,1,5,220,44.0
H0158_P003_202509,H0158,P003,2025-09-01,1,5,240,48.0
H0158_P003_202510,H0158,P003,2025-10-01,1,1,39,39.0
H0158_P003_202511,H0158,P003,2025-11-01,1,2,98,49.0
H0158_P003_202512,H0158,P003,2025-12-01,1,3,81,27.0
H0158_P003_202601,H0158,P003,2026-01-01,1,2,96,48.0
H0158_P003_202602,H0158,P003,2026-02-01,1,4,228,57.0
H0158_P003_202603,H0158,P003,2026-03-01,1,2,90,45.0
H0158_P004_202506,H0158,P004,2025-06-01,1,2,82,41.0
H0158_P004_202508,H0158,P004,2025-08-01,1,1,22,22.0
H0158_P004_202509,H0158,P004,2025-09-01,1,5,120,24.0
H0158_P004_202510,H0158,P004,2025-10-01,1,5,275,55.0
H0158_P004_202511,H0158,P004,2025-11-01,1,4,216,54.0
H0158_P004_202512,H0158,P004,2025-12-01,1,2,46,23.0
H0158_P004_202601,H0158,P004,2026-01-01,1,2,58,29.0
H0158_P004_202602,H0158,P004,2026-02-01,1,4,132,33.0
H0158_P004_202603,H0158,P004,2026-03-01,1,4,112,28.0
H0158_P005_202506,H0158,P005,2025-06-01,1,2,92,46.0
H0158_P005_202507,H0158,P005,2025-07-01,1,2,94,47.0
H0158_P005_202508,H0158,P005,2025-08-01,1,2,106,53.0
H0158_P005_202509,H0158,P005,2025-09-01,1,1,50,50.0
H0158_P005_202510,H0158,P005,2025-10-01,1,3,126,42.0
H0158_P005_202511,H0158,P005,2025-11-01,1,2,82,41.0
H0158_P005_202512,H0158,P005,2025-12-01,1,1,42,42.0
H0158_P005_202601,H0158,P005,2026-01-01,1,2,88,44.0
H0158_P005_202602,H0158,P005,2026-02-01,1,1,50,50.0
H0158_P005_202603,H0158,P005,2026-03-01,1,5,135,27.0
H0159_P001_202601,H0159,P001,2026-01-01,1,1,30,30.0
H0159_P001_202603,H0159,P001,2026-03-01,1,1,48,48.0
H0159_P002_202506,H0159,P002,2025-06-01,1,2,104,52.0
H0159_P002_202507,H0159,P002,2025-07-01,1,2,120,60.0
H0159_P002_202508,H0159,P002,2025-08-01,1,1,23,23.0
H0159_P002_202509,H0159,P002,2025-09-01,1,2,76,38.0
H0159_P002_202510,H0159,P002,2025-10-01,1,1,30,30.0
H0159_P002_202601,H0159,P002,2026-01-01,1,1,36,36.0
H0159_P002_202602,H0159,P002,2026-02-01,1,1,27,27.0
H0159_P002_202603,H0159,P002,2026-03-01,1,1,44,44.0
H0159_P003_202508,H0159,P003,2025-08-01,1,1,60,60.0
H0159_P003_202602,H0159,P003,2026-02-01,1,1,34,34.0
H0159_P004_202506,H0159,P004,2025-06-01,1,2,96,48.0
H0159_P004_202508,H0159,P004,2025-08-01,1,1,48,48.0
H0159_P004_202510,H0159,P004,2025-10-01,1,1,37,37.0
H0159_P004_202512,H0159,P004,2025-12-01,1,1,45,45.0
H0159_P004_202601,H0159,P004,2026-01-01,1,1,34,34.0
H0159_P005_202506,H0159,P005,2025-06-01,1,2,110,55.0
H0159_P005_202507,H0159,P005,2025-07-01,1,2,52,26.0
H0159_P005_202508,H0159,P005,2025-08-01,1,1,33,33.0
H0159_P005_202509,H0159,P005,2025-09-01,1,3,63,21.0
H0159_P005_202510,H0159,P005,2025-10-01,1,1,29,29.0
H0159_P005_202512,H0159,P005,2025-12-01,1,1,40,40.0
H0159_P005_202603,H0159,P005,2026-03-01,1,1,40,40.0
H0160_P001_202506,H0160,P001,2025-06-01,1,1,48,48.0
H0160_P001_202509,H0160,P001,2025-09-01,1,1,37,37.0
H0160_P001_202511,H0160,P001,2025-11-01,1,2,120,60.0
H0160_P001_202601,H0160,P001,2026-01-01,1,1,44,44.0
H0160_P001_202603,H0160,P001,2026-03-01,1,1,41,41.0
H0160_P002_202507,H0160,P002,2025-07-01,1,1,39,39.0
H0160_P002_202508,H0160,P002,2025-08-01,1,1,54,54.0
H0160_P002_202511,H0160,P002,2025-11-01,1,2,54,27.0
H0160_P002_202512,H0160,P002,2025-12-01,1,2,108,54.0
H0160_P002_202601,H0160,P002,2026-01-01,1,1,31,31.0
H0160_P002_202602,H0160,P002,2026-02-01,1,2,42,21.0
H0160_P002_202603,H0160,P002,2026-03-01,1,2,66,33.0
H0160_P003_202506,H0160,P003,2025-06-01,1,3,105,35.0
H0160_P003_202509,H0160,P003,2025-09-01,1,2,80,40.0
H0160_P003_202601,H0160,P003,2026-01-01,1,1,36,36.0
H0160_P003_202603,H0160,P003,2026-03-01,1,1,21,21.0
H0160_P004_202510,H0160,P004,2025-10-01,1,3,108,36.0
H0160_P004_202511,H0160,P004,2025-11-01,1,2,64,32.0
H0160_P005_202509,H0160,P005,2025-09-01,1,1,30,30.0
H0161_P001_202506,H0161,P001,2025-06-01,1,1,58,58.0
H0161_P001_202507,H0161,P001,2025-07-01,1,1,56,56.0
H0161_P001_202508,H0161,P001,2025-08-01,1,1,45,45.0
H0161_P001_202509,H0161,P001,2025-09-01,1,3,129,43.0
H0161_P001_202510,H0161,P001,2025-10-01,1,2,44,22.0
H0161_P001_202511,H0161,P001,2025-11-01,1,2,68,34.0
H0161_P001_202512,H0161,P001,2025-12-01,1,2,62,31.0
H0161_P001_202601,H0161,P001,2026-01-01,1,2,74,37.0
H0161_P001_202603,H0161,P001,2026-03-01,1,3,114,38.0
H0161_P002_202601,H0161,P002,2026-01-01,1,1,51,51.0
H0161_P002_202603,H0161,P002,2026-03-01,1,1,42,42.0
H0161_P003_202508,H0161,P003,2025-08-01,1,1,47,47.0
H0161_P003_202509,H0161,P003,2025-09-01,1,1,35,35.0
H0161_P003_202510,H0161,P003,2025-10-01,1,2,42,21.0
H0161_P003_202511,H0161,P003,2025-11-01,1,1,57,57.0
H0161_P003_202512,H0161,P003,2025-12-01,1,1,21,21.0
H0161_P003_202601,H0161,P003,2026-01-01,1,2,108,54.0
H0161_P003_202602,H0161,P003,2026-02-01,1,2,66,33.0
H0161_P004_202507,H0161,P004,2025-07-01,1,1,52,52.0
H0161_P004_202510,H0161,P004,2025-10-01,1,2,78,39.0
H0161_P004_202601,H0161,P004,2026-01-01,1,1,32,32.0
H0161_P004_202602,H0161,P004,2026-02-01,1,1,29,29.0
H0161_P005_202506,H0161,P005,2025-06-01,1,2,116,58.0
H0161_P005_202508,H0161,P005,2025-08-01,1,1,37,37.0
H0161_P005_202509,H0161,P005,2025-09-01,1,1,28,28.0
H0161_P005_202512,H0161,P005,2025-12-01,1,1,29,29.0
H0161_P005_202601,H0161,P005,2026-01-01,1,1,26,26.0
H0162_P001_202512,H0162,P001,2025-12-01,1,1,52,52.0
H0162_P002_202601,H0162,P002,2026-01-01,1,1,56,56.0
H0162_P002_202603,H0162,P002,2026-03-01,1,2,68,34.0
H0162_P003_202506,H0162,P003,2025-06-01,1,2,62,31.0
H0162_P003_202507,H0162,P003,2025-07-01,1,1,38,38.0
H0162_P003_202508,H0162,P003,2025-08-01,1,3,78,26.0
H0162_P003_202509,H0162,P003,2025-09-01,1,2,112,56.0
H0162_P003_202510,H0162,P003,2025-10-01,1,4,188,47.0
H0162_P003_202511,H0162,P003,2025-11-01,1,2,58,29.0
H0162_P003_202601,H0162,P003,2026-01-01,1,4,100,25.0
H0162_P003_202602,H0162,P003,2026-02-01,1,2,64,32.0
H0162_P003_202603,H0162,P003,2026-03-01,1,5,105,21.0
H0162_P004_202506,H0162,P004,2025-06-01,1,2,88,44.0
H0162_P004_202507,H0162,P004,2025-07-01,1,2,120,60.0
H0162_P004_202509,H0162,P004,2025-09-01,1,2,66,33.0
H0162_P004_202510,H0162,P004,2025-10-01,1,1,25,25.0
H0162_P004_202601,H0162,P004,2026-01-01,1,1,39,39.0
H0162_P004_202603,H0162,P004,2026-03-01,1,2,62,31.0
H0162_P005_202506,H0162,P005,2025-06-01,1,1,38,38.0
H0162_P005_202508,H0162,P005,2025-08-01,1,2,54,27.0
H0162_P005_202509,H0162,P005,2025-09-01,1,1,22,22.0
H0162_P005_202510,H0162,P005,2025-10-01,1,1,43,43.0
H0162_P005_202511,H0162,P005,2025-11-01,1,1,59,59.0
H0162_P005_202512,H0162,P005,2025-12-01,1,1,29,29.0
H0162_P005_202601,H0162,P005,2026-01-01,1,1,53,53.0
H0162_P005_202602,H0162,P005,2026-02-01,1,1,37,37.0
H0163_P001_202506,H0163,P001,2025-06-01,1,2,118,59.0
H0163_P001_202507,H0163,P001,2025-07-01,1,1,20,20.0
H0163_P001_202509,H0163,P001,2025-09-01,1,1,22,22.0
H0163_P001_202511,H0163,P001,2025-11-01,1,1,46,46.0
H0163_P001_202602,H0163,P001,2026-02-01,1,2,108,54.0
H0163_P001_202603,H0163,P001,2026-03-01,1,1,29,29.0
H0163_P002_202506,H0163,P002,2025-06-01,1,1,38,38.0
H0163_P002_202507,H0163,P002,2025-07-01,1,3,132,44.0
H0163_P002_202508,H0163,P002,2025-08-01,1,2,118,59.0
H0163_P002_202509,H0163,P002,2025-09-01,1,3,168,56.0
H0163_P002_202510,H0163,P002,2025-10-01,1,1,41,41.0
H0163_P002_202511,H0163,P002,2025-11-01,1,5,160,32.0
H0163_P002_202512,H0163,P002,2025-12-01,1,3,177,59.0
H0163_P002_202601,H0163,P002,2026-01-01,1,1,56,56.0
H0163_P002_202602,H0163,P002,2026-02-01,1,2,94,47.0
H0163_P002_202603,H0163,P002,2026-03-01,1,1,58,58.0
H0163_P003_202506,H0163,P003,2025-06-01,1,2,118,59.0
H0163_P003_202507,H0163,P003,2025-07-01,1,1,20,20.0
H0163_P003_202509,H0163,P003,2025-09-01,1,2,104,52.0
H0163_P003_202510,H0163,P003,2025-10-01,1,1,36,36.0
H0163_P003_202511,H0163,P003,2025-11-01,1,1,43,43.0
H0163_P003_202602,H0163,P003,2026-02-01,1,3,135,45.0
H0163_P004_202603,H0163,P004,2026-03-01,1,1,24,24.0
H0163_P005_202506,H0163,P005,2025-06-01,1,4,184,46.0
H0163_P005_202512,H0163,P005,2025-12-01,1,1,27,27.0
H0163_P005_202601,H0163,P005,2026-01-01,1,1,30,30.0
H0163_P005_202602,H0163,P005,2026-02-01,1,2,50,25.0
H0163_P005_202603,H0163,P005,2026-03-01,1,2,86,43.0
H0164_P001_202507,H0164,P001,2025-07-01,1,1,53,53.0
H0164_P001_202510,H0164,P001,2025-10-01,1,1,38,38.0
H0164_P001_202511,H0164,P001,2025-11-01,1,1,38,38.0
H0164_P001_202602,H0164,P001,2026-02-01,1,1,39,39.0
H0165_P001_202507,H0165,P001,2025-07-01,1,1,40,40.0
H0165_P001_202508,H0165,P001,2025-08-01,1,4,164,41.0
H0165_P001_202509,H0165,P001,2025-09-01,1,2,50,25.0
H0165_P001_202510,H0165,P001,2025-10-01,1,1,25,25.0
H0165_P001_202511,H0165,P001,2025-11-01,1,2,44,22.0
H0165_P001_202601,H0165,P001,2026-01-01,1,2,64,32.0
H0165_P001_202602,H0165,P001,2026-02-01,1,3,114,38.0
H0165_P001_202603,H0165,P001,2026-03-01,1,3,177,59.0
H0165_P003_202508,H0165,P003,2025-08-01,1,1,57,57.0
H0165_P003_202509,H0165,P003,2025-09-01,1,2,52,26.0
H0165_P003_202512,H0165,P003,2025-12-01,1,1,29,29.0
H0165_P003_202602,H0165,P003,2026-02-01,1,1,24,24.0
H0165_P004_202509,H0165,P004,2025-09-01,1,2,42,21.0
H0165_P004_202601,H0165,P004,2026-01-01,1,1,52,52.0
H0165_P005_202506,H0165,P005,2025-06-01,1,1,57,57.0
H0165_P005_202507,H0165,P005,2025-07-01,1,1,58,58.0
H0165_P005_202509,H0165,P005,2025-09-01,1,2,90,45.0
H0165_P005_202511,H0165,P005,2025-11-01,1,2,104,52.0
H0165_P005_202602,H0165,P005,2026-02-01,1,1,20,20.0
H0165_P005_202603,H0165,P005,2026-03-01,1,1,34,34.0
H0166_P001_202506,H0166,P001,2025-06-01,1,1,39,39.0
H0166_P001_202508,H0166,P001,2025-08-01,1,2,84,42.0
H0166_P001_202512,H0166,P001,2025-12-01,1,2,60,30.0
H0166_P002_202508,H0166,P002,2025-08-01,1,1,53,53.0
H0166_P002_202512,H0166,P002,2025-12-01,1,1,53,53.0
H0166_P003_202509,H0166,P003,2025-09-01,1,1,24,24.0
H0166_P003_202512,H0166,P003,2025-12-01,1,1,43,43.0
H0166_P003_202601,H0166,P003,2026-01-01,1,3,174,58.0
H0166_P003_202602,H0166,P003,2026-02-01,1,1,39,39.0
H0166_P004_202506,H0166,P004,2025-06-01,1,1,49,49.0
H0166_P004_202507,H0166,P004,2025-07-01,1,4,128,32.0
H0166_P004_202508,H0166,P004,2025-08-01,1,1,30,30.0
H0166_P004_202509,H0166,P004,2025-09-01,1,1,58,58.0
H0166_P005_202506,H0166,P005,2025-06-01,1,1,34,34.0
H0166_P005_202507,H0166,P005,2025-07-01,1,1,43,43.0
H0166_P005_202509,H0166,P005,2025-09-01,1,1,44,44.0
H0166_P005_202601,H0166,P005,2026-01-01,1,1,43,43.0
H0167_P001_202510,H0167,P001,2025-10-01,1,1,37,37.0
H0167_P001_202511,H0167,P001,2025-11-01,1,1,33,33.0
H0167_P001_202512,H0167,P001,2025-12-01,1,1,40,40.0
H0167_P001_202601,H0167,P001,2026-01-01,1,1,28,28.0
H0167_P002_202507,H0167,P002,2025-07-01,1,2,86,43.0
H0167_P002_202508,H0167,P002,2025-08-01,1,2,108,54.0
H0167_P002_202509,H0167,P002,2025-09-01,1,4,220,55.0
H0167_P002_202510,H0167,P002,2025-10-01,1,1,46,46.0
H0167_P002_202511,H0167,P002,2025-11-01,1,2,120,60.0
H0167_P002_202512,H0167,P002,2025-12-01,1,1,25,25.0
H0167_P002_202601,H0167,P002,2026-01-01,1,2,112,56.0
H0167_P003_202506,H0167,P003,2025-06-01,1,1,40,40.0
H0167_P004_202507,H0167,P004,2025-07-01,1,2,90,45.0
H0167_P004_202508,H0167,P004,2025-08-01,1,1,43,43.0
H0167_P004_202509,H0167,P004,2025-09-01,1,1,45,45.0
H0168_P001_202506,H0168,P001,2025-06-01,1,7,266,38.0
H0168_P001_202507,H0168,P001,2025-07-01,1,6,222,37.0
H0168_P001_202508,H0168,P001,2025-08-01,1,5,250,50.0
H0168_P001_202509,H0168,P001,2025-09-01,1,5,160,32.0
H0168_P001_202510,H0168,P001,2025-10-01,1,6,204,34.0
H0168_P001_202511,H0168,P001,2025-11-01,1,6,276,46.0
H0168_P001_202512,H0168,P001,2025-12-01,1,2,90,45.0
H0168_P001_202601,H0168,P001,2026-01-01,1,4,136,34.0
H0168_P001_202602,H0168,P001,2026-02-01,1,5,205,41.0
H0168_P001_202603,H0168,P001,2026-03-01,1,4,240,60.0
H0168_P002_202506,H0168,P002,2025-06-01,1,2,114,57.0
H0168_P002_202507,H0168,P002,2025-07-01,1,2,118,59.0
H0168_P002_202508,H0168,P002,2025-08-01,1,2,78,39.0
H0168_P002_202509,H0168,P002,2025-09-01,1,3,111,37.0
H0168_P002_202510,H0168,P002,2025-10-01,1,3,168,56.0
H0168_P002_202511,H0168,P002,2025-11-01,1,3,108,36.0
H0168_P002_202512,H0168,P002,2025-12-01,1,3,60,20.0
H0168_P002_202601,H0168,P002,2026-01-01,1,2,112,56.0
H0168_P002_202602,H0168,P002,2026-02-01,1,1,38,38.0
H0168_P002_202603,H0168,P002,2026-03-01,1,2,118,59.0
H0168_P003_202506,H0168,P003,2025-06-01,1,2,50,25.0
H0168_P003_202507,H0168,P003,2025-07-01,1,4,180,45.0
H0168_P003_202508,H0168,P003,2025-08-01,1,1,26,26.0
H0168_P003_202509,H0168,P003,2025-09-01,1,2,50,25.0
H0168_P003_202510,H0168,P003,2025-10-01,1,2,48,24.0
H0168_P003_202511,H0168,P003,2025-11-01,1,2,68,34.0
H0168_P003_202512,H0168,P003,2025-12-01,1,4,192,48.0
H0168_P003_202601,H0168,P003,2026-01-01,1,5,225,45.0
H0168_P003_202602,H0168,P003,2026-02-01,1,1,58,58.0
H0168_P003_202603,H0168,P003,2026-03-01,1,2,62,31.0
H0168_P004_202507,H0168,P004,2025-07-01,1,3,108,36.0
H0168_P004_202509,H0168,P004,2025-09-01,1,1,57,57.0
H0168_P004_202510,H0168,P004,2025-10-01,1,2,44,22.0
H0168_P004_202511,H0168,P004,2025-11-01,1,2,80,40.0
H0168_P004_202512,H0168,P004,2025-12-01,1,1,37,37.0
H0168_P004_202601,H0168,P004,2026-01-01,1,2,52,26.0
H0168_P004_202602,H0168,P004,2026-02-01,1,1,21,21.0
H0168_P004_202603,H0168,P004,2026-03-01,1,3,162,54.0
H0168_P005_202506,H0168,P005,2025-06-01,1,3,159,53.0
H0168_P005_202508,H0168,P005,2025-08-01,1,2,64,32.0
H0168_P005_202509,H0168,P005,2025-09-01,1,5,140,28.0
H0168_P005_202510,H0168,P005,2025-10-01,1,4,176,44.0
H0168_P005_202511,H0168,P005,2025-11-01,1,2,70,35.0
H0168_P005_202512,H0168,P005,2025-12-01,1,6,168,28.0
H0168_P005_202601,H0168,P005,2026-01-01,1,2,108,54.0
H0168_P005_202602,H0168,P005,2026-02-01,1,2,42,21.0
H0168_P005_202603,H0168,P005,2026-03-01,1,1,53,53.0
H0169_P001_202506,H0169,P001,2025-06-01,1,1,40,40.0
H0169_P001_202507,H0169,P001,2025-07-01,1,1,42,42.0
H0169_P001_202508,H0169,P001,2025-08-01,1,3,78,26.0
H0169_P001_202509,H0169,P001,2025-09-01,1,5,290,58.0
H0169_P001_202510,H0169,P001,2025-10-01,1,2,102,51.0
H0169_P001_202511,H0169,P001,2025-11-01,1,6,156,26.0
H0169_P001_202512,H0169,P001,2025-12-01,1,2,102,51.0
H0169_P001_202601,H0169,P001,2026-01-01,1,5,250,50.0
H0169_P001_202602,H0169,P001,2026-02-01,1,8,480,60.0
H0169_P001_202603,H0169,P001,2026-03-01,1,7,224,32.0
H0169_P003_202506,H0169,P003,2025-06-01,1,1,44,44.0
H0169_P003_202507,H0169,P003,2025-07-01,1,1,35,35.0
H0169_P003_202512,H0169,P003,2025-12-01,1,1,60,60.0
H0169_P003_202601,H0169,P003,2026-01-01,1,1,28,28.0
H0169_P003_202602,H0169,P003,2026-02-01,1,1,57,57.0
H0169_P004_202507,H0169,P004,2025-07-01,1,3,153,51.0
H0169_P004_202509,H0169,P004,2025-09-01,1,2,60,30.0
H0169_P004_202511,H0169,P004,2025-11-01,1,1,44,44.0
H0169_P004_202602,H0169,P004,2026-02-01,1,1,57,57.0
H0169_P004_202603,H0169,P004,2026-03-01,1,1,41,41.0
H0169_P005_202506,H0169,P005,2025-06-01,1,3,87,29.0
H0169_P005_202508,H0169,P005,2025-08-01,1,2,110,55.0
H0169_P005_202509,H0169,P005,2025-09-01,1,1,39,39.0
H0169_P005_202510,H0169,P005,2025-10-01,1,3,129,43.0
H0169_P005_202511,H0169,P005,2025-11-01,1,2,100,50.0
H0169_P005_202512,H0169,P005,2025-12-01,1,3,87,29.0
H0169_P005_202601,H0169,P005,2026-01-01,1,3,174,58.0
H0169_P005_202602,H0169,P005,2026-02-01,1,2,68,34.0
H0169_P005_202603,H0169,P005,2026-03-01,1,1,56,56.0
H0170_P001_202507,H0170,P001,2025-07-01,1,1,35,35.0
H0170_P001_202508,H0170,P001,2025-08-01,1,3,129,43.0
H0170_P001_202509,H0170,P001,2025-09-01,1,1,37,37.0
H0170_P001_202510,H0170,P001,2025-10-01,1,3,168,56.0
H0170_P001_202511,H0170,P001,2025-11-01,1,1,22,22.0
H0170_P001_202512,H0170,P001,2025-12-01,1,1,54,54.0
H0170_P001_202601,H0170,P001,2026-01-01,1,3,132,44.0
H0170_P001_202602,H0170,P001,2026-02-01,1,1,59,59.0
H0170_P001_202603,H0170,P001,2026-03-01,1,1,58,58.0
H0170_P002_202506,H0170,P002,2025-06-01,1,1,47,47.0
H0170_P002_202507,H0170,P002,2025-07-01,1,1,55,55.0
H0170_P002_202508,H0170,P002,2025-08-01,1,5,200,40.0
H0170_P002_202509,H0170,P002,2025-09-01,1,2,80,40.0
H0170_P002_202510,H0170,P002,2025-10-01,1,1,44,44.0
H0170_P002_202512,H0170,P002,2025-12-01,1,2,52,26.0
H0170_P002_202602,H0170,P002,2026-02-01,1,2,76,38.0
H0170_P002_202603,H0170,P002,2026-03-01,1,3,90,30.0
H0170_P003_202508,H0170,P003,2025-08-01,1,1,35,35.0
H0170_P003_202509,H0170,P003,2025-09-01,1,1,38,38.0
H0170_P003_202511,H0170,P003,2025-11-01,1,1,23,23.0
H0170_P003_202512,H0170,P003,2025-12-01,1,1,55,55.0
H0170_P003_202603,H0170,P003,2026-03-01,1,1,45,45.0
H0170_P004_202506,H0170,P004,2025-06-01,1,8,280,35.0
H0170_P004_202507,H0170,P004,2025-07-01,1,3,165,55.0
H0170_P004_202508,H0170,P004,2025-08-01,1,3,99,33.0
H0170_P004_202509,H0170,P004,2025-09-01,1,4,232,58.0
H0170_P004_202510,H0170,P004,2025-10-01,1,4,220,55.0
H0170_P004_202511,H0170,P004,2025-11-01,1,6,198,33.0
H0170_P004_202512,H0170,P004,2025-12-01,1,6,240,40.0
H0170_P004_202601,H0170,P004,2026-01-01,1,7,140,20.0
H0170_P004_202602,H0170,P004,2026-02-01,1,3,126,42.0
H0170_P004_202603,H0170,P004,2026-03-01,1,3,123,41.0
H0170_P005_202506,H0170,P005,2025-06-01,1,1,21,21.0
H0170_P005_202508,H0170,P005,2025-08-01,1,2,66,33.0
H0170_P005_202509,H0170,P005,2025-09-01,1,4,128,32.0
H0170_P005_202510,H0170,P005,2025-10-01,1,4,128,32.0
H0170_P005_202511,H0170,P005,2025-11-01,1,2,42,21.0
H0170_P005_202512,H0170,P005,2025-12-01,1,2,120,60.0
H0170_P005_202601,H0170,P005,2026-01-01,1,2,58,29.0
H0170_P005_202602,H0170,P005,2026-02-01,1,3,153,51.0
H0170_P005_202603,H0170,P005,2026-03-01,1,2,68,34.0
H0171_P001_202506,H0171,P001,2025-06-01,1,4,188,47.0
H0171_P001_202507,H0171,P001,2025-07-01,1,5,270,54.0
H0171_P001_202508,H0171,P001,2025-08-01,1,2,84,42.0
H0171_P001_202509,H0171,P001,2025-09-01,1,4,160,40.0
H0171_P001_202510,H0171,P001,2025-10-01,1,2,96,48.0
H0171_P001_202511,H0171,P001,2025-11-01,1,5,120,24.0
H0171_P001_202512,H0171,P001,2025-12-01,1,2,56,28.0
H0171_P001_202601,H0171,P001,2026-01-01,1,2,90,45.0
H0171_P001_202602,H0171,P001,2026-02-01,1,7,252,36.0
H0171_P001_202603,H0171,P001,2026-03-01,1,6,204,34.0
H0171_P002_202506,H0171,P002,2025-06-01,1,2,42,21.0
H0171_P002_202507,H0171,P002,2025-07-01,1,1,35,35.0
H0171_P002_202508,H0171,P002,2025-08-01,1,1,34,34.0
H0171_P002_202510,H0171,P002,2025-10-01,1,4,148,37.0
H0171_P002_202511,H0171,P002,2025-11-01,1,1,34,34.0
H0171_P002_202601,H0171,P002,2026-01-01,1,2,52,26.0
H0171_P003_202506,H0171,P003,2025-06-01,1,1,47,47.0
H0171_P003_202507,H0171,P003,2025-07-01,1,1,27,27.0
H0171_P003_202508,H0171,P003,2025-08-01,1,2,118,59.0
H0171_P003_202509,H0171,P003,2025-09-01,1,1,43,43.0
H0171_P003_202510,H0171,P003,2025-10-01,1,3,174,58.0
H0171_P003_202511,H0171,P003,2025-11-01,1,1,52,52.0
H0171_P003_202512,H0171,P003,2025-12-01,1,2,102,51.0
H0171_P003_202601,H0171,P003,2026-01-01,1,1,32,32.0
H0171_P003_202602,H0171,P003,2026-02-01,1,3,108,36.0
H0171_P003_202603,H0171,P003,2026-03-01,1,1,40,40.0
H0171_P004_202506,H0171,P004,2025-06-01,1,7,203,29.0
H0171_P004_202508,H0171,P004,2025-08-01,1,5,155,31.0
H0171_P004_202509,H0171,P004,2025-09-01,1,2,120,60.0
H0171_P004_202510,H0171,P004,2025-10-01,1,2,52,26.0
H0171_P004_202511,H0171,P004,2025-11-01,1,2,44,22.0
H0171_P004_202512,H0171,P004,2025-12-01,1,2,92,46.0
H0171_P004_202601,H0171,P004,2026-01-01,1,2,64,32.0
H0171_P004_202602,H0171,P004,2026-02-01,1,3,75,25.0
H0171_P004_202603,H0171,P004,2026-03-01,1,2,100,50.0
H0171_P005_202506,H0171,P005,2025-06-01,1,5,195,39.0
H0171_P005_202507,H0171,P005,2025-07-01,1,1,52,52.0
H0171_P005_202508,H0171,P005,2025-08-01,1,6,300,50.0
H0171_P005_202509,H0171,P005,2025-09-01,1,4,188,47.0
H0171_P005_202510,H0171,P005,2025-10-01,1,3,87,29.0
H0171_P005_202511,H0171,P005,2025-11-01,1,5,225,45.0
H0171_P005_202512,H0171,P005,2025-12-01,1,10,370,37.0
H0171_P005_202601,H0171,P005,2026-01-01,1,4,240,60.0
H0171_P005_202602,H0171,P005,2026-02-01,1,6,234,39.0
H0171_P005_202603,H0171,P005,2026-03-01,1,5,245,49.0
H0172_P001_202506,H0172,P001,2025-06-01,1,3,144,48.0
H0172_P001_202507,H0172,P001,2025-07-01,1,4,152,38.0
H0172_P001_202508,H0172,P001,2025-08-01,1,1,48,48.0
H0172_P001_202509,H0172,P001,2025-09-01,1,2,84,42.0
H0172_P001_202511,H0172,P001,2025-11-01,1,1,44,44.0
H0172_P001_202512,H0172,P001,2025-12-01,1,2,102,51.0
H0172_P001_202601,H0172,P001,2026-01-01,1,1,28,28.0
H0172_P001_202602,H0172,P001,2026-02-01,1,5,230,46.0
H0172_P001_202603,H0172,P001,2026-03-01,1,5,285,57.0
H0172_P003_202506,H0172,P003,2025-06-01,1,2,74,37.0
H0172_P003_202507,H0172,P003,2025-07-01,1,2,66,33.0
H0172_P003_202509,H0172,P003,2025-09-01,1,2,70,35.0
H0172_P003_202510,H0172,P003,2025-10-01,1,2,102,51.0
H0172_P003_202511,H0172,P003,2025-11-01,1,3,108,36.0
H0172_P003_202512,H0172,P003,2025-12-01,1,1,56,56.0
H0172_P004_202506,H0172,P004,2025-06-01,1,2,66,33.0
H0172_P004_202507,H0172,P004,2025-07-01,1,1,50,50.0
H0172_P004_202508,H0172,P004,2025-08-01,1,1,55,55.0
H0172_P004_202509,H0172,P004,2025-09-01,1,2,52,26.0
H0172_P004_202510,H0172,P004,2025-10-01,1,3,117,39.0
H0172_P004_202601,H0172,P004,2026-01-01,1,2,46,23.0
H0172_P004_202603,H0172,P004,2026-03-01,1,1,32,32.0
H0173_P001_202506,H0173,P001,2025-06-01,1,5,120,24.0
H0173_P001_202507,H0173,P001,2025-07-01,1,2,112,56.0
H0173_P001_202508,H0173,P001,2025-08-01,1,1,60,60.0
H0173_P001_202509,H0173,P001,2025-09-01,1,3,153,51.0
H0173_P001_202510,H0173,P001,2025-10-01,1,4,196,49.0
H0173_P001_202511,H0173,P001,2025-11-01,1,2,108,54.0
H0173_P001_202512,H0173,P001,2025-12-01,1,1,36,36.0
H0173_P001_202601,H0173,P001,2026-01-01,1,4,152,38.0
H0173_P001_202602,H0173,P001,2026-02-01,1,4,152,38.0
H0173_P001_202603,H0173,P001,2026-03-01,1,5,235,47.0
H0173_P002_202506,H0173,P002,2025-06-01,1,2,50,25.0
H0173_P002_202507,H0173,P002,2025-07-01,1,2,68,34.0
H0173_P002_202508,H0173,P002,2025-08-01,1,1,48,48.0
H0173_P002_202510,H0173,P002,2025-10-01,1,1,29,29.0
H0173_P002_202511,H0173,P002,2025-11-01,1,1,51,51.0
H0173_P002_202512,H0173,P002,2025-12-01,1,2,86,43.0
H0173_P002_202601,H0173,P002,2026-01-01,1,2,90,45.0
H0173_P002_202602,H0173,P002,2026-02-01,1,2,78,39.0
H0173_P002_202603,H0173,P002,2026-03-01,1,5,235,47.0
H0173_P003_202506,H0173,P003,2025-06-01,1,2,44,22.0
H0173_P003_202508,H0173,P003,2025-08-01,1,2,74,37.0
H0173_P003_202509,H0173,P003,2025-09-01,1,2,90,45.0
H0173_P003_202510,H0173,P003,2025-10-01,1,1,60,60.0
H0173_P003_202512,H0173,P003,2025-12-01,1,1,46,46.0
H0173_P003_202601,H0173,P003,2026-01-01,1,2,40,20.0
H0173_P003_202602,H0173,P003,2026-02-01,1,3,114,38.0
H0173_P003_202603,H0173,P003,2026-03-01,1,1,41,41.0
H0173_P004_202506,H0173,P004,2025-06-01,1,1,36,36.0
H0173_P004_202509,H0173,P004,2025-09-01,1,1,52,52.0
H0173_P004_202511,H0173,P004,2025-11-01,1,1,27,27.0
H0173_P004_202601,H0173,P004,2026-01-01,1,1,43,43.0
H0173_P004_202603,H0173,P004,2026-03-01,1,1,38,38.0
H0173_P005_202506,H0173,P005,2025-06-01,1,2,94,47.0
H0173_P005_202507,H0173,P005,2025-07-01,1,2,54,27.0
H0174_P001_202508,H0174,P001,2025-08-01,1,1,59,59.0
H0174_P001_202601,H0174,P001,2026-01-01,1,1,48,48.0
H0174_P001_202603,H0174,P001,2026-03-01,1,1,50,50.0
H0174_P002_202506,H0174,P002,2025-06-01,1,3,135,45.0
H0174_P002_202507,H0174,P002,2025-07-01,1,2,108,54.0
H0174_P002_202508,H0174,P002,2025-08-01,1,5,280,56.0
H0174_P002_202509,H0174,P002,2025-09-01,1,2,84,42.0
H0174_P002_202510,H0174,P002,2025-10-01,1,4,168,42.0
H0174_P002_202511,H0174,P002,2025-11-01,1,4,128,32.0
H0174_P002_202512,H0174,P002,2025-12-01,1,3,93,31.0
H0174_P002_202601,H0174,P002,2026-01-01,1,2,120,60.0
H0174_P002_202602,H0174,P002,2026-02-01,1,2,118,59.0
H0174_P002_202603,H0174,P002,2026-03-01,1,5,145,29.0
H0174_P003_202510,H0174,P003,2025-10-01,1,1,25,25.0
H0174_P003_202511,H0174,P003,2025-11-01,1,1,34,34.0
H0174_P004_202506,H0174,P004,2025-06-01,1,1,35,35.0
H0174_P004_202507,H0174,P004,2025-07-01,1,1,39,39.0
H0174_P004_202510,H0174,P004,2025-10-01,1,1,35,35.0
H0174_P004_202511,H0174,P004,2025-11-01,1,2,92,46.0
H0174_P004_202512,H0174,P004,2025-12-01,1,1,32,32.0
H0174_P004_202601,H0174,P004,2026-01-01,1,2,106,53.0
H0174_P004_202602,H0174,P004,2026-02-01,1,2,84,42.0
H0174_P004_202603,H0174,P004,2026-03-01,1,1,45,45.0
H0174_P005_202506,H0174,P005,2025-06-01,1,1,44,44.0
H0174_P005_202508,H0174,P005,2025-08-01,1,1,33,33.0
H0174_P005_202509,H0174,P005,2025-09-01,1,1,51,51.0
H0174_P005_202601,H0174,P005,2026-01-01,1,1,22,22.0
H0175_P003_202506,H0175,P003,2025-06-01,1,1,54,54.0
H0175_P003_202511,H0175,P003,2025-11-01,1,1,25,25.0
H0175_P003_202601,H0175,P003,2026-01-01,1,1,26,26.0
H0175_P004_202510,H0175,P004,2025-10-01,1,1,47,47.0
H0176_P001_202506,H0176,P001,2025-06-01,1,3,72,24.0
H0176_P001_202507,H0176,P001,2025-07-01,1,3,153,51.0
H0176_P001_202509,H0176,P001,2025-09-01,1,6,276,46.0
H0176_P001_202510,H0176,P001,2025-10-01,1,3,141,47.0
H0176_P001_202511,H0176,P001,2025-11-01,1,2,80,40.0
H0176_P001_202512,H0176,P001,2025-12-01,1,1,37,37.0
H0176_P001_202601,H0176,P001,2026-01-01,1,4,160,40.0
H0176_P001_202602,H0176,P001,2026-02-01,1,4,84,21.0
H0176_P001_202603,H0176,P001,2026-03-01,1,5,200,40.0
H0176_P002_202506,H0176,P002,2025-06-01,1,1,52,52.0
H0176_P002_202507,H0176,P002,2025-07-01,1,2,52,26.0
H0176_P002_202508,H0176,P002,2025-08-01,1,2,84,42.0
H0176_P002_202509,H0176,P002,2025-09-01,1,1,48,48.0
H0176_P002_202510,H0176,P002,2025-10-01,1,4,144,36.0
H0176_P002_202511,H0176,P002,2025-11-01,1,4,148,37.0
H0176_P002_202512,H0176,P002,2025-12-01,1,1,37,37.0
H0176_P002_202601,H0176,P002,2026-01-01,1,3,102,34.0
H0176_P002_202602,H0176,P002,2026-02-01,1,2,48,24.0
H0176_P002_202603,H0176,P002,2026-03-01,1,1,32,32.0
H0176_P003_202506,H0176,P003,2025-06-01,1,7,287,41.0
H0176_P003_202507,H0176,P003,2025-07-01,1,8,216,27.0
H0176_P003_202508,H0176,P003,2025-08-01,1,8,272,34.0
H0176_P003_202509,H0176,P003,2025-09-01,1,5,195,39.0
H0176_P003_202510,H0176,P003,2025-10-01,1,7,259,37.0
H0176_P003_202511,H0176,P003,2025-11-01,1,2,106,53.0
H0176_P003_202512,H0176,P003,2025-12-01,1,6,198,33.0
H0176_P003_202601,H0176,P003,2026-01-01,1,7,371,53.0
H0176_P003_202602,H0176,P003,2026-02-01,1,11,429,39.0
H0176_P003_202603,H0176,P003,2026-03-01,1,9,252,28.0
H0176_P004_202506,H0176,P004,2025-06-01,1,12,336,28.0
H0176_P004_202507,H0176,P004,2025-07-01,1,10,390,39.0
H0176_P004_202508,H0176,P004,2025-08-01,1,9,261,29.0
H0176_P004_202509,H0176,P004,2025-09-01,1,4,192,48.0
H0176_P004_202510,H0176,P004,2025-10-01,1,6,120,20.0
H0176_P004_202511,H0176,P004,2025-11-01,1,8,200,25.0
H0176_P004_202512,H0176,P004,2025-12-01,1,6,144,24.0
H0176_P004_202601,H0176,P004,2026-01-01,1,7,343,49.0
H0176_P004_202602,H0176,P004,2026-02-01,1,14,350,25.0
H0176_P004_202603,H0176,P004,2026-03-01,1,5,165,33.0
H0176_P005_202506,H0176,P005,2025-06-01,1,3,162,54.0
H0176_P005_202507,H0176,P005,2025-07-01,1,1,46,46.0
H0176_P005_202509,H0176,P005,2025-09-01,1,1,52,52.0
H0176_P005_202510,H0176,P005,2025-10-01,1,2,94,47.0
H0176_P005_202511,H0176,P005,2025-11-01,1,3,75,25.0
H0176_P005_202512,H0176,P005,2025-12-01,1,1,36,36.0
H0176_P005_202601,H0176,P005,2026-01-01,1,1,20,20.0
H0176_P005_202602,H0176,P005,2026-02-01,1,2,118,59.0
H0176_P005_202603,H0176,P005,2026-03-01,1,1,44,44.0
H0177_P002_202506,H0177,P002,2025-06-01,1,1,43,43.0
H0177_P002_202507,H0177,P002,2025-07-01,1,2,72,36.0
H0177_P002_202509,H0177,P002,2025-09-01,1,2,64,32.0
H0177_P002_202511,H0177,P002,2025-11-01,1,4,148,37.0
H0177_P002_202602,H0177,P002,2026-02-01,1,1,58,58.0
H0177_P002_202603,H0177,P002,2026-03-01,1,2,78,39.0
H0177_P003_202506,H0177,P003,2025-06-01,1,1,41,41.0
H0177_P003_202507,H0177,P003,2025-07-01,1,4,172,43.0
H0177_P003_202508,H0177,P003,2025-08-01,1,2,108,54.0
H0177_P003_202510,H0177,P003,2025-10-01,1,2,94,47.0
H0177_P003_202511,H0177,P003,2025-11-01,1,4,112,28.0
H0177_P003_202601,H0177,P003,2026-01-01,1,1,41,41.0
H0177_P003_202602,H0177,P003,2026-02-01,1,2,86,43.0
H0177_P003_202603,H0177,P003,2026-03-01,1,1,31,31.0
H0177_P004_202506,H0177,P004,2025-06-01,1,2,90,45.0
H0177_P004_202507,H0177,P004,2025-07-01,1,3,75,25.0
H0177_P004_202508,H0177,P004,2025-08-01,1,1,44,44.0
H0177_P004_202509,H0177,P004,2025-09-01,1,1,36,36.0
H0177_P004_202511,H0177,P004,2025-11-01,1,3,177,59.0
H0177_P004_202512,H0177,P004,2025-12-01,1,1,50,50.0
H0177_P004_202601,H0177,P004,2026-01-01,1,4,208,52.0
H0177_P004_202602,H0177,P004,2026-02-01,1,1,41,41.0
H0177_P004_202603,H0177,P004,2026-03-01,1,1,59,59.0
H0177_P005_202506,H0177,P005,2025-06-01,1,1,23,23.0
H0177_P005_202507,H0177,P005,2025-07-01,1,1,44,44.0
H0177_P005_202601,H0177,P005,2026-01-01,1,1,49,49.0
H0177_P005_202602,H0177,P005,2026-02-01,1,3,138,46.0
H0178_P001_202506,H0178,P001,2025-06-01,1,2,44,22.0
H0178_P001_202507,H0178,P001,2025-07-01,1,3,90,30.0
H0178_P001_202511,H0178,P001,2025-11-01,1,1,31,31.0
H0178_P002_202507,H0178,P002,2025-07-01,1,1,22,22.0
H0178_P002_202508,H0178,P002,2025-08-01,1,2,88,44.0
H0178_P002_202509,H0178,P002,2025-09-01,1,3,150,50.0
H0178_P002_202511,H0178,P002,2025-11-01,1,1,29,29.0
H0178_P002_202512,H0178,P002,2025-12-01,1,1,55,55.0
H0178_P002_202603,H0178,P002,2026-03-01,1,1,35,35.0
H0178_P003_202510,H0178,P003,2025-10-01,1,1,24,24.0
H0178_P003_202603,H0178,P003,2026-03-01,1,2,80,40.0
H0178_P004_202506,H0178,P004,2025-06-01,1,1,26,26.0
H0178_P004_202507,H0178,P004,2025-07-01,1,1,29,29.0
H0178_P004_202510,H0178,P004,2025-10-01,1,1,35,35.0
H0178_P004_202602,H0178,P004,2026-02-01,1,1,39,39.0
H0179_P002_202509,H0179,P002,2025-09-01,1,2,110,55.0
H0179_P002_202512,H0179,P002,2025-12-01,1,1,31,31.0
H0179_P003_202506,H0179,P003,2025-06-01,1,1,58,58.0
H0179_P003_202603,H0179,P003,2026-03-01,1,1,41,41.0
H0179_P004_202506,H0179,P004,2025-06-01,1,2,64,32.0
H0179_P004_202507,H0179,P004,2025-07-01,1,1,20,20.0
H0179_P004_202510,H0179,P004,2025-10-01,1,2,100,50.0
H0179_P004_202511,H0179,P004,2025-11-01,1,1,40,40.0
H0179_P004_202512,H0179,P004,2025-12-01,1,1,20,20.0
H0179_P004_202601,H0179,P004,2026-01-01,1,1,60,60.0
H0179_P004_202602,H0179,P004,2026-02-01,1,1,38,38.0
H0179_P005_202511,H0179,P005,2025-11-01,1,1,25,25.0
H0179_P005_202601,H0179,P005,2026-01-01,1,1,26,26.0
H0180_P002_202507,H0180,P002,2025-07-01,1,1,49,49.0
H0180_P002_202603,H0180,P002,2026-03-01,1,1,26,26.0
H0181_P001_202506,H0181,P001,2025-06-01,1,5,115,23.0
H0181_P001_202507,H0181,P001,2025-07-01,1,5,105,21.0
H0181_P001_202508,H0181,P001,2025-08-01,1,3,93,31.0
H0181_P001_202509,H0181,P001,2025-09-01,1,7,245,35.0
H0181_P001_202510,H0181,P001,2025-10-01,1,5,255,51.0
H0181_P001_202511,H0181,P001,2025-11-01,1,3,96,32.0
H0181_P001_202512,H0181,P001,2025-12-01,1,3,180,60.0
H0181_P001_202601,H0181,P001,2026-01-01,1,7,378,54.0
H0181_P001_202602,H0181,P001,2026-02-01,1,4,164,41.0
H0181_P001_202603,H0181,P001,2026-03-01,1,3,147,49.0
H0181_P002_202506,H0181,P002,2025-06-01,1,2,106,53.0
H0181_P002_202507,H0181,P002,2025-07-01,1,4,92,23.0
H0181_P002_202508,H0181,P002,2025-08-01,1,9,225,25.0
H0181_P002_202509,H0181,P002,2025-09-01,1,2,62,31.0
H0181_P002_202510,H0181,P002,2025-10-01,1,2,110,55.0
H0181_P002_202511,H0181,P002,2025-11-01,1,5,290,58.0
H0181_P002_202512,H0181,P002,2025-12-01,1,3,78,26.0
H0181_P002_202601,H0181,P002,2026-01-01,1,1,31,31.0
H0181_P002_202602,H0181,P002,2026-02-01,1,3,117,39.0
H0181_P002_202603,H0181,P002,2026-03-01,1,1,44,44.0
H0181_P003_202506,H0181,P003,2025-06-01,1,1,52,52.0
H0181_P003_202507,H0181,P003,2025-07-01,1,11,594,54.0
H0181_P003_202508,H0181,P003,2025-08-01,1,2,80,40.0
H0181_P003_202509,H0181,P003,2025-09-01,1,9,486,54.0
H0181_P003_202510,H0181,P003,2025-10-01,1,6,306,51.0
H0181_P003_202511,H0181,P003,2025-11-01,1,7,231,33.0
H0181_P003_202512,H0181,P003,2025-12-01,1,6,288,48.0
H0181_P003_202601,H0181,P003,2026-01-01,1,1,53,53.0
H0181_P003_202602,H0181,P003,2026-02-01,1,7,210,30.0
H0181_P003_202603,H0181,P003,2026-03-01,1,3,102,34.0
H0181_P004_202506,H0181,P004,2025-06-01,1,7,161,23.0
H0181_P004_202507,H0181,P004,2025-07-01,1,6,162,27.0
H0181_P004_202508,H0181,P004,2025-08-01,1,7,308,44.0
H0181_P004_202509,H0181,P004,2025-09-01,1,13,351,27.0
H0181_P004_202510,H0181,P004,2025-10-01,1,7,385,55.0
H0181_P004_202511,H0181,P004,2025-11-01,1,9,243,27.0
H0181_P004_202512,H0181,P004,2025-12-01,1,5,230,46.0
H0181_P004_202601,H0181,P004,2026-01-01,1,10,280,28.0
H0181_P004_202602,H0181,P004,2026-02-01,1,7,420,60.0
H0181_P004_202603,H0181,P004,2026-03-01,1,8,200,25.0
H0181_P005_202507,H0181,P005,2025-07-01,1,1,47,47.0
H0181_P005_202508,H0181,P005,2025-08-01,1,3,153,51.0
H0181_P005_202509,H0181,P005,2025-09-01,1,1,39,39.0
H0181_P005_202511,H0181,P005,2025-11-01,1,1,33,33.0
H0181_P005_202602,H0181,P005,2026-02-01,1,2,44,22.0
H0181_P005_202603,H0181,P005,2026-03-01,1,1,41,41.0
H0182_P001_202506,H0182,P001,2025-06-01,1,2,48,24.0
H0182_P001_202507,H0182,P001,2025-07-01,1,1,25,25.0
H0182_P001_202508,H0182,P001,2025-08-01,1,2,74,37.0
H0182_P001_202509,H0182,P001,2025-09-01,1,3,138,46.0
H0182_P001_202510,H0182,P001,2025-10-01,1,1,33,33.0
H0182_P001_202511,H0182,P001,2025-11-01,1,3,135,45.0
H0182_P001_202512,H0182,P001,2025-12-01,1,1,40,40.0
H0182_P001_202601,H0182,P001,2026-01-01,1,3,81,27.0
H0182_P001_202602,H0182,P001,2026-02-01,1,1,25,25.0
H0182_P001_202603,H0182,P001,2026-03-01,1,2,112,56.0
H0182_P002_202509,H0182,P002,2025-09-01,1,1,50,50.0
H0182_P002_202511,H0182,P002,2025-11-01,1,1,26,26.0
H0182_P002_202512,H0182,P002,2025-12-01,1,3,114,38.0
H0182_P002_202602,H0182,P002,2026-02-01,1,2,40,20.0
H0182_P002_202603,H0182,P002,2026-03-01,1,2,70,35.0
H0182_P003_202506,H0182,P003,2025-06-01,1,2,88,44.0
H0182_P003_202507,H0182,P003,2025-07-01,1,3,93,31.0
H0182_P003_202508,H0182,P003,2025-08-01,1,5,190,38.0
H0182_P003_202509,H0182,P003,2025-09-01,1,3,144,48.0
H0182_P003_202510,H0182,P003,2025-10-01,1,1,20,20.0
H0182_P003_202511,H0182,P003,2025-11-01,1,2,60,30.0
H0182_P003_202512,H0182,P003,2025-12-01,1,3,135,45.0
H0182_P003_202601,H0182,P003,2026-01-01,1,1,46,46.0
H0182_P003_202602,H0182,P003,2026-02-01,1,5,265,53.0
H0182_P003_202603,H0182,P003,2026-03-01,1,3,81,27.0
H0182_P004_202509,H0182,P004,2025-09-01,1,1,24,24.0
H0182_P005_202506,H0182,P005,2025-06-01,1,1,56,56.0
H0182_P005_202507,H0182,P005,2025-07-01,1,1,36,36.0
H0182_P005_202508,H0182,P005,2025-08-01,1,1,56,56.0
H0182_P005_202509,H0182,P005,2025-09-01,1,1,44,44.0
H0182_P005_202601,H0182,P005,2026-01-01,1,2,106,53.0
H0183_P001_202506,H0183,P001,2025-06-01,1,3,147,49.0
H0183_P001_202508,H0183,P001,2025-08-01,1,1,23,23.0
H0183_P001_202509,H0183,P001,2025-09-01,1,5,110,22.0
H0183_P001_202510,H0183,P001,2025-10-01,1,5,185,37.0
H0183_P001_202511,H0183,P001,2025-11-01,1,1,28,28.0
H0183_P001_202512,H0183,P001,2025-12-01,1,2,60,30.0
H0183_P001_202601,H0183,P001,2026-01-01,1,1,43,43.0
H0183_P002_202506,H0183,P002,2025-06-01,1,2,106,53.0
H0183_P002_202507,H0183,P002,2025-07-01,1,4,136,34.0
H0183_P002_202508,H0183,P002,2025-08-01,1,2,52,26.0
H0183_P002_202509,H0183,P002,2025-09-01,1,7,266,38.0
H0183_P002_202510,H0183,P002,2025-10-01,1,2,66,33.0
H0183_P002_202511,H0183,P002,2025-11-01,1,7,399,57.0
H0183_P002_202512,H0183,P002,2025-12-01,1,5,150,30.0
H0183_P002_202601,H0183,P002,2026-01-01,1,5,120,24.0
H0183_P002_202602,H0183,P002,2026-02-01,1,3,153,51.0
H0183_P002_202603,H0183,P002,2026-03-01,1,2,110,55.0
H0183_P003_202507,H0183,P003,2025-07-01,1,1,41,41.0
H0183_P003_202508,H0183,P003,2025-08-01,1,1,42,42.0
H0183_P003_202509,H0183,P003,2025-09-01,1,1,52,52.0
H0183_P003_202510,H0183,P003,2025-10-01,1,1,50,50.0
H0183_P003_202511,H0183,P003,2025-11-01,1,2,90,45.0
H0183_P003_202512,H0183,P003,2025-12-01,1,2,110,55.0
H0183_P003_202601,H0183,P003,2026-01-01,1,4,112,28.0
H0183_P003_202603,H0183,P003,2026-03-01,1,2,50,25.0
H0183_P004_202506,H0183,P004,2025-06-01,1,2,58,29.0
H0183_P004_202507,H0183,P004,2025-07-01,1,1,44,44.0
H0183_P004_202508,H0183,P004,2025-08-01,1,1,32,32.0
H0183_P004_202509,H0183,P004,2025-09-01,1,1,26,26.0
H0183_P004_202511,H0183,P004,2025-11-01,1,2,116,58.0
H0183_P004_202512,H0183,P004,2025-12-01,1,1,46,46.0
H0183_P004_202601,H0183,P004,2026-01-01,1,1,41,41.0
H0183_P004_202602,H0183,P004,2026-02-01,1,1,51,51.0
H0183_P005_202506,H0183,P005,2025-06-01,1,1,32,32.0
H0183_P005_202508,H0183,P005,2025-08-01,1,2,86,43.0
H0183_P005_202509,H0183,P005,2025-09-01,1,1,24,24.0
H0183_P005_202601,H0183,P005,2026-01-01,1,2,54,27.0
H0183_P005_202602,H0183,P005,2026-02-01,1,2,84,42.0
H0184_P001_202508,H0184,P001,2025-08-01,1,1,55,55.0
H0184_P001_202509,H0184,P001,2025-09-01,1,2,106,53.0
H0184_P001_202512,H0184,P001,2025-12-01,1,1,48,48.0
H0185_P001_202506,H0185,P001,2025-06-01,1,2,70,35.0
H0185_P001_202507,H0185,P001,2025-07-01,1,3,114,38.0
H0185_P001_202508,H0185,P001,2025-08-01,1,3,114,38.0
H0185_P001_202509,H0185,P001,2025-09-01,1,1,53,53.0
H0185_P001_202510,H0185,P001,2025-10-01,1,3,165,55.0
H0185_P001_202511,H0185,P001,2025-11-01,1,2,70,35.0
H0185_P001_202512,H0185,P001,2025-12-01,1,2,102,51.0
H0185_P001_202601,H0185,P001,2026-01-01,1,2,84,42.0
H0185_P001_202602,H0185,P001,2026-02-01,1,5,125,25.0
H0185_P001_202603,H0185,P001,2026-03-01,1,4,220,55.0
H0185_P002_202506,H0185,P002,2025-06-01,1,2,98,49.0
H0185_P002_202507,H0185,P002,2025-07-01,1,8,480,60.0
H0185_P002_202508,H0185,P002,2025-08-01,1,2,98,49.0
H0185_P002_202509,H0185,P002,2025-09-01,1,7,259,37.0
H0185_P002_202510,H0185,P002,2025-10-01,1,3,114,38.0
H0185_P002_202511,H0185,P002,2025-11-01,1,8,216,27.0
H0185_P002_202512,H0185,P002,2025-12-01,1,3,153,51.0
H0185_P002_202601,H0185,P002,2026-01-01,1,3,87,29.0
H0185_P002_202602,H0185,P002,2026-02-01,1,4,216,54.0
H0185_P002_202603,H0185,P002,2026-03-01,1,1,54,54.0
H0185_P003_202506,H0185,P003,2025-06-01,1,1,50,50.0
H0185_P003_202510,H0185,P003,2025-10-01,1,1,22,22.0
H0185_P003_202511,H0185,P003,2025-11-01,1,2,72,36.0
H0185_P003_202512,H0185,P003,2025-12-01,1,1,51,51.0
H0185_P003_202602,H0185,P003,2026-02-01,1,1,38,38.0
H0185_P004_202506,H0185,P004,2025-06-01,1,2,108,54.0
H0185_P004_202508,H0185,P004,2025-08-01,1,1,32,32.0
H0185_P004_202509,H0185,P004,2025-09-01,1,7,259,37.0
H0185_P004_202510,H0185,P004,2025-10-01,1,3,114,38.0
H0185_P004_202511,H0185,P004,2025-11-01,1,3,126,42.0
H0185_P004_202601,H0185,P004,2026-01-01,1,2,60,30.0
H0185_P004_202602,H0185,P004,2026-02-01,1,3,75,25.0
H0185_P004_202603,H0185,P004,2026-03-01,1,2,50,25.0
H0185_P005_202506,H0185,P005,2025-06-01,1,6,300,50.0
H0185_P005_202507,H0185,P005,2025-07-01,1,7,364,52.0
H0185_P005_202508,H0185,P005,2025-08-01,1,3,60,20.0
H0185_P005_202509,H0185,P005,2025-09-01,1,3,105,35.0
H0185_P005_202510,H0185,P005,2025-10-01,1,7,168,24.0
H0185_P005_202511,H0185,P005,2025-11-01,1,8,472,59.0
H0185_P005_202512,H0185,P005,2025-12-01,1,6,132,22.0
H0185_P005_202601,H0185,P005,2026-01-01,1,3,138,46.0
H0185_P005_202602,H0185,P005,2026-02-01,1,1,53,53.0
H0185_P005_202603,H0185,P005,2026-03-01,1,6,174,29.0
H0186_P001_202506,H0186,P001,2025-06-01,1,1,42,42.0
H0186_P001_202507,H0186,P001,2025-07-01,1,2,104,52.0
H0186_P001_202508,H0186,P001,2025-08-01,1,2,76,38.0
H0186_P001_202509,H0186,P001,2025-09-01,1,1,38,38.0
H0186_P001_202510,H0186,P001,2025-10-01,1,1,36,36.0
H0186_P001_202511,H0186,P001,2025-11-01,1,1,28,28.0
H0186_P001_202512,H0186,P001,2025-12-01,1,1,24,24.0
H0186_P001_202603,H0186,P001,2026-03-01,1,1,43,43.0
H0186_P002_202506,H0186,P002,2025-06-01,1,4,164,41.0
H0186_P002_202507,H0186,P002,2025-07-01,1,6,204,34.0
H0186_P002_202508,H0186,P002,2025-08-01,1,3,108,36.0
H0186_P002_202509,H0186,P002,2025-09-01,1,3,126,42.0
H0186_P002_202510,H0186,P002,2025-10-01,1,7,210,30.0
H0186_P002_202511,H0186,P002,2025-11-01,1,4,156,39.0
H0186_P002_202512,H0186,P002,2025-12-01,1,4,224,56.0
H0186_P002_202601,H0186,P002,2026-01-01,1,6,348,58.0
H0186_P002_202602,H0186,P002,2026-02-01,1,5,225,45.0
H0186_P002_202603,H0186,P002,2026-03-01,1,5,165,33.0
H0186_P003_202507,H0186,P003,2025-07-01,1,1,40,40.0
H0186_P003_202508,H0186,P003,2025-08-01,1,1,44,44.0
H0186_P003_202509,H0186,P003,2025-09-01,1,1,24,24.0
H0186_P003_202511,H0186,P003,2025-11-01,1,1,21,21.0
H0186_P003_202601,H0186,P003,2026-01-01,1,1,32,32.0
H0186_P003_202602,H0186,P003,2026-02-01,1,1,50,50.0
H0186_P004_202506,H0186,P004,2025-06-01,1,4,232,58.0
H0186_P004_202507,H0186,P004,2025-07-01,1,8,304,38.0
H0186_P004_202508,H0186,P004,2025-08-01,1,5,230,46.0
H0186_P004_202509,H0186,P004,2025-09-01,1,3,135,45.0
H0186_P004_202510,H0186,P004,2025-10-01,1,7,182,26.0
H0186_P004_202511,H0186,P004,2025-11-01,1,4,240,60.0
H0186_P004_202512,H0186,P004,2025-12-01,1,6,246,41.0
H0186_P004_202601,H0186,P004,2026-01-01,1,5,285,57.0
H0186_P004_202602,H0186,P004,2026-02-01,1,6,132,22.0
H0186_P004_202603,H0186,P004,2026-03-01,1,2,86,43.0
H0186_P005_202506,H0186,P005,2025-06-01,1,3,126,42.0
H0186_P005_202507,H0186,P005,2025-07-01,1,3,141,47.0
H0186_P005_202508,H0186,P005,2025-08-01,1,2,58,29.0
H0186_P005_202509,H0186,P005,2025-09-01,1,4,208,52.0
H0186_P005_202510,H0186,P005,2025-10-01,1,7,238,34.0
H0186_P005_202511,H0186,P005,2025-11-01,1,10,500,50.0
H0186_P005_202512,H0186,P005,2025-12-01,1,3,105,35.0
H0186_P005_202601,H0186,P005,2026-01-01,1,5,265,53.0
H0186_P005_202602,H0186,P005,2026-02-01,1,3,60,20.0
H0186_P005_202603,H0186,P005,2026-03-01,1,7,308,44.0
H0187_P002_202506,H0187,P002,2025-06-01,1,1,39,39.0
H0187_P002_202509,H0187,P002,2025-09-01,1,1,37,37.0
H0187_P002_202511,H0187,P002,2025-11-01,1,1,57,57.0
H0187_P004_202507,H0187,P004,2025-07-01,1,2,90,45.0
H0187_P004_202508,H0187,P004,2025-08-01,1,1,60,60.0
H0187_P004_202509,H0187,P004,2025-09-01,1,1,32,32.0
H0187_P004_202601,H0187,P004,2026-01-01,1,1,58,58.0
H0187_P004_202602,H0187,P004,2026-02-01,1,1,56,56.0
H0189_P001_202506,H0189,P001,2025-06-01,1,7,259,37.0
H0189_P001_202507,H0189,P001,2025-07-01,1,2,66,33.0
H0189_P001_202508,H0189,P001,2025-08-01,1,4,180,45.0
H0189_P001_202509,H0189,P001,2025-09-01,1,5,200,40.0
H0189_P001_202510,H0189,P001,2025-10-01,1,7,161,23.0
H0189_P001_202511,H0189,P001,2025-11-01,1,1,35,35.0
H0189_P001_202512,H0189,P001,2025-12-01,1,3,129,43.0
H0189_P001_202601,H0189,P001,2026-01-01,1,2,40,20.0
H0189_P001_202602,H0189,P001,2026-02-01,1,3,114,38.0
H0189_P001_202603,H0189,P001,2026-03-01,1,4,224,56.0
H0189_P002_202506,H0189,P002,2025-06-01,1,6,186,31.0
H0189_P002_202507,H0189,P002,2025-07-01,1,4,224,56.0
H0189_P002_202508,H0189,P002,2025-08-01,1,3,126,42.0
H0189_P002_202509,H0189,P002,2025-09-01,1,3,84,28.0
H0189_P002_202510,H0189,P002,2025-10-01,1,8,416,52.0
H0189_P002_202511,H0189,P002,2025-11-01,1,7,329,47.0
H0189_P002_202512,H0189,P002,2025-12-01,1,3,138,46.0
H0189_P002_202601,H0189,P002,2026-01-01,1,6,246,41.0
H0189_P002_202602,H0189,P002,2026-02-01,1,3,126,42.0
H0189_P002_202603,H0189,P002,2026-03-01,1,3,159,53.0
H0189_P003_202506,H0189,P003,2025-06-01,1,7,350,50.0
H0189_P003_202507,H0189,P003,2025-07-01,1,3,123,41.0
H0189_P003_202508,H0189,P003,2025-08-01,1,6,216,36.0
H0189_P003_202509,H0189,P003,2025-09-01,1,2,98,49.0
H0189_P003_202511,H0189,P003,2025-11-01,1,6,282,47.0
H0189_P003_202512,H0189,P003,2025-12-01,1,5,105,21.0
H0189_P003_202601,H0189,P003,2026-01-01,1,5,170,34.0
H0189_P003_202602,H0189,P003,2026-02-01,1,2,108,54.0
H0189_P003_202603,H0189,P003,2026-03-01,1,3,102,34.0
H0189_P004_202506,H0189,P004,2025-06-01,1,1,41,41.0
H0189_P004_202507,H0189,P004,2025-07-01,1,2,90,45.0
H0189_P004_202508,H0189,P004,2025-08-01,1,3,141,47.0
H0189_P004_202509,H0189,P004,2025-09-01,1,2,120,60.0
H0189_P004_202510,H0189,P004,2025-10-01,1,1,42,42.0
H0189_P004_202511,H0189,P004,2025-11-01,1,2,64,32.0
H0189_P004_202601,H0189,P004,2026-01-01,1,3,105,35.0
H0189_P004_202603,H0189,P004,2026-03-01,1,3,75,25.0
H0189_P005_202506,H0189,P005,2025-06-01,1,1,25,25.0
H0189_P005_202507,H0189,P005,2025-07-01,1,1,29,29.0
H0189_P005_202508,H0189,P005,2025-08-01,1,1,57,57.0
H0189_P005_202509,H0189,P005,2025-09-01,1,1,30,30.0
H0189_P005_202510,H0189,P005,2025-10-01,1,1,54,54.0
H0189_P005_202511,H0189,P005,2025-11-01,1,3,129,43.0
H0189_P005_202512,H0189,P005,2025-12-01,1,4,136,34.0
H0189_P005_202601,H0189,P005,2026-01-01,1,1,28,28.0
H0190_P001_202602,H0190,P001,2026-02-01,1,1,26,26.0
H0190_P002_202509,H0190,P002,2025-09-01,1,1,35,35.0
H0190_P002_202603,H0190,P002,2026-03-01,1,1,25,25.0
H0190_P003_202506,H0190,P003,2025-06-01,1,2,88,44.0
H0190_P003_202507,H0190,P003,2025-07-01,1,2,80,40.0
H0190_P003_202509,H0190,P003,2025-09-01,1,2,52,26.0
H0190_P003_202510,H0190,P003,2025-10-01,1,4,220,55.0
H0190_P003_202511,H0190,P003,2025-11-01,1,1,54,54.0
H0190_P003_202512,H0190,P003,2025-12-01,1,1,57,57.0
H0190_P003_202601,H0190,P003,2026-01-01,1,3,177,59.0
H0190_P003_202602,H0190,P003,2026-02-01,1,3,168,56.0
H0190_P003_202603,H0190,P003,2026-03-01,1,2,40,20.0
H0190_P004_202506,H0190,P004,2025-06-01,1,3,84,28.0
H0190_P004_202507,H0190,P004,2025-07-01,1,8,200,25.0
H0190_P004_202508,H0190,P004,2025-08-01,1,4,80,20.0
H0190_P004_202509,H0190,P004,2025-09-01,1,2,54,27.0
H0190_P004_202510,H0190,P004,2025-10-01,1,3,111,37.0
H0190_P004_202511,H0190,P004,2025-11-01,1,4,100,25.0
H0190_P004_202512,H0190,P004,2025-12-01,1,4,188,47.0
H0190_P004_202601,H0190,P004,2026-01-01,1,6,294,49.0
H0190_P004_202602,H0190,P004,2026-02-01,1,4,232,58.0
H0190_P004_202603,H0190,P004,2026-03-01,1,6,126,21.0
H0190_P005_202506,H0190,P005,2025-06-01,1,1,40,40.0
H0190_P005_202507,H0190,P005,2025-07-01,1,2,86,43.0
H0190_P005_202508,H0190,P005,2025-08-01,1,1,42,42.0
H0190_P005_202509,H0190,P005,2025-09-01,1,3,60,20.0
H0190_P005_202510,H0190,P005,2025-10-01,1,1,49,49.0
H0190_P005_202601,H0190,P005,2026-01-01,1,1,59,59.0
H0190_P005_202602,H0190,P005,2026-02-01,1,1,21,21.0
H0190_P005_202603,H0190,P005,2026-03-01,1,1,43,43.0
H0191_P001_202506,H0191,P001,2025-06-01,1,2,118,59.0
H0191_P001_202509,H0191,P001,2025-09-01,1,1,24,24.0
H0191_P001_202510,H0191,P001,2025-10-01,1,1,30,30.0
H0191_P001_202602,H0191,P001,2026-02-01,1,1,35,35.0
H0191_P001_202603,H0191,P001,2026-03-01,1,1,24,24.0
H0191_P003_202602,H0191,P003,2026-02-01,1,1,44,44.0
H0191_P004_202511,H0191,P004,2025-11-01,1,1,27,27.0
H0191_P004_202603,H0191,P004,2026-03-01,1,1,21,21.0
H0191_P005_202506,H0191,P005,2025-06-01,1,1,34,34.0
H0191_P005_202507,H0191,P005,2025-07-01,1,1,37,37.0
H0191_P005_202508,H0191,P005,2025-08-01,1,1,24,24.0
H0191_P005_202511,H0191,P005,2025-11-01,1,3,132,44.0
H0191_P005_202601,H0191,P005,2026-01-01,1,1,47,47.0
H0191_P005_202603,H0191,P005,2026-03-01,1,2,102,51.0
H0192_P001_202507,H0192,P001,2025-07-01,1,1,33,33.0
H0192_P001_202509,H0192,P001,2025-09-01,1,1,47,47.0
H0192_P001_202511,H0192,P001,2025-11-01,1,1,34,34.0
H0192_P002_202507,H0192,P002,2025-07-01,1,1,29,29.0
H0192_P002_202509,H0192,P002,2025-09-01,1,1,34,34.0
H0192_P002_202510,H0192,P002,2025-10-01,1,1,51,51.0
H0192_P002_202511,H0192,P002,2025-11-01,1,1,26,26.0
H0192_P002_202601,H0192,P002,2026-01-01,1,1,55,55.0
H0192_P003_202510,H0192,P003,2025-10-01,1,1,47,47.0
H0192_P004_202506,H0192,P004,2025-06-01,1,1,51,51.0
H0192_P004_202512,H0192,P004,2025-12-01,1,1,22,22.0
H0192_P005_202509,H0192,P005,2025-09-01,1,2,56,28.0
H0192_P005_202510,H0192,P005,2025-10-01,1,2,64,32.0
H0192_P005_202511,H0192,P005,2025-11-01,1,1,37,37.0
H0193_P001_202506,H0193,P001,2025-06-01,1,4,124,31.0
H0193_P001_202507,H0193,P001,2025-07-01,1,3,99,33.0
H0193_P001_202508,H0193,P001,2025-08-01,1,3,162,54.0
H0193_P001_202509,H0193,P001,2025-09-01,1,1,42,42.0
H0193_P001_202510,H0193,P001,2025-10-01,1,2,42,21.0
H0193_P001_202511,H0193,P001,2025-11-01,1,6,342,57.0
H0193_P001_202512,H0193,P001,2025-12-01,1,2,116,58.0
H0193_P001_202601,H0193,P001,2026-01-01,1,1,58,58.0
H0193_P001_202602,H0193,P001,2026-02-01,1,2,92,46.0
H0193_P001_202603,H0193,P001,2026-03-01,1,5,190,38.0
H0193_P002_202506,H0193,P002,2025-06-01,1,1,53,53.0
H0193_P002_202510,H0193,P002,2025-10-01,1,1,20,20.0
H0193_P002_202602,H0193,P002,2026-02-01,1,1,54,54.0
H0193_P002_202603,H0193,P002,2026-03-01,1,1,43,43.0
H0193_P003_202506,H0193,P003,2025-06-01,1,1,58,58.0
H0193_P003_202507,H0193,P003,2025-07-01,1,3,144,48.0
H0193_P003_202508,H0193,P003,2025-08-01,1,3,93,31.0
H0193_P003_202510,H0193,P003,2025-10-01,1,1,40,40.0
H0193_P003_202511,H0193,P003,2025-11-01,1,1,57,57.0
H0193_P003_202512,H0193,P003,2025-12-01,1,2,68,34.0
H0193_P003_202601,H0193,P003,2026-01-01,1,1,35,35.0
H0193_P003_202602,H0193,P003,2026-02-01,1,1,35,35.0
H0193_P004_202506,H0193,P004,2025-06-01,1,1,52,52.0
H0193_P004_202507,H0193,P004,2025-07-01,1,3,69,23.0
H0193_P004_202509,H0193,P004,2025-09-01,1,1,53,53.0
H0193_P004_202510,H0193,P004,2025-10-01,1,2,70,35.0
H0193_P004_202512,H0193,P004,2025-12-01,1,2,82,41.0
H0193_P004_202601,H0193,P004,2026-01-01,1,2,80,40.0
H0193_P004_202602,H0193,P004,2026-02-01,1,3,150,50.0
H0193_P004_202603,H0193,P004,2026-03-01,1,3,174,58.0
H0193_P005_202509,H0193,P005,2025-09-01,1,1,22,22.0
H0194_P001_202506,H0194,P001,2025-06-01,1,1,42,42.0
H0194_P001_202512,H0194,P001,2025-12-01,1,1,28,28.0
H0194_P001_202601,H0194,P001,2026-01-01,1,1,20,20.0
H0194_P001_202603,H0194,P001,2026-03-01,1,2,66,33.0
H0194_P002_202508,H0194,P002,2025-08-01,1,2,74,37.0
H0194_P002_202509,H0194,P002,2025-09-01,1,1,26,26.0
H0194_P002_202512,H0194,P002,2025-12-01,1,1,50,50.0
H0194_P002_202601,H0194,P002,2026-01-01,1,1,33,33.0
H0194_P003_202506,H0194,P003,2025-06-01,1,1,28,28.0
H0194_P003_202508,H0194,P003,2025-08-01,1,2,40,20.0
H0194_P003_202601,H0194,P003,2026-01-01,1,1,29,29.0
H0194_P003_202602,H0194,P003,2026-02-01,1,1,51,51.0
H0194_P004_202506,H0194,P004,2025-06-01,1,1,56,56.0
H0194_P004_202507,H0194,P004,2025-07-01,1,3,141,47.0
H0194_P004_202508,H0194,P004,2025-08-01,1,1,54,54.0
H0194_P004_202510,H0194,P004,2025-10-01,1,2,68,34.0
H0194_P004_202511,H0194,P004,2025-11-01,1,3,102,34.0
H0194_P004_202512,H0194,P004,2025-12-01,1,2,112,56.0
H0194_P004_202601,H0194,P004,2026-01-01,1,1,49,49.0
H0194_P004_202603,H0194,P004,2026-03-01,1,5,260,52.0
H0194_P005_202506,H0194,P005,2025-06-01,1,1,29,29.0
H0194_P005_202508,H0194,P005,2025-08-01,1,2,70,35.0
H0194_P005_202509,H0194,P005,2025-09-01,1,1,42,42.0
H0194_P005_202510,H0194,P005,2025-10-01,1,2,52,26.0
H0194_P005_202511,H0194,P005,2025-11-01,1,2,82,41.0
H0194_P005_202601,H0194,P005,2026-01-01,1,1,44,44.0
H0194_P005_202602,H0194,P005,2026-02-01,1,3,147,49.0
H0194_P005_202603,H0194,P005,2026-03-01,1,2,76,38.0
H0195_P001_202509,H0195,P001,2025-09-01,1,1,53,53.0
H0195_P001_202512,H0195,P001,2025-12-01,1,1,58,58.0
H0195_P001_202601,H0195,P001,2026-01-01,1,1,46,46.0
H0195_P002_202506,H0195,P002,2025-06-01,1,1,21,21.0
H0195_P002_202507,H0195,P002,2025-07-01,1,1,44,44.0
H0195_P002_202512,H0195,P002,2025-12-01,1,1,32,32.0
H0195_P003_202508,H0195,P003,2025-08-01,1,2,116,58.0
H0195_P003_202509,H0195,P003,2025-09-01,1,1,35,35.0
H0195_P003_202603,H0195,P003,2026-03-01,1,2,88,44.0
H0195_P004_202506,H0195,P004,2025-06-01,1,2,50,25.0
H0195_P004_202512,H0195,P004,2025-12-01,1,1,27,27.0
H0195_P004_202603,H0195,P004,2026-03-01,1,1,21,21.0
H0195_P005_202507,H0195,P005,2025-07-01,1,1,39,39.0
H0195_P005_202508,H0195,P005,2025-08-01,1,1,53,53.0
H0195_P005_202510,H0195,P005,2025-10-01,1,1,38,38.0
H0195_P005_202511,H0195,P005,2025-11-01,1,3,177,59.0
H0195_P005_202512,H0195,P005,2025-12-01,1,2,102,51.0
H0195_P005_202601,H0195,P005,2026-01-01,1,3,174,58.0
H0195_P005_202602,H0195,P005,2026-02-01,1,2,86,43.0
H0195_P005_202603,H0195,P005,2026-03-01,1,2,118,59.0
H0196_P001_202507,H0196,P001,2025-07-01,1,2,42,21.0
H0196_P001_202508,H0196,P001,2025-08-01,1,2,80,40.0
H0196_P001_202509,H0196,P001,2025-09-01,1,1,26,26.0
H0196_P001_202511,H0196,P001,2025-11-01,1,1,31,31.0
H0196_P001_202512,H0196,P001,2025-12-01,1,2,120,60.0
H0196_P001_202601,H0196,P001,2026-01-01,1,3,99,33.0
H0196_P001_202602,H0196,P001,2026-02-01,1,1,20,20.0
H0196_P002_202507,H0196,P002,2025-07-01,1,1,30,30.0
H0196_P002_202509,H0196,P002,2025-09-01,1,1,40,40.0
H0196_P002_202511,H0196,P002,2025-11-01,1,1,24,24.0
H0196_P002_202512,H0196,P002,2025-12-01,1,1,25,25.0
H0196_P002_202601,H0196,P002,2026-01-01,1,1,39,39.0
H0196_P002_202602,H0196,P002,2026-02-01,1,1,40,40.0
H0196_P003_202506,H0196,P003,2025-06-01,1,1,35,35.0
H0196_P003_202509,H0196,P003,2025-09-01,1,1,32,32.0
H0196_P003_202511,H0196,P003,2025-11-01,1,1,57,57.0
H0196_P003_202512,H0196,P003,2025-12-01,1,1,52,52.0
H0196_P004_202506,H0196,P004,2025-06-01,1,1,39,39.0
H0196_P004_202508,H0196,P004,2025-08-01,1,1,38,38.0
H0196_P004_202509,H0196,P004,2025-09-01,1,2,106,53.0
H0196_P004_202512,H0196,P004,2025-12-01,1,1,41,41.0
H0196_P004_202601,H0196,P004,2026-01-01,1,1,45,45.0
H0196_P004_202603,H0196,P004,2026-03-01,1,1,39,39.0
H0196_P005_202510,H0196,P005,2025-10-01,1,1,24,24.0
H0196_P005_202511,H0196,P005,2025-11-01,1,1,38,38.0
H0196_P005_202602,H0196,P005,2026-02-01,1,1,27,27.0
H0196_P005_202603,H0196,P005,2026-03-01,1,2,108,54.0
H0197_P001_202506,H0197,P001,2025-06-01,1,1,55,55.0
H0197_P001_202507,H0197,P001,2025-07-01,1,1,51,51.0
H0197_P001_202508,H0197,P001,2025-08-01,1,4,96,24.0
H0197_P001_202509,H0197,P001,2025-09-01,1,1,40,40.0
H0197_P001_202510,H0197,P001,2025-10-01,1,2,96,48.0
H0197_P001_202511,H0197,P001,2025-11-01,1,1,20,20.0
H0197_P001_202512,H0197,P001,2025-12-01,1,3,180,60.0
H0197_P001_202601,H0197,P001,2026-01-01,1,3,171,57.0
H0197_P001_202602,H0197,P001,2026-02-01,1,3,75,25.0
H0197_P001_202603,H0197,P001,2026-03-01,1,3,81,27.0
H0197_P002_202508,H0197,P002,2025-08-01,1,2,106,53.0
H0197_P002_202511,H0197,P002,2025-11-01,1,1,35,35.0
H0197_P002_202512,H0197,P002,2025-12-01,1,2,46,23.0
H0197_P002_202601,H0197,P002,2026-01-01,1,2,108,54.0
H0197_P002_202602,H0197,P002,2026-02-01,1,1,28,28.0
H0197_P002_202603,H0197,P002,2026-03-01,1,3,147,49.0
H0197_P003_202506,H0197,P003,2025-06-01,1,1,29,29.0
H0197_P003_202507,H0197,P003,2025-07-01,1,2,66,33.0
H0197_P003_202508,H0197,P003,2025-08-01,1,3,105,35.0
H0197_P003_202511,H0197,P003,2025-11-01,1,2,54,27.0
H0197_P003_202512,H0197,P003,2025-12-01,1,1,35,35.0
H0197_P003_202601,H0197,P003,2026-01-01,1,1,40,40.0
H0197_P003_202602,H0197,P003,2026-02-01,1,1,48,48.0
H0197_P003_202603,H0197,P003,2026-03-01,1,3,96,32.0
H0197_P004_202509,H0197,P004,2025-09-01,1,3,138,46.0
H0197_P004_202510,H0197,P004,2025-10-01,1,1,57,57.0
H0197_P004_202603,H0197,P004,2026-03-01,1,1,45,45.0
H0197_P005_202506,H0197,P005,2025-06-01,1,2,102,51.0
H0197_P005_202508,H0197,P005,2025-08-01,1,1,43,43.0
H0197_P005_202509,H0197,P005,2025-09-01,1,2,66,33.0
H0197_P005_202510,H0197,P005,2025-10-01,1,1,21,21.0
H0197_P005_202512,H0197,P005,2025-12-01,1,1,39,39.0
H0197_P005_202601,H0197,P005,2026-01-01,1,1,52,52.0
H0197_P005_202602,H0197,P005,2026-02-01,1,1,22,22.0
H0198_P001_202506,H0198,P001,2025-06-01,1,1,27,27.0
H0198_P001_202507,H0198,P001,2025-07-01,1,2,76,38.0
H0198_P001_202508,H0198,P001,2025-08-01,1,7,315,45.0
H0198_P001_202509,H0198,P001,2025-09-01,1,3,150,50.0
H0198_P001_202510,H0198,P001,2025-10-01,1,2,46,23.0
H0198_P001_202511,H0198,P001,2025-11-01,1,2,52,26.0
H0198_P001_202512,H0198,P001,2025-12-01,1,3,60,20.0
H0198_P001_202601,H0198,P001,2026-01-01,1,3,168,56.0
H0198_P001_202602,H0198,P001,2026-02-01,1,1,23,23.0
H0198_P001_202603,H0198,P001,2026-03-01,1,5,135,27.0
H0198_P002_202506,H0198,P002,2025-06-01,1,4,140,35.0
H0198_P002_202507,H0198,P002,2025-07-01,1,1,42,42.0
H0198_P002_202508,H0198,P002,2025-08-01,1,4,104,26.0
H0198_P002_202509,H0198,P002,2025-09-01,1,1,54,54.0
H0198_P002_202510,H0198,P002,2025-10-01,1,1,41,41.0
H0198_P002_202511,H0198,P002,2025-11-01,1,3,93,31.0
H0198_P002_202512,H0198,P002,2025-12-01,1,2,102,51.0
H0198_P002_202601,H0198,P002,2026-01-01,1,2,108,54.0
H0198_P002_202602,H0198,P002,2026-02-01,1,1,50,50.0
H0198_P002_202603,H0198,P002,2026-03-01,1,1,43,43.0
H0198_P003_202506,H0198,P003,2025-06-01,1,5,290,58.0
H0198_P003_202507,H0198,P003,2025-07-01,1,7,189,27.0
H0198_P003_202508,H0198,P003,2025-08-01,1,1,39,39.0
H0198_P003_202509,H0198,P003,2025-09-01,1,4,220,55.0
H0198_P003_202510,H0198,P003,2025-10-01,1,3,156,52.0
H0198_P003_202511,H0198,P003,2025-11-01,1,5,300,60.0
H0198_P003_202512,H0198,P003,2025-12-01,1,2,72,36.0
H0198_P003_202601,H0198,P003,2026-01-01,1,3,141,47.0
H0198_P003_202602,H0198,P003,2026-02-01,1,5,255,51.0
H0198_P003_202603,H0198,P003,2026-03-01,1,2,60,30.0
H0198_P004_202508,H0198,P004,2025-08-01,1,1,46,46.0
H0198_P004_202509,H0198,P004,2025-09-01,1,3,69,23.0
H0198_P004_202512,H0198,P004,2025-12-01,1,1,22,22.0
H0198_P005_202506,H0198,P005,2025-06-01,1,2,44,22.0
H0198_P005_202507,H0198,P005,2025-07-01,1,3,177,59.0
H0198_P005_202508,H0198,P005,2025-08-01,1,4,176,44.0
H0198_P005_202509,H0198,P005,2025-09-01,1,5,210,42.0
H0198_P005_202510,H0198,P005,2025-10-01,1,6,192,32.0
H0198_P005_202511,H0198,P005,2025-11-01,1,2,112,56.0
H0198_P005_202512,H0198,P005,2025-12-01,1,3,102,34.0
H0198_P005_202602,H0198,P005,2026-02-01,1,3,168,56.0
H0198_P005_202603,H0198,P005,2026-03-01,1,4,192,48.0
H0199_P001_202507,H0199,P001,2025-07-01,1,1,46,46.0
H0199_P001_202508,H0199,P001,2025-08-01,1,1,31,31.0
H0199_P001_202510,H0199,P001,2025-10-01,1,1,53,53.0
H0199_P001_202512,H0199,P001,2025-12-01,1,1,39,39.0
H0199_P001_202601,H0199,P001,2026-01-01,1,1,30,30.0
H0199_P002_202506,H0199,P002,2025-06-01,1,2,78,39.0
H0199_P002_202507,H0199,P002,2025-07-01,1,3,150,50.0
H0199_P002_202508,H0199,P002,2025-08-01,1,1,48,48.0
H0199_P002_202510,H0199,P002,2025-10-01,1,1,42,42.0
H0199_P002_202511,H0199,P002,2025-11-01,1,2,84,42.0
H0199_P002_202512,H0199,P002,2025-12-01,1,1,44,44.0
H0199_P002_202601,H0199,P002,2026-01-01,1,1,47,47.0
H0199_P002_202602,H0199,P002,2026-02-01,1,1,54,54.0
H0199_P003_202506,H0199,P003,2025-06-01,1,1,25,25.0
H0199_P003_202507,H0199,P003,2025-07-01,1,3,144,48.0
H0199_P003_202508,H0199,P003,2025-08-01,1,2,40,20.0
H0199_P003_202509,H0199,P003,2025-09-01,1,1,39,39.0
H0199_P003_202510,H0199,P003,2025-10-01,1,2,110,55.0
H0199_P003_202511,H0199,P003,2025-11-01,1,5,200,40.0
H0199_P003_202512,H0199,P003,2025-12-01,1,1,39,39.0
H0199_P003_202601,H0199,P003,2026-01-01,1,1,33,33.0
H0199_P003_202602,H0199,P003,2026-02-01,1,4,172,43.0
H0199_P003_202603,H0199,P003,2026-03-01,1,1,26,26.0
H0199_P004_202506,H0199,P004,2025-06-01,1,2,106,53.0
H0199_P004_202508,H0199,P004,2025-08-01,1,1,50,50.0
H0199_P004_202510,H0199,P004,2025-10-01,1,1,58,58.0
H0199_P004_202603,H0199,P004,2026-03-01,1,2,54,27.0
H0199_P005_202506,H0199,P005,2025-06-01,1,3,150,50.0
H0199_P005_202507,H0199,P005,2025-07-01,1,3,120,40.0
H0199_P005_202508,H0199,P005,2025-08-01,1,3,90,30.0
H0199_P005_202509,H0199,P005,2025-09-01,1,1,20,20.0
H0199_P005_202510,H0199,P005,2025-10-01,1,1,37,37.0
H0199_P005_202511,H0199,P005,2025-11-01,1,2,60,30.0
H0199_P005_202512,H0199,P005,2025-12-01,1,3,126,42.0
H0199_P005_202601,H0199,P005,2026-01-01,1,5,270,54.0
H0199_P005_202602,H0199,P005,2026-02-01,1,1,37,37.0
H0199_P005_202603,H0199,P005,2026-03-01,1,2,86,43.0
H0200_P001_202506,H0200,P001,2025-06-01,1,1,57,57.0
H0200_P001_202510,H0200,P001,2025-10-01,1,1,50,50.0
H0200_P002_202508,H0200,P002,2025-08-01,1,1,28,28.0
H0200_P002_202512,H0200,P002,2025-12-01,1,1,46,46.0
H0200_P002_202601,H0200,P002,2026-01-01,1,2,64,32.0
H0200_P002_202602,H0200,P002,2026-02-01,1,1,29,29.0
H0200_P003_202506,H0200,P003,2025-06-01,1,5,295,59.0
H0200_P003_202507,H0200,P003,2025-07-01,1,2,112,56.0
H0200_P003_202508,H0200,P003,2025-08-01,1,1,50,50.0
H0200_P003_202509,H0200,P003,2025-09-01,1,4,80,20.0
H0200_P003_202510,H0200,P003,2025-10-01,1,4,100,25.0
H0200_P003_202511,H0200,P003,2025-11-01,1,6,204,34.0
H0200_P003_202512,H0200,P003,2025-12-01,1,3,120,40.0
H0200_P003_202601,H0200,P003,2026-01-01,1,3,111,37.0
H0200_P003_202602,H0200,P003,2026-02-01,1,2,50,25.0
H0200_P003_202603,H0200,P003,2026-03-01,1,6,282,47.0
H0200_P004_202506,H0200,P004,2025-06-01,1,3,96,32.0
H0200_P004_202507,H0200,P004,2025-07-01,1,1,27,27.0
H0200_P004_202508,H0200,P004,2025-08-01,1,5,130,26.0
H0200_P004_202509,H0200,P004,2025-09-01,1,5,180,36.0
H0200_P004_202510,H0200,P004,2025-10-01,1,4,220,55.0
H0200_P004_202511,H0200,P004,2025-11-01,1,2,108,54.0
H0200_P004_202512,H0200,P004,2025-12-01,1,2,42,21.0
H0200_P004_202601,H0200,P004,2026-01-01,1,2,68,34.0
H0200_P004_202602,H0200,P004,2026-02-01,1,3,108,36.0
H0200_P004_202603,H0200,P004,2026-03-01,1,3,66,22.0
H0200_P005_202510,H0200,P005,2025-10-01,1,1,41,41.0
H0200_P005_202603,H0200,P005,2026-03-01,1,1,43,43.0
H0201_P001_202507,H0201,P001,2025-07-01,1,1,57,57.0
H0201_P001_202508,H0201,P001,2025-08-01,1,3,129,43.0
H0201_P001_202512,H0201,P001,2025-12-01,1,1,39,39.0
H0201_P001_202601,H0201,P001,2026-01-01,1,1,41,41.0
H0201_P001_202602,H0201,P001,2026-02-01,1,2,86,43.0
H0201_P002_202506,H0201,P002,2025-06-01,1,3,147,49.0
H0201_P002_202507,H0201,P002,2025-07-01,1,3,126,42.0
H0201_P002_202510,H0201,P002,2025-10-01,1,2,108,54.0
H0201_P002_202512,H0201,P002,2025-12-01,1,4,212,53.0
H0201_P002_202602,H0201,P002,2026-02-01,1,1,35,35.0
H0201_P002_202603,H0201,P002,2026-03-01,1,1,48,48.0
H0201_P003_202506,H0201,P003,2025-06-01,1,1,55,55.0
H0201_P003_202508,H0201,P003,2025-08-01,1,1,40,40.0
H0201_P003_202509,H0201,P003,2025-09-01,1,1,26,26.0
H0201_P003_202510,H0201,P003,2025-10-01,1,2,44,22.0
H0201_P003_202512,H0201,P003,2025-12-01,1,1,50,50.0
H0201_P003_202601,H0201,P003,2026-01-01,1,2,116,58.0
H0201_P003_202603,H0201,P003,2026-03-01,1,2,106,53.0
H0201_P004_202506,H0201,P004,2025-06-01,1,2,72,36.0
H0201_P004_202507,H0201,P004,2025-07-01,1,1,32,32.0
H0201_P004_202510,H0201,P004,2025-10-01,1,1,27,27.0
H0201_P004_202601,H0201,P004,2026-01-01,1,1,37,37.0
H0201_P005_202506,H0201,P005,2025-06-01,1,1,39,39.0
H0201_P005_202507,H0201,P005,2025-07-01,1,1,43,43.0
H0201_P005_202508,H0201,P005,2025-08-01,1,2,86,43.0
H0201_P005_202510,H0201,P005,2025-10-01,1,3,66,22.0
H0201_P005_202512,H0201,P005,2025-12-01,1,2,50,25.0
H0201_P005_202601,H0201,P005,2026-01-01,1,1,49,49.0
H0201_P005_202602,H0201,P005,2026-02-01,1,2,48,24.0
H0202_P002_202508,H0202,P002,2025-08-01,1,3,180,60.0
H0202_P002_202509,H0202,P002,2025-09-01,1,1,41,41.0
H0202_P002_202512,H0202,P002,2025-12-01,1,1,58,58.0
H0203_P001_202506,H0203,P001,2025-06-01,1,2,70,35.0
H0203_P001_202511,H0203,P001,2025-11-01,1,1,48,48.0
H0203_P001_202512,H0203,P001,2025-12-01,1,1,58,58.0
H0203_P002_202506,H0203,P002,2025-06-01,1,2,96,48.0
H0203_P002_202507,H0203,P002,2025-07-01,1,1,32,32.0
H0203_P002_202508,H0203,P002,2025-08-01,1,1,51,51.0
H0203_P002_202509,H0203,P002,2025-09-01,1,3,147,49.0
H0203_P002_202510,H0203,P002,2025-10-01,1,3,111,37.0
H0203_P002_202511,H0203,P002,2025-11-01,1,1,31,31.0
H0203_P002_202512,H0203,P002,2025-12-01,1,1,57,57.0
H0203_P002_202601,H0203,P002,2026-01-01,1,3,126,42.0
H0203_P002_202602,H0203,P002,2026-02-01,1,1,20,20.0
H0203_P002_202603,H0203,P002,2026-03-01,1,1,46,46.0
H0203_P004_202508,H0203,P004,2025-08-01,1,2,88,44.0
H0203_P004_202510,H0203,P004,2025-10-01,1,2,118,59.0
H0203_P004_202511,H0203,P004,2025-11-01,1,1,53,53.0
H0203_P004_202512,H0203,P004,2025-12-01,1,2,110,55.0
H0203_P004_202602,H0203,P004,2026-02-01,1,2,52,26.0
H0203_P005_202506,H0203,P005,2025-06-01,1,2,108,54.0
H0203_P005_202508,H0203,P005,2025-08-01,1,3,162,54.0
H0203_P005_202510,H0203,P005,2025-10-01,1,2,78,39.0
H0203_P005_202511,H0203,P005,2025-11-01,1,2,80,40.0
H0203_P005_202512,H0203,P005,2025-12-01,1,3,78,26.0
H0203_P005_202601,H0203,P005,2026-01-01,1,3,126,42.0
H0203_P005_202602,H0203,P005,2026-02-01,1,2,84,42.0
H0203_P005_202603,H0203,P005,2026-03-01,1,1,33,33.0
H0204_P001_202506,H0204,P001,2025-06-01,1,1,22,22.0
H0204_P001_202507,H0204,P001,2025-07-01,1,4,240,60.0
H0204_P001_202508,H0204,P001,2025-08-01,1,3,144,48.0
H0204_P001_202509,H0204,P001,2025-09-01,1,1,45,45.0
H0204_P001_202510,H0204,P001,2025-10-01,1,1,43,43.0
H0204_P001_202511,H0204,P001,2025-11-01,1,2,110,55.0
H0204_P001_202512,H0204,P001,2025-12-01,1,1,33,33.0
H0204_P001_202601,H0204,P001,2026-01-01,1,4,152,38.0
H0204_P001_202602,H0204,P001,2026-02-01,1,2,54,27.0
H0204_P001_202603,H0204,P001,2026-03-01,1,2,66,33.0
H0204_P002_202506,H0204,P002,2025-06-01,1,1,36,36.0
H0204_P002_202508,H0204,P002,2025-08-01,1,1,57,57.0
H0204_P002_202510,H0204,P002,2025-10-01,1,2,54,27.0
H0204_P002_202511,H0204,P002,2025-11-01,1,2,58,29.0
H0204_P002_202512,H0204,P002,2025-12-01,1,1,22,22.0
H0204_P002_202601,H0204,P002,2026-01-01,1,4,224,56.0
H0204_P002_202602,H0204,P002,2026-02-01,1,2,110,55.0
H0204_P002_202603,H0204,P002,2026-03-01,1,1,50,50.0
H0204_P003_202506,H0204,P003,2025-06-01,1,2,106,53.0
H0204_P003_202507,H0204,P003,2025-07-01,1,1,60,60.0
H0204_P003_202508,H0204,P003,2025-08-01,1,3,93,31.0
H0204_P003_202509,H0204,P003,2025-09-01,1,5,200,40.0
H0204_P003_202510,H0204,P003,2025-10-01,1,3,114,38.0
H0204_P003_202511,H0204,P003,2025-11-01,1,2,54,27.0
H0204_P003_202512,H0204,P003,2025-12-01,1,4,168,42.0
H0204_P003_202601,H0204,P003,2026-01-01,1,3,75,25.0
H0204_P003_202602,H0204,P003,2026-02-01,1,2,84,42.0
H0204_P003_202603,H0204,P003,2026-03-01,1,3,135,45.0
H0204_P004_202506,H0204,P004,2025-06-01,1,2,76,38.0
H0204_P004_202507,H0204,P004,2025-07-01,1,1,31,31.0
H0204_P004_202508,H0204,P004,2025-08-01,1,1,39,39.0
H0204_P004_202509,H0204,P004,2025-09-01,1,1,34,34.0
H0204_P004_202510,H0204,P004,2025-10-01,1,2,108,54.0
H0204_P004_202511,H0204,P004,2025-11-01,1,3,114,38.0
H0204_P004_202512,H0204,P004,2025-12-01,1,3,117,39.0
H0204_P004_202601,H0204,P004,2026-01-01,1,2,106,53.0
H0204_P004_202602,H0204,P004,2026-02-01,1,1,43,43.0
H0204_P004_202603,H0204,P004,2026-03-01,1,1,54,54.0
H0204_P005_202506,H0204,P005,2025-06-01,1,2,110,55.0
H0204_P005_202507,H0204,P005,2025-07-01,1,2,90,45.0
H0204_P005_202508,H0204,P005,2025-08-01,1,4,132,33.0
H0204_P005_202509,H0204,P005,2025-09-01,1,4,132,33.0
H0204_P005_202510,H0204,P005,2025-10-01,1,13,299,23.0
H0204_P005_202511,H0204,P005,2025-11-01,1,3,102,34.0
H0204_P005_202512,H0204,P005,2025-12-01,1,4,192,48.0
H0204_P005_202601,H0204,P005,2026-01-01,1,4,240,60.0
H0204_P005_202602,H0204,P005,2026-02-01,1,6,186,31.0
H0204_P005_202603,H0204,P005,2026-03-01,1,5,150,30.0
H0205_P001_202509,H0205,P001,2025-09-01,1,1,30,30.0
H0205_P001_202512,H0205,P001,2025-12-01,1,1,31,31.0
H0206_P001_202506,H0206,P001,2025-06-01,1,2,106,53.0
H0206_P001_202508,H0206,P001,2025-08-01,1,1,24,24.0
H0206_P001_202509,H0206,P001,2025-09-01,1,2,88,44.0
H0206_P001_202510,H0206,P001,2025-10-01,1,2,66,33.0
H0206_P001_202512,H0206,P001,2025-12-01,1,7,161,23.0
H0206_P001_202601,H0206,P001,2026-01-01,1,2,114,57.0
H0206_P001_202602,H0206,P001,2026-02-01,1,1,20,20.0
H0206_P001_202603,H0206,P001,2026-03-01,1,2,58,29.0
H0206_P002_202507,H0206,P002,2025-07-01,1,3,168,56.0
H0206_P002_202508,H0206,P002,2025-08-01,1,2,82,41.0
H0206_P002_202509,H0206,P002,2025-09-01,1,1,43,43.0
H0206_P002_202510,H0206,P002,2025-10-01,1,1,52,52.0
H0206_P002_202511,H0206,P002,2025-11-01,1,3,126,42.0
H0206_P002_202512,H0206,P002,2025-12-01,1,5,185,37.0
H0206_P002_202601,H0206,P002,2026-01-01,1,4,100,25.0
H0206_P002_202602,H0206,P002,2026-02-01,1,6,168,28.0
H0206_P002_202603,H0206,P002,2026-03-01,1,2,48,24.0
H0206_P003_202512,H0206,P003,2025-12-01,1,2,52,26.0
H0206_P003_202601,H0206,P003,2026-01-01,1,1,46,46.0
H0206_P003_202603,H0206,P003,2026-03-01,1,1,52,52.0
H0206_P004_202506,H0206,P004,2025-06-01,1,4,140,35.0
H0206_P004_202507,H0206,P004,2025-07-01,1,5,250,50.0
H0206_P004_202508,H0206,P004,2025-08-01,1,4,140,35.0
H0206_P004_202509,H0206,P004,2025-09-01,1,1,56,56.0
H0206_P004_202510,H0206,P004,2025-10-01,1,2,48,24.0
H0206_P004_202511,H0206,P004,2025-11-01,1,3,156,52.0
H0206_P004_202512,H0206,P004,2025-12-01,1,6,228,38.0
H0206_P004_202601,H0206,P004,2026-01-01,1,4,236,59.0
H0206_P004_202602,H0206,P004,2026-02-01,1,5,190,38.0
H0206_P004_202603,H0206,P004,2026-03-01,1,9,360,40.0
H0206_P005_202506,H0206,P005,2025-06-01,1,2,112,56.0
H0206_P005_202507,H0206,P005,2025-07-01,1,1,56,56.0
H0206_P005_202508,H0206,P005,2025-08-01,1,2,106,53.0
H0206_P005_202509,H0206,P005,2025-09-01,1,2,106,53.0
H0206_P005_202511,H0206,P005,2025-11-01,1,4,216,54.0
H0206_P005_202512,H0206,P005,2025-12-01,1,7,266,38.0
H0206_P005_202601,H0206,P005,2026-01-01,1,2,96,48.0
H0206_P005_202603,H0206,P005,2026-03-01,1,4,236,59.0
H0207_P001_202507,H0207,P001,2025-07-01,1,2,118,59.0
H0207_P001_202508,H0207,P001,2025-08-01,1,1,41,41.0
H0207_P001_202509,H0207,P001,2025-09-01,1,1,37,37.0
H0207_P001_202510,H0207,P001,2025-10-01,1,4,140,35.0
H0207_P001_202511,H0207,P001,2025-11-01,1,1,58,58.0
H0207_P001_202601,H0207,P001,2026-01-01,1,4,116,29.0
H0207_P001_202602,H0207,P001,2026-02-01,1,4,108,27.0
H0207_P002_202506,H0207,P002,2025-06-01,1,1,21,21.0
H0207_P002_202508,H0207,P002,2025-08-01,1,2,72,36.0
H0207_P002_202511,H0207,P002,2025-11-01,1,3,96,32.0
H0207_P003_202509,H0207,P003,2025-09-01,1,1,54,54.0
H0207_P003_202512,H0207,P003,2025-12-01,1,1,30,30.0
H0207_P003_202601,H0207,P003,2026-01-01,1,1,45,45.0
H0207_P004_202506,H0207,P004,2025-06-01,1,3,120,40.0
H0207_P004_202507,H0207,P004,2025-07-01,1,3,111,37.0
H0207_P004_202508,H0207,P004,2025-08-01,1,2,70,35.0
H0207_P004_202509,H0207,P004,2025-09-01,1,5,210,42.0
H0207_P004_202510,H0207,P004,2025-10-01,1,4,100,25.0
H0207_P004_202511,H0207,P004,2025-11-01,1,5,205,41.0
H0207_P004_202512,H0207,P004,2025-12-01,1,5,115,23.0
H0207_P004_202601,H0207,P004,2026-01-01,1,4,108,27.0
H0207_P004_202603,H0207,P004,2026-03-01,1,2,54,27.0
H0207_P005_202508,H0207,P005,2025-08-01,1,1,58,58.0
H0207_P005_202511,H0207,P005,2025-11-01,1,1,29,29.0
H0207_P005_202602,H0207,P005,2026-02-01,1,1,54,54.0
H0208_P001_202506,H0208,P001,2025-06-01,1,4,168,42.0
H0208_P001_202507,H0208,P001,2025-07-01,1,1,25,25.0
H0208_P001_202508,H0208,P001,2025-08-01,1,3,153,51.0
H0208_P001_202509,H0208,P001,2025-09-01,1,1,31,31.0
H0208_P001_202510,H0208,P001,2025-10-01,1,2,106,53.0
H0208_P001_202511,H0208,P001,2025-11-01,1,1,32,32.0
H0208_P001_202512,H0208,P001,2025-12-01,1,1,35,35.0
H0208_P001_202601,H0208,P001,2026-01-01,1,3,126,42.0
H0208_P001_202603,H0208,P001,2026-03-01,1,2,102,51.0
H0208_P002_202506,H0208,P002,2025-06-01,1,5,190,38.0
H0208_P002_202507,H0208,P002,2025-07-01,1,3,162,54.0
H0208_P002_202508,H0208,P002,2025-08-01,1,5,245,49.0
H0208_P002_202509,H0208,P002,2025-09-01,1,4,104,26.0
H0208_P002_202510,H0208,P002,2025-10-01,1,4,168,42.0
H0208_P002_202511,H0208,P002,2025-11-01,1,3,78,26.0
H0208_P002_202512,H0208,P002,2025-12-01,1,4,188,47.0
H0208_P002_202601,H0208,P002,2026-01-01,1,5,135,27.0
H0208_P002_202602,H0208,P002,2026-02-01,1,5,255,51.0
H0208_P002_202603,H0208,P002,2026-03-01,1,3,72,24.0
H0208_P003_202506,H0208,P003,2025-06-01,1,1,56,56.0
H0208_P003_202507,H0208,P003,2025-07-01,1,1,50,50.0
H0208_P003_202508,H0208,P003,2025-08-01,1,2,44,22.0
H0208_P003_202509,H0208,P003,2025-09-01,1,2,80,40.0
H0208_P003_202510,H0208,P003,2025-10-01,1,1,31,31.0
H0208_P003_202512,H0208,P003,2025-12-01,1,2,66,33.0
H0208_P003_202601,H0208,P003,2026-01-01,1,1,54,54.0
H0208_P003_202602,H0208,P003,2026-02-01,1,1,20,20.0
H0208_P003_202603,H0208,P003,2026-03-01,1,1,40,40.0
H0208_P004_202506,H0208,P004,2025-06-01,1,2,92,46.0
H0208_P004_202507,H0208,P004,2025-07-01,1,2,80,40.0
H0208_P004_202508,H0208,P004,2025-08-01,1,3,120,40.0
H0208_P004_202509,H0208,P004,2025-09-01,1,6,240,40.0
H0208_P004_202511,H0208,P004,2025-11-01,1,3,168,56.0
H0208_P004_202512,H0208,P004,2025-12-01,1,1,28,28.0
H0208_P004_202601,H0208,P004,2026-01-01,1,6,204,34.0
H0208_P004_202602,H0208,P004,2026-02-01,1,6,342,57.0
H0208_P004_202603,H0208,P004,2026-03-01,1,6,312,52.0
H0208_P005_202506,H0208,P005,2025-06-01,1,4,188,47.0
H0208_P005_202507,H0208,P005,2025-07-01,1,4,164,41.0
H0208_P005_202508,H0208,P005,2025-08-01,1,5,295,59.0
H0208_P005_202509,H0208,P005,2025-09-01,1,1,23,23.0
H0208_P005_202510,H0208,P005,2025-10-01,1,2,76,38.0
H0208_P005_202511,H0208,P005,2025-11-01,1,3,180,60.0
H0208_P005_202512,H0208,P005,2025-12-01,1,3,159,53.0
H0208_P005_202602,H0208,P005,2026-02-01,1,2,76,38.0
H0208_P005_202603,H0208,P005,2026-03-01,1,2,80,40.0
H0209_P001_202506,H0209,P001,2025-06-01,1,4,224,56.0
H0209_P001_202507,H0209,P001,2025-07-01,1,2,116,58.0
H0209_P001_202508,H0209,P001,2025-08-01,1,1,42,42.0
H0209_P001_202509,H0209,P001,2025-09-01,1,2,80,40.0
H0209_P001_202510,H0209,P001,2025-10-01,1,2,58,29.0
H0209_P001_202512,H0209,P001,2025-12-01,1,4,116,29.0
H0209_P001_202601,H0209,P001,2026-01-01,1,6,252,42.0
H0209_P001_202602,H0209,P001,2026-02-01,1,2,88,44.0
H0209_P001_202603,H0209,P001,2026-03-01,1,2,50,25.0
H0209_P002_202506,H0209,P002,2025-06-01,1,3,180,60.0
H0209_P002_202508,H0209,P002,2025-08-01,1,3,150,50.0
H0209_P002_202509,H0209,P002,2025-09-01,1,1,57,57.0
H0209_P002_202511,H0209,P002,2025-11-01,1,3,144,48.0
H0209_P002_202512,H0209,P002,2025-12-01,1,1,28,28.0
H0209_P002_202602,H0209,P002,2026-02-01,1,1,39,39.0
H0209_P002_202603,H0209,P002,2026-03-01,1,2,94,47.0
H0209_P003_202506,H0209,P003,2025-06-01,1,2,78,39.0
H0209_P003_202507,H0209,P003,2025-07-01,1,1,24,24.0
H0209_P003_202508,H0209,P003,2025-08-01,1,2,78,39.0
H0209_P003_202509,H0209,P003,2025-09-01,1,1,51,51.0
H0209_P003_202512,H0209,P003,2025-12-01,1,1,38,38.0
H0209_P003_202601,H0209,P003,2026-01-01,1,2,96,48.0
H0209_P004_202506,H0209,P004,2025-06-01,1,1,22,22.0
H0209_P004_202507,H0209,P004,2025-07-01,1,1,54,54.0
H0209_P004_202509,H0209,P004,2025-09-01,1,1,28,28.0
H0209_P004_202510,H0209,P004,2025-10-01,1,1,60,60.0
H0209_P004_202511,H0209,P004,2025-11-01,1,1,31,31.0
H0209_P004_202601,H0209,P004,2026-01-01,1,1,22,22.0
H0209_P004_202602,H0209,P004,2026-02-01,1,1,26,26.0
H0209_P005_202506,H0209,P005,2025-06-01,1,1,30,30.0
H0209_P005_202511,H0209,P005,2025-11-01,1,1,60,60.0
H0209_P005_202601,H0209,P005,2026-01-01,1,1,58,58.0
H0209_P005_202602,H0209,P005,2026-02-01,1,2,100,50.0
H0209_P005_202603,H0209,P005,2026-03-01,1,1,48,48.0
H0210_P001_202506,H0210,P001,2025-06-01,1,7,329,47.0
H0210_P001_202507,H0210,P001,2025-07-01,1,2,54,27.0
H0210_P001_202510,H0210,P001,2025-10-01,1,6,138,23.0
H0210_P001_202511,H0210,P001,2025-11-01,1,2,62,31.0
H0210_P001_202512,H0210,P001,2025-12-01,1,2,94,47.0
H0210_P001_202601,H0210,P001,2026-01-01,1,2,82,41.0
H0210_P001_202602,H0210,P001,2026-02-01,1,1,48,48.0
H0210_P001_202603,H0210,P001,2026-03-01,1,1,29,29.0
H0210_P002_202508,H0210,P002,2025-08-01,1,1,28,28.0
H0210_P002_202510,H0210,P002,2025-10-01,1,1,54,54.0
H0210_P002_202511,H0210,P002,2025-11-01,1,2,120,60.0
H0210_P002_202512,H0210,P002,2025-12-01,1,1,51,51.0
H0210_P002_202603,H0210,P002,2026-03-01,1,1,59,59.0
H0210_P003_202506,H0210,P003,2025-06-01,1,3,150,50.0
H0210_P003_202507,H0210,P003,2025-07-01,1,5,245,49.0
H0210_P003_202508,H0210,P003,2025-08-01,1,3,171,57.0
H0210_P003_202509,H0210,P003,2025-09-01,1,2,52,26.0
H0210_P003_202510,H0210,P003,2025-10-01,1,4,224,56.0
H0210_P003_202511,H0210,P003,2025-11-01,1,2,116,58.0
H0210_P003_202512,H0210,P003,2025-12-01,1,2,76,38.0
H0210_P003_202601,H0210,P003,2026-01-01,1,1,25,25.0
H0210_P003_202602,H0210,P003,2026-02-01,1,2,70,35.0
H0210_P003_202603,H0210,P003,2026-03-01,1,1,56,56.0
H0210_P004_202507,H0210,P004,2025-07-01,1,2,90,45.0
H0210_P004_202508,H0210,P004,2025-08-01,1,2,98,49.0
H0210_P004_202509,H0210,P004,2025-09-01,1,1,42,42.0
H0210_P004_202512,H0210,P004,2025-12-01,1,1,33,33.0
H0210_P004_202601,H0210,P004,2026-01-01,1,2,94,47.0
H0210_P005_202506,H0210,P005,2025-06-01,1,1,52,52.0
H0210_P005_202507,H0210,P005,2025-07-01,1,3,147,49.0
H0210_P005_202508,H0210,P005,2025-08-01,1,3,63,21.0
H0210_P005_202510,H0210,P005,2025-10-01,1,4,168,42.0
H0210_P005_202511,H0210,P005,2025-11-01,1,1,46,46.0
H0210_P005_202512,H0210,P005,2025-12-01,1,4,100,25.0
H0210_P005_202603,H0210,P005,2026-03-01,1,1,51,51.0
H0211_P005_202506,H0211,P005,2025-06-01,1,1,40,40.0
H0211_P005_202511,H0211,P005,2025-11-01,1,1,57,57.0
H0211_P005_202512,H0211,P005,2025-12-01,1,1,39,39.0
H0211_P005_202602,H0211,P005,2026-02-01,1,1,58,58.0
H0212_P001_202506,H0212,P001,2025-06-01,1,3,111,37.0
H0212_P001_202507,H0212,P001,2025-07-01,1,5,115,23.0
H0212_P001_202508,H0212,P001,2025-08-01,1,6,246,41.0
H0212_P001_202509,H0212,P001,2025-09-01,1,3,78,26.0
H0212_P001_202510,H0212,P001,2025-10-01,1,5,220,44.0
H0212_P001_202511,H0212,P001,2025-11-01,1,2,108,54.0
H0212_P001_202512,H0212,P001,2025-12-01,1,3,117,39.0
H0212_P001_202601,H0212,P001,2026-01-01,1,4,132,33.0
H0212_P001_202602,H0212,P001,2026-02-01,1,4,156,39.0
H0212_P001_202603,H0212,P001,2026-03-01,1,7,357,51.0
H0212_P002_202506,H0212,P002,2025-06-01,1,4,120,30.0
H0212_P002_202507,H0212,P002,2025-07-01,1,4,216,54.0
H0212_P002_202508,H0212,P002,2025-08-01,1,1,55,55.0
H0212_P002_202509,H0212,P002,2025-09-01,1,4,200,50.0
H0212_P002_202510,H0212,P002,2025-10-01,1,4,100,25.0
H0212_P002_202511,H0212,P002,2025-11-01,1,3,117,39.0
H0212_P002_202512,H0212,P002,2025-12-01,1,4,108,27.0
H0212_P002_202601,H0212,P002,2026-01-01,1,3,165,55.0
H0212_P002_202602,H0212,P002,2026-02-01,1,2,90,45.0
H0212_P002_202603,H0212,P002,2026-03-01,1,6,174,29.0
H0212_P003_202506,H0212,P003,2025-06-01,1,6,150,25.0
H0212_P003_202507,H0212,P003,2025-07-01,1,5,235,47.0
H0212_P003_202508,H0212,P003,2025-08-01,1,5,270,54.0
H0212_P003_202509,H0212,P003,2025-09-01,1,4,184,46.0
H0212_P003_202510,H0212,P003,2025-10-01,1,5,190,38.0
H0212_P003_202511,H0212,P003,2025-11-01,1,8,256,32.0
H0212_P003_202512,H0212,P003,2025-12-01,1,4,88,22.0
H0212_P003_202601,H0212,P003,2026-01-01,1,9,189,21.0
H0212_P003_202602,H0212,P003,2026-02-01,1,4,168,42.0
H0212_P003_202603,H0212,P003,2026-03-01,1,6,216,36.0
H0212_P004_202506,H0212,P004,2025-06-01,1,3,96,32.0
H0212_P004_202507,H0212,P004,2025-07-01,1,5,220,44.0
H0212_P004_202508,H0212,P004,2025-08-01,1,2,96,48.0
H0212_P004_202509,H0212,P004,2025-09-01,1,4,168,42.0
H0212_P004_202510,H0212,P004,2025-10-01,1,3,105,35.0
H0212_P004_202511,H0212,P004,2025-11-01,1,2,98,49.0
H0212_P004_202512,H0212,P004,2025-12-01,1,4,232,58.0
H0212_P004_202601,H0212,P004,2026-01-01,1,2,100,50.0
H0212_P004_202602,H0212,P004,2026-02-01,1,3,78,26.0
H0212_P004_202603,H0212,P004,2026-03-01,1,1,41,41.0
H0212_P005_202506,H0212,P005,2025-06-01,1,6,360,60.0
H0212_P005_202507,H0212,P005,2025-07-01,1,2,62,31.0
H0212_P005_202508,H0212,P005,2025-08-01,1,6,360,60.0
H0212_P005_202509,H0212,P005,2025-09-01,1,4,228,57.0
H0212_P005_202510,H0212,P005,2025-10-01,1,3,66,22.0
H0212_P005_202511,H0212,P005,2025-11-01,1,1,51,51.0
H0212_P005_202512,H0212,P005,2025-12-01,1,2,98,49.0
H0212_P005_202601,H0212,P005,2026-01-01,1,2,64,32.0
H0212_P005_202602,H0212,P005,2026-02-01,1,4,80,20.0
H0212_P005_202603,H0212,P005,2026-03-01,1,3,126,42.0
H0213_P001_202506,H0213,P001,2025-06-01,1,1,28,28.0
H0213_P001_202507,H0213,P001,2025-07-01,1,1,48,48.0
H0213_P001_202511,H0213,P001,2025-11-01,1,1,49,49.0
H0214_P001_202506,H0214,P001,2025-06-01,1,1,33,33.0
H0214_P001_202508,H0214,P001,2025-08-01,1,1,51,51.0
H0214_P001_202509,H0214,P001,2025-09-01,1,1,59,59.0
H0214_P001_202510,H0214,P001,2025-10-01,1,1,30,30.0
H0214_P001_202512,H0214,P001,2025-12-01,1,1,36,36.0
H0214_P001_202602,H0214,P001,2026-02-01,1,3,129,43.0
H0214_P002_202509,H0214,P002,2025-09-01,1,1,57,57.0
H0214_P003_202506,H0214,P003,2025-06-01,1,2,56,28.0
H0214_P003_202508,H0214,P003,2025-08-01,1,1,45,45.0
H0214_P003_202509,H0214,P003,2025-09-01,1,1,26,26.0
H0214_P003_202510,H0214,P003,2025-10-01,1,2,76,38.0
H0214_P003_202511,H0214,P003,2025-11-01,1,1,36,36.0
H0214_P003_202512,H0214,P003,2025-12-01,1,1,53,53.0
H0214_P003_202603,H0214,P003,2026-03-01,1,1,26,26.0
H0214_P004_202507,H0214,P004,2025-07-01,1,2,68,34.0
H0214_P004_202601,H0214,P004,2026-01-01,1,1,47,47.0
H0214_P004_202602,H0214,P004,2026-02-01,1,1,42,42.0
H0214_P005_202506,H0214,P005,2025-06-01,1,1,25,25.0
H0214_P005_202509,H0214,P005,2025-09-01,1,1,51,51.0
H0214_P005_202511,H0214,P005,2025-11-01,1,1,37,37.0
H0214_P005_202602,H0214,P005,2026-02-01,1,1,51,51.0
H0215_P001_202506,H0215,P001,2025-06-01,1,1,60,60.0
H0215_P001_202508,H0215,P001,2025-08-01,1,3,138,46.0
H0215_P001_202509,H0215,P001,2025-09-01,1,2,62,31.0
H0215_P001_202510,H0215,P001,2025-10-01,1,1,37,37.0
H0215_P001_202511,H0215,P001,2025-11-01,1,1,60,60.0
H0215_P001_202512,H0215,P001,2025-12-01,1,1,35,35.0
H0215_P001_202601,H0215,P001,2026-01-01,1,2,118,59.0
H0215_P001_202602,H0215,P001,2026-02-01,1,3,93,31.0
H0215_P001_202603,H0215,P001,2026-03-01,1,2,114,57.0
H0215_P002_202508,H0215,P002,2025-08-01,1,1,60,60.0
H0215_P002_202509,H0215,P002,2025-09-01,1,3,150,50.0
H0215_P002_202510,H0215,P002,2025-10-01,1,1,56,56.0
H0215_P002_202601,H0215,P002,2026-01-01,1,4,128,32.0
H0215_P002_202602,H0215,P002,2026-02-01,1,1,57,57.0
H0215_P002_202603,H0215,P002,2026-03-01,1,1,27,27.0
H0215_P003_202506,H0215,P003,2025-06-01,1,1,56,56.0
H0215_P003_202507,H0215,P003,2025-07-01,1,1,57,57.0
H0215_P003_202509,H0215,P003,2025-09-01,1,2,106,53.0
H0215_P003_202511,H0215,P003,2025-11-01,1,2,70,35.0
H0215_P003_202512,H0215,P003,2025-12-01,1,3,102,34.0
H0215_P004_202506,H0215,P004,2025-06-01,1,3,141,47.0
H0215_P004_202507,H0215,P004,2025-07-01,1,1,49,49.0
H0215_P004_202508,H0215,P004,2025-08-01,1,3,102,34.0
H0215_P004_202509,H0215,P004,2025-09-01,1,1,58,58.0
H0215_P004_202510,H0215,P004,2025-10-01,1,5,245,49.0
H0215_P004_202511,H0215,P004,2025-11-01,1,2,110,55.0
H0215_P004_202512,H0215,P004,2025-12-01,1,2,102,51.0
H0215_P004_202601,H0215,P004,2026-01-01,1,3,165,55.0
H0215_P004_202602,H0215,P004,2026-02-01,1,1,47,47.0
H0215_P004_202603,H0215,P004,2026-03-01,1,1,26,26.0
H0215_P005_202507,H0215,P005,2025-07-01,1,2,118,59.0
H0215_P005_202508,H0215,P005,2025-08-01,1,1,26,26.0
H0215_P005_202510,H0215,P005,2025-10-01,1,1,54,54.0
H0215_P005_202512,H0215,P005,2025-12-01,1,1,28,28.0
H0215_P005_202601,H0215,P005,2026-01-01,1,1,40,40.0
H0215_P005_202603,H0215,P005,2026-03-01,1,2,90,45.0
H0216_P001_202506,H0216,P001,2025-06-01,1,2,116,58.0
H0216_P001_202509,H0216,P001,2025-09-01,1,2,84,42.0
H0216_P001_202510,H0216,P001,2025-10-01,1,1,40,40.0
H0216_P001_202511,H0216,P001,2025-11-01,1,3,126,42.0
H0216_P001_202512,H0216,P001,2025-12-01,1,2,48,24.0
H0216_P001_202601,H0216,P001,2026-01-01,1,3,87,29.0
H0216_P001_202602,H0216,P001,2026-02-01,1,5,130,26.0
H0216_P001_202603,H0216,P001,2026-03-01,1,5,225,45.0
H0216_P002_202506,H0216,P002,2025-06-01,1,2,92,46.0
H0216_P002_202507,H0216,P002,2025-07-01,1,2,98,49.0
H0216_P002_202509,H0216,P002,2025-09-01,1,2,70,35.0
H0216_P002_202510,H0216,P002,2025-10-01,1,1,48,48.0
H0216_P002_202511,H0216,P002,2025-11-01,1,3,78,26.0
H0216_P002_202512,H0216,P002,2025-12-01,1,1,58,58.0
H0216_P002_202601,H0216,P002,2026-01-01,1,1,48,48.0
H0216_P002_202602,H0216,P002,2026-02-01,1,1,43,43.0
H0216_P002_202603,H0216,P002,2026-03-01,1,4,152,38.0
H0216_P003_202506,H0216,P003,2025-06-01,1,2,118,59.0
H0216_P003_202507,H0216,P003,2025-07-01,1,1,51,51.0
H0216_P003_202508,H0216,P003,2025-08-01,1,2,96,48.0
H0216_P003_202509,H0216,P003,2025-09-01,1,1,51,51.0
H0216_P003_202511,H0216,P003,2025-11-01,1,2,42,21.0
H0216_P003_202512,H0216,P003,2025-12-01,1,2,116,58.0
H0216_P003_202601,H0216,P003,2026-01-01,1,5,175,35.0
H0216_P003_202602,H0216,P003,2026-02-01,1,2,110,55.0
H0216_P003_202603,H0216,P003,2026-03-01,1,2,60,30.0
H0216_P004_202509,H0216,P004,2025-09-01,1,1,49,49.0
H0216_P004_202511,H0216,P004,2025-11-01,1,3,78,26.0
H0216_P004_202601,H0216,P004,2026-01-01,1,1,55,55.0
H0216_P005_202506,H0216,P005,2025-06-01,1,10,370,37.0
H0216_P005_202507,H0216,P005,2025-07-01,1,4,168,42.0
H0216_P005_202508,H0216,P005,2025-08-01,1,2,110,55.0
H0216_P005_202509,H0216,P005,2025-09-01,1,3,174,58.0
H0216_P005_202510,H0216,P005,2025-10-01,1,8,448,56.0
H0216_P005_202511,H0216,P005,2025-11-01,1,8,288,36.0
H0216_P005_202512,H0216,P005,2025-12-01,1,7,357,51.0
H0216_P005_202601,H0216,P005,2026-01-01,1,4,236,59.0
H0216_P005_202602,H0216,P005,2026-02-01,1,3,150,50.0
H0216_P005_202603,H0216,P005,2026-03-01,1,7,378,54.0
H0218_P001_202508,H0218,P001,2025-08-01,1,1,22,22.0
H0218_P002_202506,H0218,P002,2025-06-01,1,1,44,44.0
H0218_P002_202508,H0218,P002,2025-08-01,1,2,66,33.0
H0218_P002_202509,H0218,P002,2025-09-01,1,1,49,49.0
H0218_P002_202511,H0218,P002,2025-11-01,1,2,116,58.0
H0218_P002_202512,H0218,P002,2025-12-01,1,1,57,57.0
H0218_P002_202603,H0218,P002,2026-03-01,1,1,26,26.0
H0218_P003_202506,H0218,P003,2025-06-01,1,1,44,44.0
H0218_P003_202508,H0218,P003,2025-08-01,1,1,43,43.0
H0218_P003_202510,H0218,P003,2025-10-01,1,1,20,20.0
H0218_P003_202512,H0218,P003,2025-12-01,1,1,41,41.0
H0218_P004_202507,H0218,P004,2025-07-01,1,2,52,26.0
H0218_P004_202509,H0218,P004,2025-09-01,1,1,45,45.0
H0218_P004_202510,H0218,P004,2025-10-01,1,2,54,27.0
H0218_P004_202512,H0218,P004,2025-12-01,1,1,45,45.0
H0218_P004_202601,H0218,P004,2026-01-01,1,1,52,52.0
H0218_P004_202603,H0218,P004,2026-03-01,1,2,78,39.0
H0218_P005_202506,H0218,P005,2025-06-01,1,2,68,34.0
H0218_P005_202512,H0218,P005,2025-12-01,1,1,32,32.0
H0218_P005_202601,H0218,P005,2026-01-01,1,1,50,50.0
H0218_P005_202603,H0218,P005,2026-03-01,1,1,55,55.0
H0219_P001_202512,H0219,P001,2025-12-01,1,1,23,23.0
H0219_P003_202507,H0219,P003,2025-07-01,1,1,30,30.0
H0219_P003_202512,H0219,P003,2025-12-01,1,1,21,21.0
H0219_P003_202601,H0219,P003,2026-01-01,1,1,30,30.0
H0219_P003_202602,H0219,P003,2026-02-01,1,1,48,48.0
H0219_P003_202603,H0219,P003,2026-03-01,1,1,41,41.0
H0220_P004_202512,H0220,P004,2025-12-01,1,1,21,21.0
H0221_P001_202508,H0221,P001,2025-08-01,1,1,57,57.0
H0221_P001_202512,H0221,P001,2025-12-01,1,1,22,22.0
H0221_P002_202506,H0221,P002,2025-06-01,1,1,40,40.0
H0221_P002_202508,H0221,P002,2025-08-01,1,2,114,57.0
H0221_P002_202510,H0221,P002,2025-10-01,1,1,46,46.0
H0221_P002_202512,H0221,P002,2025-12-01,1,3,81,27.0
H0221_P002_202601,H0221,P002,2026-01-01,1,1,54,54.0
H0221_P002_202602,H0221,P002,2026-02-01,1,1,22,22.0
H0221_P002_202603,H0221,P002,2026-03-01,1,1,53,53.0
H0221_P003_202507,H0221,P003,2025-07-01,1,1,57,57.0
H0221_P003_202509,H0221,P003,2025-09-01,1,3,102,34.0
H0221_P003_202601,H0221,P003,2026-01-01,1,1,48,48.0
H0221_P003_202602,H0221,P003,2026-02-01,1,1,20,20.0
H0221_P003_202603,H0221,P003,2026-03-01,1,2,72,36.0
H0221_P004_202507,H0221,P004,2025-07-01,1,2,68,34.0
H0221_P004_202508,H0221,P004,2025-08-01,1,2,104,52.0
H0221_P004_202509,H0221,P004,2025-09-01,1,2,98,49.0
H0221_P004_202510,H0221,P004,2025-10-01,1,1,34,34.0
H0221_P004_202511,H0221,P004,2025-11-01,1,1,46,46.0
H0221_P004_202512,H0221,P004,2025-12-01,1,2,72,36.0
H0221_P004_202601,H0221,P004,2026-01-01,1,1,50,50.0
H0221_P004_202602,H0221,P004,2026-02-01,1,3,117,39.0
H0221_P005_202506,H0221,P005,2025-06-01,1,1,59,59.0
H0221_P005_202508,H0221,P005,2025-08-01,1,1,25,25.0
H0221_P005_202509,H0221,P005,2025-09-01,1,1,48,48.0
H0221_P005_202510,H0221,P005,2025-10-01,1,1,23,23.0
H0221_P005_202511,H0221,P005,2025-11-01,1,2,92,46.0
H0221_P005_202602,H0221,P005,2026-02-01,1,1,51,51.0
H0221_P005_202603,H0221,P005,2026-03-01,1,1,40,40.0
H0222_P002_202506,H0222,P002,2025-06-01,1,4,196,49.0
H0222_P002_202507,H0222,P002,2025-07-01,1,1,59,59.0
H0222_P002_202508,H0222,P002,2025-08-01,1,2,110,55.0
H0222_P002_202509,H0222,P002,2025-09-01,1,5,165,33.0
H0222_P002_202510,H0222,P002,2025-10-01,1,3,165,55.0
H0222_P002_202511,H0222,P002,2025-11-01,1,3,69,23.0
H0222_P002_202512,H0222,P002,2025-12-01,1,4,240,60.0
H0222_P002_202601,H0222,P002,2026-01-01,1,3,63,21.0
H0222_P002_202602,H0222,P002,2026-02-01,1,3,120,40.0
H0222_P002_202603,H0222,P002,2026-03-01,1,2,92,46.0
H0222_P003_202509,H0222,P003,2025-09-01,1,3,93,31.0
H0222_P003_202511,H0222,P003,2025-11-01,1,1,58,58.0
H0222_P003_202601,H0222,P003,2026-01-01,1,1,51,51.0
H0222_P003_202603,H0222,P003,2026-03-01,1,1,28,28.0
H0222_P004_202506,H0222,P004,2025-06-01,1,1,59,59.0
H0222_P004_202507,H0222,P004,2025-07-01,1,1,23,23.0
H0222_P004_202508,H0222,P004,2025-08-01,1,2,50,25.0
H0222_P004_202510,H0222,P004,2025-10-01,1,2,118,59.0
H0222_P004_202511,H0222,P004,2025-11-01,1,1,30,30.0
H0222_P004_202512,H0222,P004,2025-12-01,1,1,57,57.0
H0222_P004_202602,H0222,P004,2026-02-01,1,4,196,49.0
H0222_P004_202603,H0222,P004,2026-03-01,1,1,44,44.0
H0222_P005_202506,H0222,P005,2025-06-01,1,1,40,40.0
H0223_P001_202506,H0223,P001,2025-06-01,1,1,35,35.0
H0223_P001_202508,H0223,P001,2025-08-01,1,1,37,37.0
H0223_P001_202509,H0223,P001,2025-09-01,1,1,42,42.0
H0223_P001_202510,H0223,P001,2025-10-01,1,1,23,23.0
H0223_P001_202511,H0223,P001,2025-11-01,1,3,96,32.0
H0223_P001_202601,H0223,P001,2026-01-01,1,4,212,53.0
H0223_P001_202602,H0223,P001,2026-02-01,1,1,36,36.0
H0223_P002_202506,H0223,P002,2025-06-01,1,2,82,41.0
H0223_P002_202507,H0223,P002,2025-07-01,1,1,49,49.0
H0223_P002_202509,H0223,P002,2025-09-01,1,2,114,57.0
H0223_P002_202510,H0223,P002,2025-10-01,1,1,47,47.0
H0223_P002_202512,H0223,P002,2025-12-01,1,1,42,42.0
H0223_P002_202602,H0223,P002,2026-02-01,1,2,60,30.0
H0223_P002_202603,H0223,P002,2026-03-01,1,1,44,44.0
H0223_P003_202506,H0223,P003,2025-06-01,1,1,27,27.0
H0223_P003_202508,H0223,P003,2025-08-01,1,1,34,34.0
H0223_P003_202512,H0223,P003,2025-12-01,1,2,60,30.0
H0223_P003_202601,H0223,P003,2026-01-01,1,1,54,54.0
H0223_P003_202602,H0223,P003,2026-02-01,1,1,50,50.0
H0223_P003_202603,H0223,P003,2026-03-01,1,1,51,51.0
H0223_P004_202506,H0223,P004,2025-06-01,1,1,58,58.0
H0223_P004_202507,H0223,P004,2025-07-01,1,1,31,31.0
H0223_P004_202508,H0223,P004,2025-08-01,1,4,104,26.0
H0223_P004_202509,H0223,P004,2025-09-01,1,4,144,36.0
H0223_P004_202510,H0223,P004,2025-10-01,1,4,188,47.0
H0223_P004_202511,H0223,P004,2025-11-01,1,2,94,47.0
H0223_P004_202512,H0223,P004,2025-12-01,1,1,22,22.0
H0223_P004_202601,H0223,P004,2026-01-01,1,3,111,37.0
H0223_P004_202602,H0223,P004,2026-02-01,1,1,41,41.0
H0223_P004_202603,H0223,P004,2026-03-01,1,2,44,22.0
H0223_P005_202506,H0223,P005,2025-06-01,1,1,45,45.0
H0223_P005_202508,H0223,P005,2025-08-01,1,2,94,47.0
H0223_P005_202509,H0223,P005,2025-09-01,1,1,33,33.0
H0223_P005_202510,H0223,P005,2025-10-01,1,2,94,47.0
H0223_P005_202511,H0223,P005,2025-11-01,1,2,120,60.0
H0223_P005_202602,H0223,P005,2026-02-01,1,1,53,53.0
H0223_P005_202603,H0223,P005,2026-03-01,1,3,135,45.0
H0224_P001_202506,H0224,P001,2025-06-01,1,2,110,55.0
H0224_P001_202507,H0224,P001,2025-07-01,1,2,94,47.0
H0224_P001_202509,H0224,P001,2025-09-01,1,3,99,33.0
H0224_P001_202510,H0224,P001,2025-10-01,1,1,52,52.0
H0224_P001_202512,H0224,P001,2025-12-01,1,1,27,27.0
H0224_P001_202601,H0224,P001,2026-01-01,1,2,104,52.0
H0224_P001_202602,H0224,P001,2026-02-01,1,3,150,50.0
H0224_P001_202603,H0224,P001,2026-03-01,1,1,34,34.0
H0224_P002_202509,H0224,P002,2025-09-01,1,4,108,27.0
H0224_P002_202510,H0224,P002,2025-10-01,1,1,33,33.0
H0224_P002_202603,H0224,P002,2026-03-01,1,3,156,52.0
H0224_P003_202506,H0224,P003,2025-06-01,1,3,174,58.0
H0224_P003_202507,H0224,P003,2025-07-01,1,1,36,36.0
H0224_P003_202508,H0224,P003,2025-08-01,1,4,148,37.0
H0224_P003_202509,H0224,P003,2025-09-01,1,2,66,33.0
H0224_P003_202510,H0224,P003,2025-10-01,1,4,200,50.0
H0224_P003_202511,H0224,P003,2025-11-01,1,2,92,46.0
H0224_P003_202512,H0224,P003,2025-12-01,1,6,282,47.0
H0224_P003_202601,H0224,P003,2026-01-01,1,7,203,29.0
H0224_P003_202602,H0224,P003,2026-02-01,1,4,176,44.0
H0224_P003_202603,H0224,P003,2026-03-01,1,3,174,58.0
H0224_P004_202506,H0224,P004,2025-06-01,1,13,624,48.0
H0224_P004_202507,H0224,P004,2025-07-01,1,6,186,31.0
H0224_P004_202508,H0224,P004,2025-08-01,1,9,270,30.0
H0224_P004_202509,H0224,P004,2025-09-01,1,8,472,59.0
H0224_P004_202510,H0224,P004,2025-10-01,1,6,270,45.0
H0224_P004_202511,H0224,P004,2025-11-01,1,7,280,40.0
H0224_P004_202512,H0224,P004,2025-12-01,1,5,105,21.0
H0224_P004_202601,H0224,P004,2026-01-01,1,6,222,37.0
H0224_P004_202602,H0224,P004,2026-02-01,1,8,424,53.0
H0224_P004_202603,H0224,P004,2026-03-01,1,7,378,54.0
H0224_P005_202510,H0224,P005,2025-10-01,1,2,88,44.0
H0224_P005_202511,H0224,P005,2025-11-01,1,1,44,44.0
H0224_P005_202512,H0224,P005,2025-12-01,1,1,29,29.0
H0224_P005_202601,H0224,P005,2026-01-01,1,3,117,39.0
H0225_P001_202507,H0225,P001,2025-07-01,1,1,39,39.0
H0225_P001_202511,H0225,P001,2025-11-01,1,1,23,23.0
H0225_P002_202511,H0225,P002,2025-11-01,1,1,42,42.0
H0225_P002_202512,H0225,P002,2025-12-01,1,1,51,51.0
H0225_P002_202603,H0225,P002,2026-03-01,1,1,25,25.0
H0225_P005_202511,H0225,P005,2025-11-01,1,1,38,38.0
H0225_P005_202512,H0225,P005,2025-12-01,1,1,32,32.0
H0226_P001_202506,H0226,P001,2025-06-01,1,2,60,30.0
H0226_P001_202507,H0226,P001,2025-07-01,1,3,165,55.0
H0226_P001_202509,H0226,P001,2025-09-01,1,5,275,55.0
H0226_P001_202510,H0226,P001,2025-10-01,1,4,108,27.0
H0226_P001_202511,H0226,P001,2025-11-01,1,5,120,24.0
H0226_P001_202512,H0226,P001,2025-12-01,1,5,225,45.0
H0226_P001_202601,H0226,P001,2026-01-01,1,3,108,36.0
H0226_P001_202602,H0226,P001,2026-02-01,1,2,114,57.0
H0226_P001_202603,H0226,P001,2026-03-01,1,4,140,35.0
H0226_P002_202506,H0226,P002,2025-06-01,1,3,108,36.0
H0226_P002_202507,H0226,P002,2025-07-01,1,5,125,25.0
H0226_P002_202508,H0226,P002,2025-08-01,1,2,72,36.0
H0226_P002_202510,H0226,P002,2025-10-01,1,3,147,49.0
H0226_P002_202511,H0226,P002,2025-11-01,1,1,47,47.0
H0226_P002_202512,H0226,P002,2025-12-01,1,1,33,33.0
H0226_P002_202601,H0226,P002,2026-01-01,1,5,195,39.0
H0226_P002_202602,H0226,P002,2026-02-01,1,2,50,25.0
H0226_P002_202603,H0226,P002,2026-03-01,1,4,228,57.0
H0226_P003_202506,H0226,P003,2025-06-01,1,2,58,29.0
H0226_P003_202507,H0226,P003,2025-07-01,1,2,92,46.0
H0226_P003_202509,H0226,P003,2025-09-01,1,1,53,53.0
H0226_P003_202510,H0226,P003,2025-10-01,1,1,30,30.0
H0226_P003_202511,H0226,P003,2025-11-01,1,1,54,54.0
H0226_P003_202602,H0226,P003,2026-02-01,1,1,22,22.0
H0226_P003_202603,H0226,P003,2026-03-01,1,2,84,42.0
H0226_P004_202506,H0226,P004,2025-06-01,1,1,20,20.0
H0226_P004_202507,H0226,P004,2025-07-01,1,1,47,47.0
H0226_P004_202508,H0226,P004,2025-08-01,1,1,29,29.0
H0226_P004_202509,H0226,P004,2025-09-01,1,1,40,40.0
H0226_P004_202512,H0226,P004,2025-12-01,1,2,116,58.0
H0226_P004_202601,H0226,P004,2026-01-01,1,1,28,28.0
H0226_P004_202602,H0226,P004,2026-02-01,1,2,54,27.0
H0226_P005_202507,H0226,P005,2025-07-01,1,1,54,54.0
H0226_P005_202509,H0226,P005,2025-09-01,1,3,81,27.0
H0226_P005_202510,H0226,P005,2025-10-01,1,3,69,23.0
H0226_P005_202512,H0226,P005,2025-12-01,1,2,46,23.0
H0226_P005_202602,H0226,P005,2026-02-01,1,1,60,60.0
H0226_P005_202603,H0226,P005,2026-03-01,1,2,72,36.0
H0227_P003_202506,H0227,P003,2025-06-01,1,1,53,53.0
H0227_P003_202509,H0227,P003,2025-09-01,1,1,57,57.0
H0227_P003_202510,H0227,P003,2025-10-01,1,2,82,41.0
H0227_P003_202511,H0227,P003,2025-11-01,1,1,49,49.0
H0227_P003_202601,H0227,P003,2026-01-01,1,1,24,24.0
H0227_P003_202602,H0227,P003,2026-02-01,1,1,60,60.0
H0227_P004_202510,H0227,P004,2025-10-01,1,1,56,56.0
H0228_P001_202506,H0228,P001,2025-06-01,1,2,110,55.0
H0228_P001_202507,H0228,P001,2025-07-01,1,1,20,20.0
H0228_P001_202508,H0228,P001,2025-08-01,1,1,52,52.0
H0228_P001_202509,H0228,P001,2025-09-01,1,1,24,24.0
H0228_P001_202512,H0228,P001,2025-12-01,1,1,24,24.0
H0228_P001_202601,H0228,P001,2026-01-01,1,1,36,36.0
H0228_P001_202602,H0228,P001,2026-02-01,1,1,29,29.0
H0228_P003_202506,H0228,P003,2025-06-01,1,4,148,37.0
H0228_P003_202507,H0228,P003,2025-07-01,1,2,60,30.0
H0228_P003_202508,H0228,P003,2025-08-01,1,1,60,60.0
H0228_P003_202509,H0228,P003,2025-09-01,1,4,152,38.0
H0228_P003_202510,H0228,P003,2025-10-01,1,2,96,48.0
H0228_P003_202511,H0228,P003,2025-11-01,1,4,112,28.0
H0228_P003_202512,H0228,P003,2025-12-01,1,2,86,43.0
H0228_P003_202601,H0228,P003,2026-01-01,1,2,90,45.0
H0228_P003_202602,H0228,P003,2026-02-01,1,3,174,58.0
H0228_P003_202603,H0228,P003,2026-03-01,1,4,112,28.0
H0228_P004_202511,H0228,P004,2025-11-01,1,1,55,55.0
H0228_P004_202512,H0228,P004,2025-12-01,1,1,51,51.0
H0228_P004_202601,H0228,P004,2026-01-01,1,1,20,20.0
H0228_P004_202602,H0228,P004,2026-02-01,1,1,25,25.0
H0228_P005_202511,H0228,P005,2025-11-01,1,1,39,39.0
H0229_P001_202506,H0229,P001,2025-06-01,1,1,30,30.0
H0229_P001_202508,H0229,P001,2025-08-01,1,1,22,22.0
H0229_P001_202510,H0229,P001,2025-10-01,1,1,57,57.0
H0229_P001_202601,H0229,P001,2026-01-01,1,1,60,60.0
H0229_P001_202602,H0229,P001,2026-02-01,1,1,35,35.0
H0229_P002_202507,H0229,P002,2025-07-01,1,1,20,20.0
H0229_P002_202508,H0229,P002,2025-08-01,1,1,38,38.0
H0229_P002_202603,H0229,P002,2026-03-01,1,1,33,33.0
H0229_P003_202507,H0229,P003,2025-07-01,1,1,25,25.0
H0229_P003_202509,H0229,P003,2025-09-01,1,1,32,32.0
H0229_P003_202510,H0229,P003,2025-10-01,1,1,43,43.0
H0229_P003_202601,H0229,P003,2026-01-01,1,1,45,45.0
H0229_P004_202511,H0229,P004,2025-11-01,1,1,32,32.0
H0229_P004_202601,H0229,P004,2026-01-01,1,2,90,45.0
H0229_P004_202602,H0229,P004,2026-02-01,1,1,49,49.0
H0229_P005_202510,H0229,P005,2025-10-01,1,1,28,28.0
H0229_P005_202512,H0229,P005,2025-12-01,1,1,33,33.0
H0229_P005_202601,H0229,P005,2026-01-01,1,2,118,59.0
H0229_P005_202602,H0229,P005,2026-02-01,1,1,49,49.0
H0230_P001_202506,H0230,P001,2025-06-01,1,3,159,53.0
H0230_P001_202507,H0230,P001,2025-07-01,1,2,70,35.0
H0230_P001_202508,H0230,P001,2025-08-01,1,3,123,41.0
H0230_P001_202509,H0230,P001,2025-09-01,1,1,45,45.0
H0230_P001_202510,H0230,P001,2025-10-01,1,1,44,44.0
H0230_P001_202511,H0230,P001,2025-11-01,1,2,54,27.0
H0230_P001_202512,H0230,P001,2025-12-01,1,5,190,38.0
H0230_P001_202601,H0230,P001,2026-01-01,1,2,46,23.0
H0230_P001_202602,H0230,P001,2026-02-01,1,4,100,25.0
H0230_P001_202603,H0230,P001,2026-03-01,1,2,98,49.0
H0230_P002_202506,H0230,P002,2025-06-01,1,1,31,31.0
H0230_P002_202507,H0230,P002,2025-07-01,1,1,47,47.0
H0230_P002_202508,H0230,P002,2025-08-01,1,1,58,58.0
H0230_P002_202509,H0230,P002,2025-09-01,1,1,40,40.0
H0230_P002_202510,H0230,P002,2025-10-01,1,3,75,25.0
H0230_P002_202511,H0230,P002,2025-11-01,1,5,170,34.0
H0230_P002_202602,H0230,P002,2026-02-01,1,2,84,42.0
H0230_P002_202603,H0230,P002,2026-03-01,1,1,60,60.0
H0230_P003_202506,H0230,P003,2025-06-01,1,1,22,22.0
H0230_P003_202510,H0230,P003,2025-10-01,1,2,106,53.0
H0230_P003_202602,H0230,P003,2026-02-01,1,2,66,33.0
H0230_P004_202508,H0230,P004,2025-08-01,1,1,25,25.0
H0230_P004_202510,H0230,P004,2025-10-01,1,1,25,25.0
H0230_P005_202506,H0230,P005,2025-06-01,1,2,76,38.0
H0230_P005_202510,H0230,P005,2025-10-01,1,1,27,27.0
H0230_P005_202511,H0230,P005,2025-11-01,1,2,52,26.0
H0230_P005_202602,H0230,P005,2026-02-01,1,1,59,59.0
H0230_P005_202603,H0230,P005,2026-03-01,1,1,38,38.0
H0231_P001_202506,H0231,P001,2025-06-01,1,1,31,31.0
H0231_P001_202507,H0231,P001,2025-07-01,1,1,27,27.0
H0231_P001_202509,H0231,P001,2025-09-01,1,3,144,48.0
H0231_P001_202511,H0231,P001,2025-11-01,1,2,82,41.0
H0231_P001_202512,H0231,P001,2025-12-01,1,2,82,41.0
H0231_P001_202601,H0231,P001,2026-01-01,1,1,56,56.0
H0231_P001_202602,H0231,P001,2026-02-01,1,5,300,60.0
H0231_P001_202603,H0231,P001,2026-03-01,1,2,78,39.0
H0231_P002_202512,H0231,P002,2025-12-01,1,1,41,41.0
H0231_P003_202507,H0231,P003,2025-07-01,1,1,47,47.0
H0231_P003_202508,H0231,P003,2025-08-01,1,3,162,54.0
H0231_P003_202509,H0231,P003,2025-09-01,1,1,38,38.0
H0231_P003_202510,H0231,P003,2025-10-01,1,1,24,24.0
H0231_P003_202512,H0231,P003,2025-12-01,1,2,92,46.0
H0231_P003_202602,H0231,P003,2026-02-01,1,3,90,30.0
H0231_P004_202508,H0231,P004,2025-08-01,1,1,47,47.0
H0231_P004_202512,H0231,P004,2025-12-01,1,1,33,33.0
H0231_P004_202601,H0231,P004,2026-01-01,1,1,42,42.0
H0231_P005_202506,H0231,P005,2025-06-01,1,2,104,52.0
H0231_P005_202508,H0231,P005,2025-08-01,1,1,47,47.0
H0231_P005_202509,H0231,P005,2025-09-01,1,1,25,25.0
H0231_P005_202510,H0231,P005,2025-10-01,1,1,27,27.0
H0231_P005_202512,H0231,P005,2025-12-01,1,1,53,53.0
H0231_P005_202603,H0231,P005,2026-03-01,1,1,56,56.0
H0232_P001_202506,H0232,P001,2025-06-01,1,1,38,38.0
H0232_P001_202507,H0232,P001,2025-07-01,1,2,58,29.0
H0232_P001_202508,H0232,P001,2025-08-01,1,2,52,26.0
H0232_P001_202509,H0232,P001,2025-09-01,1,1,20,20.0
H0232_P001_202510,H0232,P001,2025-10-01,1,1,57,57.0
H0232_P001_202511,H0232,P001,2025-11-01,1,1,26,26.0
H0232_P001_202512,H0232,P001,2025-12-01,1,1,43,43.0
H0232_P001_202602,H0232,P001,2026-02-01,1,2,94,47.0
H0232_P002_202506,H0232,P002,2025-06-01,1,2,62,31.0
H0232_P002_202507,H0232,P002,2025-07-01,1,2,50,25.0
H0232_P002_202508,H0232,P002,2025-08-01,1,2,118,59.0
H0232_P002_202509,H0232,P002,2025-09-01,1,1,37,37.0
H0232_P002_202510,H0232,P002,2025-10-01,1,3,132,44.0
H0232_P002_202511,H0232,P002,2025-11-01,1,3,150,50.0
H0232_P002_202512,H0232,P002,2025-12-01,1,1,44,44.0
H0232_P002_202601,H0232,P002,2026-01-01,1,3,177,59.0
H0232_P002_202602,H0232,P002,2026-02-01,1,3,159,53.0
H0232_P002_202603,H0232,P002,2026-03-01,1,1,45,45.0
H0232_P004_202511,H0232,P004,2025-11-01,1,2,74,37.0
H0232_P004_202512,H0232,P004,2025-12-01,1,1,20,20.0
H0232_P004_202601,H0232,P004,2026-01-01,1,1,52,52.0
H0232_P005_202507,H0232,P005,2025-07-01,1,1,32,32.0
H0232_P005_202508,H0232,P005,2025-08-01,1,1,48,48.0
H0232_P005_202602,H0232,P005,2026-02-01,1,1,43,43.0
H0233_P001_202509,H0233,P001,2025-09-01,1,3,108,36.0
H0233_P001_202510,H0233,P001,2025-10-01,1,1,31,31.0
H0233_P001_202511,H0233,P001,2025-11-01,1,2,68,34.0
H0233_P001_202512,H0233,P001,2025-12-01,1,3,93,31.0
H0233_P001_202602,H0233,P001,2026-02-01,1,1,24,24.0
H0233_P001_202603,H0233,P001,2026-03-01,1,2,120,60.0
H0233_P002_202506,H0233,P002,2025-06-01,1,6,192,32.0
H0233_P002_202507,H0233,P002,2025-07-01,1,4,120,30.0
H0233_P002_202508,H0233,P002,2025-08-01,1,1,38,38.0
H0233_P002_202509,H0233,P002,2025-09-01,1,4,132,33.0
H0233_P002_202510,H0233,P002,2025-10-01,1,3,63,21.0
H0233_P002_202511,H0233,P002,2025-11-01,1,7,350,50.0
H0233_P002_202512,H0233,P002,2025-12-01,1,4,128,32.0
H0233_P002_202601,H0233,P002,2026-01-01,1,5,200,40.0
H0233_P002_202602,H0233,P002,2026-02-01,1,3,84,28.0
H0233_P002_202603,H0233,P002,2026-03-01,1,3,165,55.0
H0233_P003_202507,H0233,P003,2025-07-01,1,4,96,24.0
H0233_P003_202508,H0233,P003,2025-08-01,1,1,42,42.0
H0233_P003_202509,H0233,P003,2025-09-01,1,2,64,32.0
H0233_P003_202510,H0233,P003,2025-10-01,1,1,21,21.0
H0233_P003_202512,H0233,P003,2025-12-01,1,1,50,50.0
H0233_P003_202602,H0233,P003,2026-02-01,1,1,54,54.0
H0233_P004_202506,H0233,P004,2025-06-01,1,3,63,21.0
H0233_P004_202507,H0233,P004,2025-07-01,1,3,102,34.0
H0233_P004_202508,H0233,P004,2025-08-01,1,6,156,26.0
H0233_P004_202509,H0233,P004,2025-09-01,1,3,129,43.0
H0233_P004_202511,H0233,P004,2025-11-01,1,3,150,50.0
H0233_P004_202512,H0233,P004,2025-12-01,1,8,456,57.0
H0233_P004_202601,H0233,P004,2026-01-01,1,5,125,25.0
H0233_P004_202603,H0233,P004,2026-03-01,1,3,60,20.0
H0233_P005_202506,H0233,P005,2025-06-01,1,4,96,24.0
H0233_P005_202507,H0233,P005,2025-07-01,1,2,110,55.0
H0233_P005_202508,H0233,P005,2025-08-01,1,3,93,31.0
H0233_P005_202509,H0233,P005,2025-09-01,1,5,185,37.0
H0233_P005_202510,H0233,P005,2025-10-01,1,6,204,34.0
H0233_P005_202511,H0233,P005,2025-11-01,1,3,135,45.0
H0233_P005_202512,H0233,P005,2025-12-01,1,4,188,47.0
H0233_P005_202601,H0233,P005,2026-01-01,1,3,81,27.0
H0233_P005_202602,H0233,P005,2026-02-01,1,1,39,39.0
H0233_P005_202603,H0233,P005,2026-03-01,1,1,27,27.0
H0234_P001_202506,H0234,P001,2025-06-01,1,4,188,47.0
H0234_P001_202507,H0234,P001,2025-07-01,1,3,72,24.0
H0234_P001_202508,H0234,P001,2025-08-01,1,5,130,26.0
H0234_P001_202509,H0234,P001,2025-09-01,1,4,192,48.0
H0234_P001_202510,H0234,P001,2025-10-01,1,5,140,28.0
H0234_P001_202511,H0234,P001,2025-11-01,1,7,245,35.0
H0234_P001_202512,H0234,P001,2025-12-01,1,9,531,59.0
H0234_P001_202601,H0234,P001,2026-01-01,1,7,175,25.0
H0234_P001_202602,H0234,P001,2026-02-01,1,5,185,37.0
H0234_P001_202603,H0234,P001,2026-03-01,1,8,352,44.0
H0234_P002_202506,H0234,P002,2025-06-01,1,2,86,43.0
H0234_P002_202507,H0234,P002,2025-07-01,1,5,255,51.0
H0234_P002_202508,H0234,P002,2025-08-01,1,4,144,36.0
H0234_P002_202509,H0234,P002,2025-09-01,1,5,280,56.0
H0234_P002_202510,H0234,P002,2025-10-01,1,2,72,36.0
H0234_P002_202511,H0234,P002,2025-11-01,1,4,108,27.0
H0234_P002_202512,H0234,P002,2025-12-01,1,5,245,49.0
H0234_P002_202601,H0234,P002,2026-01-01,1,4,188,47.0
H0234_P002_202602,H0234,P002,2026-02-01,1,1,56,56.0
H0234_P002_202603,H0234,P002,2026-03-01,1,5,120,24.0
H0234_P003_202506,H0234,P003,2025-06-01,1,5,215,43.0
H0234_P003_202507,H0234,P003,2025-07-01,1,5,190,38.0
H0234_P003_202508,H0234,P003,2025-08-01,1,6,120,20.0
H0234_P003_202509,H0234,P003,2025-09-01,1,7,336,48.0
H0234_P003_202510,H0234,P003,2025-10-01,1,6,288,48.0
H0234_P003_202511,H0234,P003,2025-11-01,1,3,132,44.0
H0234_P003_202512,H0234,P003,2025-12-01,1,5,120,24.0
H0234_P003_202601,H0234,P003,2026-01-01,1,5,205,41.0
H0234_P003_202602,H0234,P003,2026-02-01,1,6,234,39.0
H0234_P003_202603,H0234,P003,2026-03-01,1,4,144,36.0
H0234_P004_202506,H0234,P004,2025-06-01,1,2,40,20.0
H0234_P004_202507,H0234,P004,2025-07-01,1,1,32,32.0
H0234_P004_202508,H0234,P004,2025-08-01,1,5,285,57.0
H0234_P004_202510,H0234,P004,2025-10-01,1,6,180,30.0
H0234_P004_202511,H0234,P004,2025-11-01,1,4,128,32.0
H0234_P004_202512,H0234,P004,2025-12-01,1,2,56,28.0
H0234_P004_202601,H0234,P004,2026-01-01,1,1,25,25.0
H0234_P004_202602,H0234,P004,2026-02-01,1,3,144,48.0
H0234_P005_202506,H0234,P005,2025-06-01,1,3,126,42.0
H0234_P005_202508,H0234,P005,2025-08-01,1,1,31,31.0
H0234_P005_202509,H0234,P005,2025-09-01,1,1,38,38.0
H0234_P005_202510,H0234,P005,2025-10-01,1,1,22,22.0
H0234_P005_202511,H0234,P005,2025-11-01,1,1,49,49.0
H0234_P005_202601,H0234,P005,2026-01-01,1,1,23,23.0
H0234_P005_202602,H0234,P005,2026-02-01,1,5,120,24.0
H0234_P005_202603,H0234,P005,2026-03-01,1,2,120,60.0
H0235_P002_202511,H0235,P002,2025-11-01,1,1,57,57.0
H0235_P002_202602,H0235,P002,2026-02-01,1,1,42,42.0
H0235_P003_202506,H0235,P003,2025-06-01,1,1,23,23.0
H0235_P003_202507,H0235,P003,2025-07-01,1,2,94,47.0
H0235_P003_202508,H0235,P003,2025-08-01,1,3,126,42.0
H0235_P003_202509,H0235,P003,2025-09-01,1,1,48,48.0
H0235_P003_202510,H0235,P003,2025-10-01,1,2,114,57.0
H0235_P003_202511,H0235,P003,2025-11-01,1,3,81,27.0
H0235_P003_202601,H0235,P003,2026-01-01,1,1,30,30.0
H0235_P003_202602,H0235,P003,2026-02-01,1,2,58,29.0
H0235_P003_202603,H0235,P003,2026-03-01,1,1,43,43.0
H0235_P004_202506,H0235,P004,2025-06-01,1,1,37,37.0
H0235_P004_202507,H0235,P004,2025-07-01,1,1,45,45.0
H0235_P004_202508,H0235,P004,2025-08-01,1,1,21,21.0
H0235_P004_202509,H0235,P004,2025-09-01,1,1,41,41.0
H0235_P004_202510,H0235,P004,2025-10-01,1,1,37,37.0
H0235_P004_202601,H0235,P004,2026-01-01,1,1,39,39.0
H0235_P004_202602,H0235,P004,2026-02-01,1,1,28,28.0
H0236_P001_202507,H0236,P001,2025-07-01,1,4,164,41.0
H0236_P001_202509,H0236,P001,2025-09-01,1,1,51,51.0
H0236_P001_202511,H0236,P001,2025-11-01,1,4,192,48.0
H0236_P001_202512,H0236,P001,2025-12-01,1,4,208,52.0
H0236_P001_202601,H0236,P001,2026-01-01,1,2,62,31.0
H0236_P001_202602,H0236,P001,2026-02-01,1,2,92,46.0
H0236_P002_202506,H0236,P002,2025-06-01,1,3,78,26.0
H0236_P002_202507,H0236,P002,2025-07-01,1,2,60,30.0
H0236_P002_202508,H0236,P002,2025-08-01,1,1,56,56.0
H0236_P002_202509,H0236,P002,2025-09-01,1,2,84,42.0
H0236_P002_202510,H0236,P002,2025-10-01,1,3,162,54.0
H0236_P002_202511,H0236,P002,2025-11-01,1,3,63,21.0
H0236_P002_202512,H0236,P002,2025-12-01,1,5,145,29.0
H0236_P002_202601,H0236,P002,2026-01-01,1,3,81,27.0
H0236_P002_202602,H0236,P002,2026-02-01,1,1,34,34.0
H0236_P002_202603,H0236,P002,2026-03-01,1,3,177,59.0
H0236_P003_202506,H0236,P003,2025-06-01,1,1,23,23.0
H0236_P003_202508,H0236,P003,2025-08-01,1,1,23,23.0
H0236_P003_202511,H0236,P003,2025-11-01,1,1,39,39.0
H0236_P003_202512,H0236,P003,2025-12-01,1,2,106,53.0
H0236_P004_202506,H0236,P004,2025-06-01,1,2,82,41.0
H0236_P004_202507,H0236,P004,2025-07-01,1,3,87,29.0
H0236_P004_202508,H0236,P004,2025-08-01,1,2,40,20.0
H0236_P004_202509,H0236,P004,2025-09-01,1,5,160,32.0
H0236_P004_202510,H0236,P004,2025-10-01,1,3,114,38.0
H0236_P004_202511,H0236,P004,2025-11-01,1,4,192,48.0
H0236_P004_202512,H0236,P004,2025-12-01,1,7,301,43.0
H0236_P004_202601,H0236,P004,2026-01-01,1,2,80,40.0
H0236_P004_202602,H0236,P004,2026-02-01,1,3,72,24.0
H0236_P004_202603,H0236,P004,2026-03-01,1,3,153,51.0
H0236_P005_202506,H0236,P005,2025-06-01,1,2,70,35.0
H0236_P005_202507,H0236,P005,2025-07-01,1,4,84,21.0
H0236_P005_202508,H0236,P005,2025-08-01,1,2,54,27.0
H0236_P005_202510,H0236,P005,2025-10-01,1,6,324,54.0
H0236_P005_202511,H0236,P005,2025-11-01,1,2,44,22.0
H0236_P005_202512,H0236,P005,2025-12-01,1,1,32,32.0
H0236_P005_202601,H0236,P005,2026-01-01,1,1,49,49.0
H0236_P005_202602,H0236,P005,2026-02-01,1,2,94,47.0
H0237_P001_202511,H0237,P001,2025-11-01,1,1,52,52.0
H0237_P001_202512,H0237,P001,2025-12-01,1,1,48,48.0
H0237_P001_202601,H0237,P001,2026-01-01,1,1,54,54.0
H0237_P002_202507,H0237,P002,2025-07-01,1,1,59,59.0
H0237_P002_202508,H0237,P002,2025-08-01,1,2,76,38.0
H0237_P002_202509,H0237,P002,2025-09-01,1,3,135,45.0
H0237_P002_202511,H0237,P002,2025-11-01,1,3,138,46.0
H0237_P002_202512,H0237,P002,2025-12-01,1,1,37,37.0
H0237_P002_202603,H0237,P002,2026-03-01,1,2,88,44.0
H0237_P003_202506,H0237,P003,2025-06-01,1,2,54,27.0
H0237_P003_202510,H0237,P003,2025-10-01,1,1,32,32.0
H0237_P003_202511,H0237,P003,2025-11-01,1,2,108,54.0
H0237_P003_202512,H0237,P003,2025-12-01,1,2,42,21.0
H0237_P003_202601,H0237,P003,2026-01-01,1,4,96,24.0
H0237_P003_202602,H0237,P003,2026-02-01,1,3,75,25.0
H0237_P003_202603,H0237,P003,2026-03-01,1,1,38,38.0
H0237_P004_202506,H0237,P004,2025-06-01,1,2,72,36.0
H0237_P004_202508,H0237,P004,2025-08-01,1,1,27,27.0
H0237_P004_202509,H0237,P004,2025-09-01,1,1,59,59.0
H0237_P004_202510,H0237,P004,2025-10-01,1,2,62,31.0
H0237_P004_202511,H0237,P004,2025-11-01,1,3,132,44.0
H0237_P004_202603,H0237,P004,2026-03-01,1,3,60,20.0
H0237_P005_202506,H0237,P005,2025-06-01,1,1,28,28.0
H0237_P005_202507,H0237,P005,2025-07-01,1,4,204,51.0
H0237_P005_202508,H0237,P005,2025-08-01,1,1,43,43.0
H0237_P005_202509,H0237,P005,2025-09-01,1,3,138,46.0
H0237_P005_202510,H0237,P005,2025-10-01,1,1,21,21.0
H0237_P005_202511,H0237,P005,2025-11-01,1,3,156,52.0
H0237_P005_202512,H0237,P005,2025-12-01,1,5,170,34.0
H0237_P005_202601,H0237,P005,2026-01-01,1,1,57,57.0
H0237_P005_202602,H0237,P005,2026-02-01,1,3,75,25.0
H0237_P005_202603,H0237,P005,2026-03-01,1,3,153,51.0
H0238_P001_202510,H0238,P001,2025-10-01,1,2,102,51.0
H0238_P002_202508,H0238,P002,2025-08-01,1,1,42,42.0
H0238_P003_202506,H0238,P003,2025-06-01,1,2,118,59.0
H0238_P003_202509,H0238,P003,2025-09-01,1,1,27,27.0
H0238_P003_202510,H0238,P003,2025-10-01,1,1,48,48.0
H0238_P003_202511,H0238,P003,2025-11-01,1,1,27,27.0
H0238_P004_202506,H0238,P004,2025-06-01,1,2,44,22.0
H0238_P004_202507,H0238,P004,2025-07-01,1,1,46,46.0
H0238_P004_202508,H0238,P004,2025-08-01,1,3,108,36.0
H0238_P004_202511,H0238,P004,2025-11-01,1,2,82,41.0
H0238_P004_202603,H0238,P004,2026-03-01,1,2,50,25.0
H0238_P005_202506,H0238,P005,2025-06-01,1,3,117,39.0
H0238_P005_202507,H0238,P005,2025-07-01,1,2,100,50.0
H0238_P005_202508,H0238,P005,2025-08-01,1,4,200,50.0
H0238_P005_202509,H0238,P005,2025-09-01,1,5,100,20.0
H0238_P005_202510,H0238,P005,2025-10-01,1,3,141,47.0
H0238_P005_202511,H0238,P005,2025-11-01,1,4,188,47.0
H0238_P005_202512,H0238,P005,2025-12-01,1,1,46,46.0
H0238_P005_202601,H0238,P005,2026-01-01,1,5,150,30.0
H0238_P005_202602,H0238,P005,2026-02-01,1,5,205,41.0
H0238_P005_202603,H0238,P005,2026-03-01,1,3,159,53.0
H0239_P001_202506,H0239,P001,2025-06-01,1,1,57,57.0
H0239_P001_202602,H0239,P001,2026-02-01,1,1,33,33.0
H0239_P001_202603,H0239,P001,2026-03-01,1,1,22,22.0
H0239_P003_202509,H0239,P003,2025-09-01,1,2,66,33.0
H0239_P003_202511,H0239,P003,2025-11-01,1,1,43,43.0
H0239_P003_202601,H0239,P003,2026-01-01,1,1,42,42.0
H0239_P004_202506,H0239,P004,2025-06-01,1,2,80,40.0
H0239_P004_202507,H0239,P004,2025-07-01,1,2,82,41.0
H0239_P004_202509,H0239,P004,2025-09-01,1,2,96,48.0
H0239_P004_202510,H0239,P004,2025-10-01,1,1,42,42.0
H0239_P004_202511,H0239,P004,2025-11-01,1,1,21,21.0
H0239_P004_202512,H0239,P004,2025-12-01,1,2,116,58.0
H0239_P004_202601,H0239,P004,2026-01-01,1,1,35,35.0
H0239_P004_202602,H0239,P004,2026-02-01,1,1,45,45.0
H0239_P005_202601,H0239,P005,2026-01-01,1,1,20,20.0
H0239_P005_202603,H0239,P005,2026-03-01,1,1,55,55.0
H0240_P005_202508,H0240,P005,2025-08-01,1,1,24,24.0
H0240_P005_202511,H0240,P005,2025-11-01,1,1,24,24.0
H0240_P005_202512,H0240,P005,2025-12-01,1,2,50,25.0
H0240_P005_202601,H0240,P005,2026-01-01,1,1,22,22.0
H0241_P002_202510,H0241,P002,2025-10-01,1,1,22,22.0
H0242_P001_202506,H0242,P001,2025-06-01,1,3,159,53.0
H0242_P001_202507,H0242,P001,2025-07-01,1,1,60,60.0
H0242_P001_202508,H0242,P001,2025-08-01,1,2,42,21.0
H0242_P001_202509,H0242,P001,2025-09-01,1,1,40,40.0
H0242_P001_202510,H0242,P001,2025-10-01,1,1,26,26.0
H0242_P001_202511,H0242,P001,2025-11-01,1,6,168,28.0
H0242_P001_202512,H0242,P001,2025-12-01,1,3,66,22.0
H0242_P001_202601,H0242,P001,2026-01-01,1,4,216,54.0
H0242_P001_202603,H0242,P001,2026-03-01,1,2,110,55.0
H0242_P002_202506,H0242,P002,2025-06-01,1,1,50,50.0
H0242_P002_202507,H0242,P002,2025-07-01,1,2,96,48.0
H0242_P002_202508,H0242,P002,2025-08-01,1,3,135,45.0
H0242_P002_202509,H0242,P002,2025-09-01,1,1,23,23.0
H0242_P002_202511,H0242,P002,2025-11-01,1,2,62,31.0
H0242_P002_202512,H0242,P002,2025-12-01,1,3,156,52.0
H0242_P002_202601,H0242,P002,2026-01-01,1,1,42,42.0
H0242_P002_202602,H0242,P002,2026-02-01,1,1,21,21.0
H0242_P002_202603,H0242,P002,2026-03-01,1,1,43,43.0
H0242_P003_202506,H0242,P003,2025-06-01,1,3,66,22.0
H0242_P003_202508,H0242,P003,2025-08-01,1,2,114,57.0
H0242_P003_202509,H0242,P003,2025-09-01,1,6,150,25.0
H0242_P003_202510,H0242,P003,2025-10-01,1,3,156,52.0
H0242_P003_202511,H0242,P003,2025-11-01,1,1,44,44.0
H0242_P003_202512,H0242,P003,2025-12-01,1,1,28,28.0
H0242_P003_202601,H0242,P003,2026-01-01,1,1,31,31.0
H0242_P003_202602,H0242,P003,2026-02-01,1,2,68,34.0
H0242_P003_202603,H0242,P003,2026-03-01,1,2,56,28.0
H0242_P004_202506,H0242,P004,2025-06-01,1,4,204,51.0
H0242_P004_202507,H0242,P004,2025-07-01,1,6,270,45.0
H0242_P004_202508,H0242,P004,2025-08-01,1,2,90,45.0
H0242_P004_202509,H0242,P004,2025-09-01,1,2,106,53.0
H0242_P004_202510,H0242,P004,2025-10-01,1,2,98,49.0
H0242_P004_202511,H0242,P004,2025-11-01,1,1,39,39.0
H0242_P004_202512,H0242,P004,2025-12-01,1,3,171,57.0
H0242_P004_202601,H0242,P004,2026-01-01,1,3,135,45.0
H0242_P004_202602,H0242,P004,2026-02-01,1,2,48,24.0
H0242_P005_202506,H0242,P005,2025-06-01,1,4,168,42.0
H0242_P005_202507,H0242,P005,2025-07-01,1,2,102,51.0
H0242_P005_202508,H0242,P005,2025-08-01,1,3,84,28.0
H0242_P005_202511,H0242,P005,2025-11-01,1,3,96,32.0
H0242_P005_202512,H0242,P005,2025-12-01,1,7,350,50.0
H0242_P005_202602,H0242,P005,2026-02-01,1,1,39,39.0
H0242_P005_202603,H0242,P005,2026-03-01,1,8,440,55.0
H0243_P001_202508,H0243,P001,2025-08-01,1,1,24,24.0
H0243_P001_202509,H0243,P001,2025-09-01,1,1,31,31.0
H0243_P001_202510,H0243,P001,2025-10-01,1,2,40,20.0
H0243_P001_202512,H0243,P001,2025-12-01,1,1,52,52.0
H0243_P001_202602,H0243,P001,2026-02-01,1,2,42,21.0
H0243_P002_202506,H0243,P002,2025-06-01,1,1,52,52.0
H0243_P002_202507,H0243,P002,2025-07-01,1,1,60,60.0
H0243_P002_202509,H0243,P002,2025-09-01,1,3,102,34.0
H0243_P002_202510,H0243,P002,2025-10-01,1,2,70,35.0
H0243_P002_202511,H0243,P002,2025-11-01,1,1,32,32.0
H0243_P002_202512,H0243,P002,2025-12-01,1,4,212,53.0
H0243_P002_202601,H0243,P002,2026-01-01,1,1,58,58.0
H0243_P002_202602,H0243,P002,2026-02-01,1,2,64,32.0
H0243_P002_202603,H0243,P002,2026-03-01,1,3,75,25.0
H0243_P003_202506,H0243,P003,2025-06-01,1,1,35,35.0
H0243_P003_202507,H0243,P003,2025-07-01,1,2,96,48.0
H0243_P003_202508,H0243,P003,2025-08-01,1,2,118,59.0
H0243_P003_202601,H0243,P003,2026-01-01,1,1,38,38.0
H0243_P003_202602,H0243,P003,2026-02-01,1,1,58,58.0
H0243_P004_202506,H0243,P004,2025-06-01,1,4,108,27.0
H0243_P004_202507,H0243,P004,2025-07-01,1,4,92,23.0
H0243_P004_202508,H0243,P004,2025-08-01,1,4,180,45.0
H0243_P004_202509,H0243,P004,2025-09-01,1,4,140,35.0
H0243_P004_202510,H0243,P004,2025-10-01,1,1,39,39.0
H0243_P004_202511,H0243,P004,2025-11-01,1,3,90,30.0
H0243_P004_202601,H0243,P004,2026-01-01,1,2,60,30.0
H0243_P004_202602,H0243,P004,2026-02-01,1,3,99,33.0
H0243_P004_202603,H0243,P004,2026-03-01,1,1,52,52.0
H0243_P005_202506,H0243,P005,2025-06-01,1,3,138,46.0
H0243_P005_202507,H0243,P005,2025-07-01,1,3,60,20.0
H0243_P005_202509,H0243,P005,2025-09-01,1,1,55,55.0
H0243_P005_202510,H0243,P005,2025-10-01,1,3,171,57.0
H0243_P005_202511,H0243,P005,2025-11-01,1,1,27,27.0
H0243_P005_202602,H0243,P005,2026-02-01,1,1,28,28.0
H0243_P005_202603,H0243,P005,2026-03-01,1,3,144,48.0
H0244_P001_202506,H0244,P001,2025-06-01,1,2,44,22.0
H0244_P001_202507,H0244,P001,2025-07-01,1,1,33,33.0
H0244_P001_202508,H0244,P001,2025-08-01,1,2,40,20.0
H0244_P001_202509,H0244,P001,2025-09-01,1,2,72,36.0
H0244_P001_202510,H0244,P001,2025-10-01,1,2,104,52.0
H0244_P001_202511,H0244,P001,2025-11-01,1,1,50,50.0
H0244_P001_202601,H0244,P001,2026-01-01,1,1,37,37.0
H0244_P001_202602,H0244,P001,2026-02-01,1,1,32,32.0
H0244_P001_202603,H0244,P001,2026-03-01,1,2,114,57.0
H0244_P002_202507,H0244,P002,2025-07-01,1,1,21,21.0
H0244_P002_202508,H0244,P002,2025-08-01,1,2,90,45.0
H0244_P002_202510,H0244,P002,2025-10-01,1,3,147,49.0
H0244_P002_202512,H0244,P002,2025-12-01,1,1,28,28.0
H0244_P002_202601,H0244,P002,2026-01-01,1,1,43,43.0
H0244_P002_202602,H0244,P002,2026-02-01,1,1,41,41.0
H0244_P002_202603,H0244,P002,2026-03-01,1,1,36,36.0
H0244_P003_202506,H0244,P003,2025-06-01,1,4,156,39.0
H0244_P003_202507,H0244,P003,2025-07-01,1,4,220,55.0
H0244_P003_202508,H0244,P003,2025-08-01,1,3,72,24.0
H0244_P003_202509,H0244,P003,2025-09-01,1,5,100,20.0
H0244_P003_202510,H0244,P003,2025-10-01,1,6,132,22.0
H0244_P003_202511,H0244,P003,2025-11-01,1,5,130,26.0
H0244_P003_202512,H0244,P003,2025-12-01,1,3,93,31.0
H0244_P003_202601,H0244,P003,2026-01-01,1,2,114,57.0
H0244_P003_202602,H0244,P003,2026-02-01,1,9,486,54.0
H0244_P003_202603,H0244,P003,2026-03-01,1,3,78,26.0
H0244_P004_202507,H0244,P004,2025-07-01,1,2,44,22.0
H0244_P004_202508,H0244,P004,2025-08-01,1,4,124,31.0
H0244_P004_202509,H0244,P004,2025-09-01,1,3,171,57.0
H0244_P004_202510,H0244,P004,2025-10-01,1,2,114,57.0
H0244_P004_202601,H0244,P004,2026-01-01,1,1,52,52.0
H0244_P004_202602,H0244,P004,2026-02-01,1,1,21,21.0
H0244_P004_202603,H0244,P004,2026-03-01,1,1,37,37.0
H0244_P005_202509,H0244,P005,2025-09-01,1,3,129,43.0
H0244_P005_202510,H0244,P005,2025-10-01,1,1,44,44.0
H0244_P005_202512,H0244,P005,2025-12-01,1,2,60,30.0
H0244_P005_202603,H0244,P005,2026-03-01,1,1,53,53.0
H0245_P001_202506,H0245,P001,2025-06-01,1,9,432,48.0
H0245_P001_202507,H0245,P001,2025-07-01,1,4,176,44.0
H0245_P001_202508,H0245,P001,2025-08-01,1,2,58,29.0
H0245_P001_202509,H0245,P001,2025-09-01,1,3,114,38.0
H0245_P001_202510,H0245,P001,2025-10-01,1,5,170,34.0
H0245_P001_202511,H0245,P001,2025-11-01,1,2,78,39.0
H0245_P001_202512,H0245,P001,2025-12-01,1,5,105,21.0
H0245_P001_202601,H0245,P001,2026-01-01,1,4,148,37.0
H0245_P001_202602,H0245,P001,2026-02-01,1,4,168,42.0
H0245_P001_202603,H0245,P001,2026-03-01,1,4,220,55.0
H0245_P002_202506,H0245,P002,2025-06-01,1,10,460,46.0
H0245_P002_202507,H0245,P002,2025-07-01,1,4,104,26.0
H0245_P002_202508,H0245,P002,2025-08-01,1,10,240,24.0
H0245_P002_202509,H0245,P002,2025-09-01,1,8,240,30.0
H0245_P002_202510,H0245,P002,2025-10-01,1,3,150,50.0
H0245_P002_202511,H0245,P002,2025-11-01,1,10,520,52.0
H0245_P002_202512,H0245,P002,2025-12-01,1,4,224,56.0
H0245_P002_202601,H0245,P002,2026-01-01,1,11,451,41.0
H0245_P002_202602,H0245,P002,2026-02-01,1,7,315,45.0
H0245_P002_202603,H0245,P002,2026-03-01,1,2,100,50.0
H0245_P003_202506,H0245,P003,2025-06-01,1,1,40,40.0
H0245_P003_202507,H0245,P003,2025-07-01,1,2,112,56.0
H0245_P003_202508,H0245,P003,2025-08-01,1,2,54,27.0
H0245_P003_202509,H0245,P003,2025-09-01,1,7,399,57.0
H0245_P003_202510,H0245,P003,2025-10-01,1,2,52,26.0
H0245_P003_202511,H0245,P003,2025-11-01,1,4,112,28.0
H0245_P003_202512,H0245,P003,2025-12-01,1,2,106,53.0
H0245_P003_202601,H0245,P003,2026-01-01,1,4,92,23.0
H0245_P003_202602,H0245,P003,2026-02-01,1,1,55,55.0
H0245_P003_202603,H0245,P003,2026-03-01,1,5,130,26.0
H0245_P004_202506,H0245,P004,2025-06-01,1,4,80,20.0
H0245_P004_202507,H0245,P004,2025-07-01,1,3,63,21.0
H0245_P004_202508,H0245,P004,2025-08-01,1,3,99,33.0
H0245_P004_202509,H0245,P004,2025-09-01,1,4,156,39.0
H0245_P004_202510,H0245,P004,2025-10-01,1,3,144,48.0
H0245_P004_202511,H0245,P004,2025-11-01,1,2,72,36.0
H0245_P004_202512,H0245,P004,2025-12-01,1,2,92,46.0
H0245_P004_202601,H0245,P004,2026-01-01,1,1,38,38.0
H0245_P004_202602,H0245,P004,2026-02-01,1,3,177,59.0
H0245_P004_202603,H0245,P004,2026-03-01,1,2,120,60.0
H0245_P005_202506,H0245,P005,2025-06-01,1,11,385,35.0
H0245_P005_202507,H0245,P005,2025-07-01,1,13,533,41.0
H0245_P005_202508,H0245,P005,2025-08-01,1,5,115,23.0
H0245_P005_202509,H0245,P005,2025-09-01,1,17,714,42.0
H0245_P005_202510,H0245,P005,2025-10-01,1,14,798,57.0
H0245_P005_202511,H0245,P005,2025-11-01,1,17,816,48.0
H0245_P005_202512,H0245,P005,2025-12-01,1,11,385,35.0
H0245_P005_202601,H0245,P005,2026-01-01,1,11,572,52.0
H0245_P005_202602,H0245,P005,2026-02-01,1,12,432,36.0
H0245_P005_202603,H0245,P005,2026-03-01,1,8,432,54.0
H0246_P001_202506,H0246,P001,2025-06-01,1,4,100,25.0
H0246_P001_202507,H0246,P001,2025-07-01,1,3,138,46.0
H0246_P001_202508,H0246,P001,2025-08-01,1,2,56,28.0
H0246_P001_202509,H0246,P001,2025-09-01,1,3,81,27.0
H0246_P001_202510,H0246,P001,2025-10-01,1,2,86,43.0
H0246_P001_202511,H0246,P001,2025-11-01,1,5,280,56.0
H0246_P001_202512,H0246,P001,2025-12-01,1,2,102,51.0
H0246_P001_202601,H0246,P001,2026-01-01,1,3,120,40.0
H0246_P001_202602,H0246,P001,2026-02-01,1,4,224,56.0
H0246_P001_202603,H0246,P001,2026-03-01,1,3,63,21.0
H0246_P002_202506,H0246,P002,2025-06-01,1,1,32,32.0
H0246_P002_202507,H0246,P002,2025-07-01,1,3,63,21.0
H0246_P002_202509,H0246,P002,2025-09-01,1,2,58,29.0
H0246_P002_202510,H0246,P002,2025-10-01,1,3,108,36.0
H0246_P002_202511,H0246,P002,2025-11-01,1,1,31,31.0
H0246_P002_202512,H0246,P002,2025-12-01,1,1,33,33.0
H0246_P002_202602,H0246,P002,2026-02-01,1,1,56,56.0
H0246_P002_202603,H0246,P002,2026-03-01,1,1,24,24.0
H0246_P003_202508,H0246,P003,2025-08-01,1,1,58,58.0
H0246_P003_202510,H0246,P003,2025-10-01,1,1,30,30.0
H0246_P003_202511,H0246,P003,2025-11-01,1,1,50,50.0
H0246_P003_202512,H0246,P003,2025-12-01,1,1,37,37.0
H0246_P004_202506,H0246,P004,2025-06-01,1,3,78,26.0
H0246_P004_202508,H0246,P004,2025-08-01,1,1,20,20.0
H0246_P004_202509,H0246,P004,2025-09-01,1,3,108,36.0
H0246_P004_202510,H0246,P004,2025-10-01,1,4,208,52.0
H0246_P004_202511,H0246,P004,2025-11-01,1,1,43,43.0
H0246_P004_202601,H0246,P004,2026-01-01,1,2,92,46.0
H0246_P004_202602,H0246,P004,2026-02-01,1,2,46,23.0
H0246_P005_202506,H0246,P005,2025-06-01,1,1,45,45.0
H0246_P005_202507,H0246,P005,2025-07-01,1,1,50,50.0
H0246_P005_202508,H0246,P005,2025-08-01,1,1,33,33.0
H0246_P005_202509,H0246,P005,2025-09-01,1,4,100,25.0
H0246_P005_202510,H0246,P005,2025-10-01,1,1,53,53.0
H0246_P005_202511,H0246,P005,2025-11-01,1,2,108,54.0
H0246_P005_202512,H0246,P005,2025-12-01,1,1,27,27.0
H0246_P005_202602,H0246,P005,2026-02-01,1,2,116,58.0
H0246_P005_202603,H0246,P005,2026-03-01,1,1,25,25.0
H0247_P001_202509,H0247,P001,2025-09-01,1,1,31,31.0
H0247_P001_202511,H0247,P001,2025-11-01,1,1,28,28.0
H0247_P001_202512,H0247,P001,2025-12-01,1,1,20,20.0
H0247_P001_202601,H0247,P001,2026-01-01,1,2,72,36.0
H0247_P001_202602,H0247,P001,2026-02-01,1,1,42,42.0
H0247_P001_202603,H0247,P001,2026-03-01,1,3,87,29.0
H0247_P002_202508,H0247,P002,2025-08-01,1,1,33,33.0
H0247_P002_202509,H0247,P002,2025-09-01,1,1,29,29.0
H0247_P003_202507,H0247,P003,2025-07-01,1,1,39,39.0
H0247_P003_202508,H0247,P003,2025-08-01,1,1,27,27.0
H0247_P003_202509,H0247,P003,2025-09-01,1,2,118,59.0
H0247_P003_202511,H0247,P003,2025-11-01,1,1,22,22.0
H0247_P003_202601,H0247,P003,2026-01-01,1,1,52,52.0
H0247_P003_202602,H0247,P003,2026-02-01,1,3,135,45.0
H0247_P003_202603,H0247,P003,2026-03-01,1,2,80,40.0
H0247_P004_202506,H0247,P004,2025-06-01,1,1,35,35.0
H0247_P004_202507,H0247,P004,2025-07-01,1,1,35,35.0
H0247_P004_202508,H0247,P004,2025-08-01,1,4,108,27.0
H0247_P004_202509,H0247,P004,2025-09-01,1,2,112,56.0
H0247_P004_202511,H0247,P004,2025-11-01,1,1,22,22.0
H0247_P004_202512,H0247,P004,2025-12-01,1,1,47,47.0
H0247_P004_202601,H0247,P004,2026-01-01,1,2,116,58.0
H0247_P004_202602,H0247,P004,2026-02-01,1,1,21,21.0
H0247_P004_202603,H0247,P004,2026-03-01,1,1,26,26.0
H0247_P005_202506,H0247,P005,2025-06-01,1,4,212,53.0
H0247_P005_202507,H0247,P005,2025-07-01,1,1,21,21.0
H0247_P005_202508,H0247,P005,2025-08-01,1,3,135,45.0
H0247_P005_202509,H0247,P005,2025-09-01,1,1,26,26.0
H0247_P005_202510,H0247,P005,2025-10-01,1,2,48,24.0
H0247_P005_202511,H0247,P005,2025-11-01,1,1,52,52.0
H0247_P005_202512,H0247,P005,2025-12-01,1,1,37,37.0
H0247_P005_202602,H0247,P005,2026-02-01,1,3,144,48.0
H0248_P001_202506,H0248,P001,2025-06-01,1,3,150,50.0
H0248_P001_202507,H0248,P001,2025-07-01,1,2,46,23.0
H0248_P001_202509,H0248,P001,2025-09-01,1,1,43,43.0
H0248_P001_202510,H0248,P001,2025-10-01,1,2,78,39.0
H0248_P001_202511,H0248,P001,2025-11-01,1,1,31,31.0
H0248_P001_202602,H0248,P001,2026-02-01,1,2,68,34.0
H0248_P002_202507,H0248,P002,2025-07-01,1,2,66,33.0
H0248_P002_202508,H0248,P002,2025-08-01,1,1,48,48.0
H0248_P002_202510,H0248,P002,2025-10-01,1,1,37,37.0
H0248_P002_202511,H0248,P002,2025-11-01,1,1,34,34.0
H0248_P002_202512,H0248,P002,2025-12-01,1,2,62,31.0
H0248_P002_202601,H0248,P002,2026-01-01,1,2,100,50.0
H0248_P002_202602,H0248,P002,2026-02-01,1,1,41,41.0
H0248_P002_202603,H0248,P002,2026-03-01,1,1,34,34.0
H0248_P003_202506,H0248,P003,2025-06-01,1,5,245,49.0
H0248_P003_202507,H0248,P003,2025-07-01,1,3,72,24.0
H0248_P003_202508,H0248,P003,2025-08-01,1,3,126,42.0
H0248_P003_202509,H0248,P003,2025-09-01,1,2,66,33.0
H0248_P003_202510,H0248,P003,2025-10-01,1,4,192,48.0
H0248_P003_202511,H0248,P003,2025-11-01,1,8,208,26.0
H0248_P003_202512,H0248,P003,2025-12-01,1,3,117,39.0
H0248_P003_202601,H0248,P003,2026-01-01,1,4,212,53.0
H0248_P003_202602,H0248,P003,2026-02-01,1,4,204,51.0
H0248_P003_202603,H0248,P003,2026-03-01,1,4,152,38.0
H0248_P004_202506,H0248,P004,2025-06-01,1,1,60,60.0
H0248_P004_202509,H0248,P004,2025-09-01,1,3,132,44.0
H0248_P004_202511,H0248,P004,2025-11-01,1,2,82,41.0
H0248_P004_202512,H0248,P004,2025-12-01,1,1,40,40.0
H0248_P004_202603,H0248,P004,2026-03-01,1,1,26,26.0
H0248_P005_202506,H0248,P005,2025-06-01,1,1,45,45.0
H0248_P005_202507,H0248,P005,2025-07-01,1,3,120,40.0
H0248_P005_202508,H0248,P005,2025-08-01,1,1,38,38.0
H0248_P005_202509,H0248,P005,2025-09-01,1,1,51,51.0
H0248_P005_202510,H0248,P005,2025-10-01,1,2,50,25.0
H0248_P005_202511,H0248,P005,2025-11-01,1,2,84,42.0
H0248_P005_202512,H0248,P005,2025-12-01,1,1,35,35.0
H0248_P005_202601,H0248,P005,2026-01-01,1,3,177,59.0
H0248_P005_202602,H0248,P005,2026-02-01,1,1,57,57.0
H0248_P005_202603,H0248,P005,2026-03-01,1,1,41,41.0
H0249_P001_202506,H0249,P001,2025-06-01,1,1,46,46.0
H0249_P001_202509,H0249,P001,2025-09-01,1,2,72,36.0
H0249_P001_202511,H0249,P001,2025-11-01,1,1,56,56.0
H0249_P001_202512,H0249,P001,2025-12-01,1,1,34,34.0
H0249_P001_202602,H0249,P001,2026-02-01,1,3,102,34.0
H0249_P001_202603,H0249,P001,2026-03-01,1,1,25,25.0
H0249_P002_202507,H0249,P002,2025-07-01,1,2,48,24.0
H0249_P002_202508,H0249,P002,2025-08-01,1,1,51,51.0
H0249_P002_202509,H0249,P002,2025-09-01,1,3,117,39.0
H0249_P002_202510,H0249,P002,2025-10-01,1,2,48,24.0
H0249_P002_202511,H0249,P002,2025-11-01,1,1,37,37.0
H0249_P002_202512,H0249,P002,2025-12-01,1,1,59,59.0
H0249_P003_202506,H0249,P003,2025-06-01,1,1,29,29.0
H0249_P003_202510,H0249,P003,2025-10-01,1,1,39,39.0
H0249_P003_202512,H0249,P003,2025-12-01,1,1,46,46.0
H0249_P003_202602,H0249,P003,2026-02-01,1,1,38,38.0
H0249_P004_202508,H0249,P004,2025-08-01,1,2,56,28.0
H0249_P004_202511,H0249,P004,2025-11-01,1,1,26,26.0
H0249_P005_202509,H0249,P005,2025-09-01,1,1,60,60.0
H0250_P001_202509,H0250,P001,2025-09-01,1,1,22,22.0
H0250_P001_202510,H0250,P001,2025-10-01,1,1,25,25.0
H0250_P001_202511,H0250,P001,2025-11-01,1,3,147,49.0
H0250_P001_202603,H0250,P001,2026-03-01,1,1,56,56.0
H0250_P002_202508,H0250,P002,2025-08-01,1,2,46,23.0
H0250_P002_202509,H0250,P002,2025-09-01,1,1,58,58.0
H0250_P002_202510,H0250,P002,2025-10-01,1,2,52,26.0
H0250_P002_202511,H0250,P002,2025-11-01,1,2,116,58.0
H0250_P002_202603,H0250,P002,2026-03-01,1,3,99,33.0
H0250_P003_202506,H0250,P003,2025-06-01,1,5,225,45.0
H0250_P003_202507,H0250,P003,2025-07-01,1,4,208,52.0
H0250_P003_202508,H0250,P003,2025-08-01,1,1,57,57.0
H0250_P003_202509,H0250,P003,2025-09-01,1,4,204,51.0
H0250_P003_202510,H0250,P003,2025-10-01,1,2,92,46.0
H0250_P003_202511,H0250,P003,2025-11-01,1,4,116,29.0
H0250_P003_202512,H0250,P003,2025-12-01,1,7,343,49.0
H0250_P003_202601,H0250,P003,2026-01-01,1,3,108,36.0
H0250_P003_202602,H0250,P003,2026-02-01,1,3,159,53.0
H0250_P004_202506,H0250,P004,2025-06-01,1,1,52,52.0
H0250_P004_202508,H0250,P004,2025-08-01,1,2,68,34.0
H0250_P004_202509,H0250,P004,2025-09-01,1,3,69,23.0
H0250_P004_202510,H0250,P004,2025-10-01,1,1,38,38.0
H0250_P004_202511,H0250,P004,2025-11-01,1,1,34,34.0
H0250_P004_202602,H0250,P004,2026-02-01,1,2,54,27.0
H0250_P004_202603,H0250,P004,2026-03-01,1,2,98,49.0
H0250_P005_202506,H0250,P005,2025-06-01,1,4,188,47.0
H0250_P005_202507,H0250,P005,2025-07-01,1,3,132,44.0
H0250_P005_202508,H0250,P005,2025-08-01,1,4,104,26.0
H0250_P005_202509,H0250,P005,2025-09-01,1,5,150,30.0
H0250_P005_202510,H0250,P005,2025-10-01,1,3,132,44.0
H0250_P005_202511,H0250,P005,2025-11-01,1,2,110,55.0
H0250_P005_202512,H0250,P005,2025-12-01,1,5,130,26.0
H0250_P005_202601,H0250,P005,2026-01-01,1,3,75,25.0
H0250_P005_202602,H0250,P005,2026-02-01,1,2,64,32.0
H0250_P005_202603,H0250,P005,2026-03-01,1,3,153,51.0
H0251_P001_202506,H0251,P001,2025-06-01,1,3,105,35.0
H0251_P001_202507,H0251,P001,2025-07-01,1,4,108,27.0
H0251_P001_202508,H0251,P001,2025-08-01,1,4,192,48.0
H0251_P001_202509,H0251,P001,2025-09-01,1,6,360,60.0
H0251_P001_202510,H0251,P001,2025-10-01,1,1,57,57.0
H0251_P001_202511,H0251,P001,2025-11-01,1,3,96,32.0
H0251_P001_202512,H0251,P001,2025-12-01,1,3,96,32.0
H0251_P001_202601,H0251,P001,2026-01-01,1,1,39,39.0
H0251_P001_202602,H0251,P001,2026-02-01,1,3,177,59.0
H0251_P001_202603,H0251,P001,2026-03-01,1,1,41,41.0
H0251_P002_202602,H0251,P002,2026-02-01,1,1,60,60.0
H0251_P003_202506,H0251,P003,2025-06-01,1,3,144,48.0
H0251_P003_202510,H0251,P003,2025-10-01,1,1,47,47.0
H0251_P003_202601,H0251,P003,2026-01-01,1,1,55,55.0
H0251_P003_202602,H0251,P003,2026-02-01,1,1,41,41.0
H0251_P004_202506,H0251,P004,2025-06-01,1,1,26,26.0
H0251_P004_202507,H0251,P004,2025-07-01,1,2,74,37.0
H0251_P004_202508,H0251,P004,2025-08-01,1,2,110,55.0
H0251_P004_202509,H0251,P004,2025-09-01,1,1,38,38.0
H0251_P004_202510,H0251,P004,2025-10-01,1,2,84,42.0
H0251_P004_202512,H0251,P004,2025-12-01,1,2,62,31.0
H0251_P004_202601,H0251,P004,2026-01-01,1,2,54,27.0
H0251_P004_202602,H0251,P004,2026-02-01,1,4,188,47.0
H0251_P004_202603,H0251,P004,2026-03-01,1,4,188,47.0
H0251_P005_202508,H0251,P005,2025-08-01,1,3,99,33.0
H0251_P005_202509,H0251,P005,2025-09-01,1,2,56,28.0
H0251_P005_202511,H0251,P005,2025-11-01,1,3,138,46.0
H0251_P005_202512,H0251,P005,2025-12-01,1,2,108,54.0
H0251_P005_202602,H0251,P005,2026-02-01,1,1,51,51.0
H0251_P005_202603,H0251,P005,2026-03-01,1,2,110,55.0
H0252_P001_202506,H0252,P001,2025-06-01,1,4,116,29.0
H0252_P001_202507,H0252,P001,2025-07-01,1,6,138,23.0
H0252_P001_202508,H0252,P001,2025-08-01,1,2,94,47.0
H0252_P001_202509,H0252,P001,2025-09-01,1,5,135,27.0
H0252_P001_202510,H0252,P001,2025-10-01,1,3,117,39.0
H0252_P001_202511,H0252,P001,2025-11-01,1,2,48,24.0
H0252_P001_202512,H0252,P001,2025-12-01,1,4,132,33.0
H0252_P001_202601,H0252,P001,2026-01-01,1,3,75,25.0
H0252_P001_202602,H0252,P001,2026-02-01,1,2,94,47.0
H0252_P001_202603,H0252,P001,2026-03-01,1,7,273,39.0
H0252_P002_202506,H0252,P002,2025-06-01,1,1,46,46.0
H0252_P002_202507,H0252,P002,2025-07-01,1,5,295,59.0
H0252_P002_202508,H0252,P002,2025-08-01,1,3,72,24.0
H0252_P002_202509,H0252,P002,2025-09-01,1,1,51,51.0
H0252_P002_202511,H0252,P002,2025-11-01,1,2,52,26.0
H0252_P002_202512,H0252,P002,2025-12-01,1,3,81,27.0
H0252_P002_202601,H0252,P002,2026-01-01,1,4,84,21.0
H0252_P002_202602,H0252,P002,2026-02-01,1,2,94,47.0
H0252_P002_202603,H0252,P002,2026-03-01,1,1,33,33.0
H0252_P003_202506,H0252,P003,2025-06-01,1,1,20,20.0
H0252_P003_202507,H0252,P003,2025-07-01,1,1,51,51.0
H0252_P003_202508,H0252,P003,2025-08-01,1,1,58,58.0
H0252_P003_202510,H0252,P003,2025-10-01,1,2,92,46.0
H0252_P003_202601,H0252,P003,2026-01-01,1,1,34,34.0
H0252_P003_202603,H0252,P003,2026-03-01,1,1,52,52.0
H0252_P004_202506,H0252,P004,2025-06-01,1,1,58,58.0
H0252_P004_202507,H0252,P004,2025-07-01,1,1,55,55.0
H0252_P004_202508,H0252,P004,2025-08-01,1,2,70,35.0
H0252_P004_202509,H0252,P004,2025-09-01,1,3,96,32.0
H0252_P004_202512,H0252,P004,2025-12-01,1,1,33,33.0
H0252_P004_202601,H0252,P004,2026-01-01,1,4,152,38.0
H0252_P004_202603,H0252,P004,2026-03-01,1,2,52,26.0
H0252_P005_202506,H0252,P005,2025-06-01,1,2,42,21.0
H0252_P005_202507,H0252,P005,2025-07-01,1,3,114,38.0
H0252_P005_202508,H0252,P005,2025-08-01,1,2,66,33.0
H0252_P005_202509,H0252,P005,2025-09-01,1,2,84,42.0
H0252_P005_202510,H0252,P005,2025-10-01,1,1,50,50.0
H0252_P005_202511,H0252,P005,2025-11-01,1,3,81,27.0
H0252_P005_202512,H0252,P005,2025-12-01,1,5,195,39.0
H0252_P005_202601,H0252,P005,2026-01-01,1,2,40,20.0
H0252_P005_202602,H0252,P005,2026-02-01,1,2,54,27.0
H0252_P005_202603,H0252,P005,2026-03-01,1,2,100,50.0
H0253_P001_202506,H0253,P001,2025-06-01,1,1,21,21.0
H0253_P001_202509,H0253,P001,2025-09-01,1,1,48,48.0
H0253_P001_202511,H0253,P001,2025-11-01,1,1,33,33.0
H0253_P001_202602,H0253,P001,2026-02-01,1,1,22,22.0
H0253_P002_202506,H0253,P002,2025-06-01,1,2,78,39.0
H0253_P002_202507,H0253,P002,2025-07-01,1,1,47,47.0
H0253_P002_202512,H0253,P002,2025-12-01,1,2,116,58.0
H0253_P002_202602,H0253,P002,2026-02-01,1,1,28,28.0
H0253_P002_202603,H0253,P002,2026-03-01,1,1,58,58.0
H0253_P003_202508,H0253,P003,2025-08-01,1,1,38,38.0
H0253_P003_202510,H0253,P003,2025-10-01,1,1,20,20.0
H0253_P003_202601,H0253,P003,2026-01-01,1,1,26,26.0
H0253_P003_202602,H0253,P003,2026-02-01,1,2,90,45.0
H0253_P003_202603,H0253,P003,2026-03-01,1,1,60,60.0
H0253_P004_202510,H0253,P004,2025-10-01,1,1,27,27.0
H0253_P004_202602,H0253,P004,2026-02-01,1,1,31,31.0
H0254_P001_202506,H0254,P001,2025-06-01,1,5,185,37.0
H0254_P001_202507,H0254,P001,2025-07-01,1,10,210,21.0
H0254_P001_202508,H0254,P001,2025-08-01,1,4,232,58.0
H0254_P001_202509,H0254,P001,2025-09-01,1,4,140,35.0
H0254_P001_202510,H0254,P001,2025-10-01,1,6,342,57.0
H0254_P001_202511,H0254,P001,2025-11-01,1,4,144,36.0
H0254_P001_202512,H0254,P001,2025-12-01,1,4,112,28.0
H0254_P001_202601,H0254,P001,2026-01-01,1,4,164,41.0
H0254_P001_202602,H0254,P001,2026-02-01,1,8,200,25.0
H0254_P001_202603,H0254,P001,2026-03-01,1,5,250,50.0
H0254_P002_202506,H0254,P002,2025-06-01,1,2,76,38.0
H0254_P002_202507,H0254,P002,2025-07-01,1,2,100,50.0
H0254_P002_202509,H0254,P002,2025-09-01,1,5,230,46.0
H0254_P002_202510,H0254,P002,2025-10-01,1,1,32,32.0
H0254_P002_202511,H0254,P002,2025-11-01,1,3,111,37.0
H0254_P002_202601,H0254,P002,2026-01-01,1,2,84,42.0
H0254_P002_202602,H0254,P002,2026-02-01,1,2,80,40.0
H0254_P002_202603,H0254,P002,2026-03-01,1,2,98,49.0
H0254_P003_202506,H0254,P003,2025-06-01,1,3,162,54.0
H0254_P003_202507,H0254,P003,2025-07-01,1,2,96,48.0
H0254_P003_202509,H0254,P003,2025-09-01,1,3,114,38.0
H0254_P003_202511,H0254,P003,2025-11-01,1,1,28,28.0
H0254_P003_202512,H0254,P003,2025-12-01,1,3,81,27.0
H0254_P003_202601,H0254,P003,2026-01-01,1,1,50,50.0
H0254_P003_202602,H0254,P003,2026-02-01,1,1,43,43.0
H0254_P003_202603,H0254,P003,2026-03-01,1,2,46,23.0
H0254_P004_202506,H0254,P004,2025-06-01,1,4,168,42.0
H0254_P004_202507,H0254,P004,2025-07-01,1,3,138,46.0
H0254_P004_202508,H0254,P004,2025-08-01,1,4,216,54.0
H0254_P004_202509,H0254,P004,2025-09-01,1,2,114,57.0
H0254_P004_202510,H0254,P004,2025-10-01,1,1,46,46.0
H0254_P004_202511,H0254,P004,2025-11-01,1,2,90,45.0
H0254_P004_202601,H0254,P004,2026-01-01,1,2,120,60.0
H0254_P004_202602,H0254,P004,2026-02-01,1,2,102,51.0
H0254_P004_202603,H0254,P004,2026-03-01,1,2,56,28.0
H0254_P005_202506,H0254,P005,2025-06-01,1,2,110,55.0
H0254_P005_202507,H0254,P005,2025-07-01,1,6,120,20.0
H0254_P005_202508,H0254,P005,2025-08-01,1,4,180,45.0
H0254_P005_202509,H0254,P005,2025-09-01,1,2,64,32.0
H0254_P005_202510,H0254,P005,2025-10-01,1,2,118,59.0
H0254_P005_202511,H0254,P005,2025-11-01,1,3,105,35.0
H0254_P005_202512,H0254,P005,2025-12-01,1,5,255,51.0
H0254_P005_202601,H0254,P005,2026-01-01,1,1,56,56.0
H0254_P005_202602,H0254,P005,2026-02-01,1,6,264,44.0
H0254_P005_202603,H0254,P005,2026-03-01,1,6,222,37.0
H0255_P001_202506,H0255,P001,2025-06-01,1,1,24,24.0
H0255_P001_202507,H0255,P001,2025-07-01,1,1,28,28.0
H0255_P001_202508,H0255,P001,2025-08-01,1,2,50,25.0
H0255_P001_202509,H0255,P001,2025-09-01,1,2,60,30.0
H0255_P001_202510,H0255,P001,2025-10-01,1,4,140,35.0
H0255_P001_202512,H0255,P001,2025-12-01,1,2,104,52.0
H0255_P001_202601,H0255,P001,2026-01-01,1,3,171,57.0
H0255_P001_202602,H0255,P001,2026-02-01,1,2,114,57.0
H0255_P001_202603,H0255,P001,2026-03-01,1,3,144,48.0
H0255_P002_202506,H0255,P002,2025-06-01,1,2,118,59.0
H0255_P002_202508,H0255,P002,2025-08-01,1,1,54,54.0
H0255_P002_202509,H0255,P002,2025-09-01,1,1,52,52.0
H0255_P002_202510,H0255,P002,2025-10-01,1,1,49,49.0
H0255_P002_202511,H0255,P002,2025-11-01,1,3,60,20.0
H0255_P002_202512,H0255,P002,2025-12-01,1,2,64,32.0
H0255_P003_202507,H0255,P003,2025-07-01,1,1,38,38.0
H0255_P003_202509,H0255,P003,2025-09-01,1,2,106,53.0
H0255_P003_202601,H0255,P003,2026-01-01,1,2,66,33.0
H0255_P004_202506,H0255,P004,2025-06-01,1,2,88,44.0
H0255_P004_202507,H0255,P004,2025-07-01,1,1,59,59.0
H0255_P004_202509,H0255,P004,2025-09-01,1,4,164,41.0
H0255_P004_202511,H0255,P004,2025-11-01,1,1,59,59.0
H0255_P004_202601,H0255,P004,2026-01-01,1,1,38,38.0
H0255_P004_202602,H0255,P004,2026-02-01,1,1,25,25.0
H0255_P005_202506,H0255,P005,2025-06-01,1,3,105,35.0
H0255_P005_202507,H0255,P005,2025-07-01,1,3,69,23.0
H0255_P005_202508,H0255,P005,2025-08-01,1,2,116,58.0
H0255_P005_202511,H0255,P005,2025-11-01,1,1,33,33.0
H0255_P005_202512,H0255,P005,2025-12-01,1,1,35,35.0
H0255_P005_202602,H0255,P005,2026-02-01,1,1,45,45.0
H0256_P001_202510,H0256,P001,2025-10-01,1,1,26,26.0
H0256_P001_202512,H0256,P001,2025-12-01,1,1,39,39.0
H0256_P001_202603,H0256,P001,2026-03-01,1,2,100,50.0
H0256_P002_202506,H0256,P002,2025-06-01,1,1,41,41.0
H0256_P002_202507,H0256,P002,2025-07-01,1,2,116,58.0
H0256_P002_202508,H0256,P002,2025-08-01,1,3,123,41.0
H0256_P002_202509,H0256,P002,2025-09-01,1,2,82,41.0
H0256_P002_202511,H0256,P002,2025-11-01,1,2,116,58.0
H0256_P002_202512,H0256,P002,2025-12-01,1,1,36,36.0
H0256_P002_202601,H0256,P002,2026-01-01,1,6,132,22.0
H0256_P002_202602,H0256,P002,2026-02-01,1,2,104,52.0
H0256_P002_202603,H0256,P002,2026-03-01,1,4,148,37.0
H0256_P003_202506,H0256,P003,2025-06-01,1,6,150,25.0
H0256_P003_202507,H0256,P003,2025-07-01,1,3,63,21.0
H0256_P003_202508,H0256,P003,2025-08-01,1,6,306,51.0
H0256_P003_202509,H0256,P003,2025-09-01,1,3,60,20.0
H0256_P003_202510,H0256,P003,2025-10-01,1,3,63,21.0
H0256_P003_202511,H0256,P003,2025-11-01,1,4,104,26.0
H0256_P003_202512,H0256,P003,2025-12-01,1,1,32,32.0
H0256_P003_202601,H0256,P003,2026-01-01,1,7,189,27.0
H0256_P003_202602,H0256,P003,2026-02-01,1,3,93,31.0
H0256_P003_202603,H0256,P003,2026-03-01,1,1,45,45.0
H0256_P004_202506,H0256,P004,2025-06-01,1,2,72,36.0
H0256_P004_202507,H0256,P004,2025-07-01,1,1,35,35.0
H0256_P004_202508,H0256,P004,2025-08-01,1,2,54,27.0
H0256_P004_202509,H0256,P004,2025-09-01,1,1,60,60.0
H0256_P004_202510,H0256,P004,2025-10-01,1,1,60,60.0
H0256_P004_202512,H0256,P004,2025-12-01,1,2,58,29.0
H0256_P004_202602,H0256,P004,2026-02-01,1,1,25,25.0
H0256_P004_202603,H0256,P004,2026-03-01,1,2,50,25.0
H0256_P005_202506,H0256,P005,2025-06-01,1,1,53,53.0
H0256_P005_202507,H0256,P005,2025-07-01,1,2,94,47.0
H0256_P005_202508,H0256,P005,2025-08-01,1,2,104,52.0
H0256_P005_202510,H0256,P005,2025-10-01,1,2,68,34.0
H0256_P005_202512,H0256,P005,2025-12-01,1,2,110,55.0
H0256_P005_202602,H0256,P005,2026-02-01,1,1,40,40.0
H0257_P001_202508,H0257,P001,2025-08-01,1,1,58,58.0
H0257_P002_202506,H0257,P002,2025-06-01,1,3,165,55.0
H0257_P002_202509,H0257,P002,2025-09-01,1,2,50,25.0
H0257_P002_202510,H0257,P002,2025-10-01,1,1,47,47.0
H0257_P002_202511,H0257,P002,2025-11-01,1,1,20,20.0
H0257_P002_202601,H0257,P002,2026-01-01,1,3,141,47.0
H0257_P002_202602,H0257,P002,2026-02-01,1,1,32,32.0
H0257_P003_202507,H0257,P003,2025-07-01,1,1,49,49.0
H0257_P003_202508,H0257,P003,2025-08-01,1,2,100,50.0
H0257_P003_202601,H0257,P003,2026-01-01,1,1,34,34.0
H0257_P003_202603,H0257,P003,2026-03-01,1,1,38,38.0
H0257_P004_202507,H0257,P004,2025-07-01,1,1,30,30.0
H0257_P004_202508,H0257,P004,2025-08-01,1,1,26,26.0
H0257_P004_202603,H0257,P004,2026-03-01,1,1,60,60.0
H0257_P005_202511,H0257,P005,2025-11-01,1,1,38,38.0
H0257_P005_202603,H0257,P005,2026-03-01,1,2,84,42.0
H0258_P002_202508,H0258,P002,2025-08-01,1,2,72,36.0
H0258_P002_202509,H0258,P002,2025-09-01,1,5,270,54.0
H0258_P002_202510,H0258,P002,2025-10-01,1,3,126,42.0
H0258_P002_202511,H0258,P002,2025-11-01,1,1,49,49.0
H0258_P002_202512,H0258,P002,2025-12-01,1,2,100,50.0
H0258_P002_202601,H0258,P002,2026-01-01,1,1,60,60.0
H0258_P002_202602,H0258,P002,2026-02-01,1,2,110,55.0
H0258_P002_202603,H0258,P002,2026-03-01,1,1,30,30.0
H0258_P003_202507,H0258,P003,2025-07-01,1,3,120,40.0
H0258_P003_202508,H0258,P003,2025-08-01,1,3,102,34.0
H0258_P003_202509,H0258,P003,2025-09-01,1,1,25,25.0
H0258_P003_202511,H0258,P003,2025-11-01,1,2,88,44.0
H0258_P003_202512,H0258,P003,2025-12-01,1,2,56,28.0
H0258_P003_202601,H0258,P003,2026-01-01,1,1,37,37.0
H0258_P003_202602,H0258,P003,2026-02-01,1,1,21,21.0
H0258_P003_202603,H0258,P003,2026-03-01,1,2,96,48.0
H0258_P004_202506,H0258,P004,2025-06-01,1,1,45,45.0
H0258_P004_202507,H0258,P004,2025-07-01,1,1,22,22.0
H0258_P004_202508,H0258,P004,2025-08-01,1,2,90,45.0
H0258_P004_202509,H0258,P004,2025-09-01,1,1,42,42.0
H0258_P004_202510,H0258,P004,2025-10-01,1,1,56,56.0
H0258_P004_202511,H0258,P004,2025-11-01,1,1,51,51.0
H0258_P004_202512,H0258,P004,2025-12-01,1,2,60,30.0
H0258_P004_202602,H0258,P004,2026-02-01,1,1,55,55.0
H0258_P004_202603,H0258,P004,2026-03-01,1,2,104,52.0
H0258_P005_202506,H0258,P005,2025-06-01,1,1,49,49.0
H0258_P005_202507,H0258,P005,2025-07-01,1,1,34,34.0
H0258_P005_202508,H0258,P005,2025-08-01,1,2,110,55.0
H0258_P005_202509,H0258,P005,2025-09-01,1,1,46,46.0
H0258_P005_202510,H0258,P005,2025-10-01,1,1,52,52.0
H0258_P005_202511,H0258,P005,2025-11-01,1,2,66,33.0
H0259_P001_202506,H0259,P001,2025-06-01,1,5,265,53.0
H0259_P001_202507,H0259,P001,2025-07-01,1,3,90,30.0
H0259_P001_202509,H0259,P001,2025-09-01,1,3,144,48.0
H0259_P001_202510,H0259,P001,2025-10-01,1,4,124,31.0
H0259_P001_202511,H0259,P001,2025-11-01,1,4,96,24.0
H0259_P001_202512,H0259,P001,2025-12-01,1,3,90,30.0
H0259_P001_202601,H0259,P001,2026-01-01,1,4,172,43.0
H0259_P001_202602,H0259,P001,2026-02-01,1,3,87,29.0
H0259_P001_202603,H0259,P001,2026-03-01,1,2,102,51.0
H0259_P002_202506,H0259,P002,2025-06-01,1,4,236,59.0
H0259_P002_202508,H0259,P002,2025-08-01,1,4,220,55.0
H0259_P002_202509,H0259,P002,2025-09-01,1,1,22,22.0
H0259_P002_202510,H0259,P002,2025-10-01,1,3,66,22.0
H0259_P002_202511,H0259,P002,2025-11-01,1,2,50,25.0
H0259_P002_202512,H0259,P002,2025-12-01,1,1,45,45.0
H0259_P002_202601,H0259,P002,2026-01-01,1,4,116,29.0
H0259_P002_202602,H0259,P002,2026-02-01,1,5,140,28.0
H0259_P002_202603,H0259,P002,2026-03-01,1,2,82,41.0
H0259_P003_202506,H0259,P003,2025-06-01,1,7,154,22.0
H0259_P003_202507,H0259,P003,2025-07-01,1,6,198,33.0
H0259_P003_202508,H0259,P003,2025-08-01,1,4,172,43.0
H0259_P003_202509,H0259,P003,2025-09-01,1,3,108,36.0
H0259_P003_202510,H0259,P003,2025-10-01,1,5,215,43.0
H0259_P003_202511,H0259,P003,2025-11-01,1,4,240,60.0
H0259_P003_202512,H0259,P003,2025-12-01,1,5,245,49.0
H0259_P003_202601,H0259,P003,2026-01-01,1,4,224,56.0
H0259_P003_202602,H0259,P003,2026-02-01,1,5,300,60.0
H0259_P003_202603,H0259,P003,2026-03-01,1,3,117,39.0
H0259_P004_202506,H0259,P004,2025-06-01,1,2,56,28.0
H0259_P004_202507,H0259,P004,2025-07-01,1,2,60,30.0
H0259_P004_202508,H0259,P004,2025-08-01,1,4,160,40.0
H0259_P004_202509,H0259,P004,2025-09-01,1,2,108,54.0
H0259_P004_202510,H0259,P004,2025-10-01,1,3,156,52.0
H0259_P004_202511,H0259,P004,2025-11-01,1,4,192,48.0
H0259_P004_202512,H0259,P004,2025-12-01,1,2,56,28.0
H0259_P004_202601,H0259,P004,2026-01-01,1,6,168,28.0
H0259_P004_202602,H0259,P004,2026-02-01,1,2,94,47.0
H0259_P004_202603,H0259,P004,2026-03-01,1,6,240,40.0
H0259_P005_202506,H0259,P005,2025-06-01,1,1,23,23.0
H0259_P005_202507,H0259,P005,2025-07-01,1,2,108,54.0
H0259_P005_202509,H0259,P005,2025-09-01,1,3,114,38.0
H0259_P005_202510,H0259,P005,2025-10-01,1,3,168,56.0
H0259_P005_202511,H0259,P005,2025-11-01,1,5,150,30.0
H0259_P005_202512,H0259,P005,2025-12-01,1,3,123,41.0
H0259_P005_202601,H0259,P005,2026-01-01,1,1,27,27.0
H0259_P005_202602,H0259,P005,2026-02-01,1,1,40,40.0
H0260_P001_202506,H0260,P001,2025-06-01,1,6,126,21.0
H0260_P001_202507,H0260,P001,2025-07-01,1,6,264,44.0
H0260_P001_202508,H0260,P001,2025-08-01,1,3,87,29.0
H0260_P001_202509,H0260,P001,2025-09-01,1,2,64,32.0
H0260_P001_202510,H0260,P001,2025-10-01,1,8,432,54.0
H0260_P001_202511,H0260,P001,2025-11-01,1,5,190,38.0
H0260_P001_202512,H0260,P001,2025-12-01,1,8,432,54.0
H0260_P001_202601,H0260,P001,2026-01-01,1,3,102,34.0
H0260_P001_202602,H0260,P001,2026-02-01,1,4,104,26.0
H0260_P001_202603,H0260,P001,2026-03-01,1,3,96,32.0
H0260_P002_202506,H0260,P002,2025-06-01,1,7,154,22.0
H0260_P002_202507,H0260,P002,2025-07-01,1,5,260,52.0
H0260_P002_202508,H0260,P002,2025-08-01,1,1,30,30.0
H0260_P002_202509,H0260,P002,2025-09-01,1,2,96,48.0
H0260_P002_202510,H0260,P002,2025-10-01,1,4,172,43.0
H0260_P002_202511,H0260,P002,2025-11-01,1,3,138,46.0
H0260_P002_202512,H0260,P002,2025-12-01,1,3,165,55.0
H0260_P002_202601,H0260,P002,2026-01-01,1,3,75,25.0
H0260_P002_202602,H0260,P002,2026-02-01,1,5,165,33.0
H0260_P002_202603,H0260,P002,2026-03-01,1,1,43,43.0
H0260_P003_202508,H0260,P003,2025-08-01,1,2,90,45.0
H0260_P003_202509,H0260,P003,2025-09-01,1,2,118,59.0
H0260_P003_202510,H0260,P003,2025-10-01,1,1,35,35.0
H0260_P003_202602,H0260,P003,2026-02-01,1,2,44,22.0
H0260_P004_202506,H0260,P004,2025-06-01,1,3,60,20.0
H0260_P004_202507,H0260,P004,2025-07-01,1,1,42,42.0
H0260_P004_202508,H0260,P004,2025-08-01,1,3,144,48.0
H0260_P004_202509,H0260,P004,2025-09-01,1,2,42,21.0
H0260_P004_202510,H0260,P004,2025-10-01,1,4,108,27.0
H0260_P004_202511,H0260,P004,2025-11-01,1,2,56,28.0
H0260_P004_202512,H0260,P004,2025-12-01,1,6,306,51.0
H0260_P004_202601,H0260,P004,2026-01-01,1,4,80,20.0
H0260_P004_202602,H0260,P004,2026-02-01,1,4,208,52.0
H0260_P004_202603,H0260,P004,2026-03-01,1,4,208,52.0
H0260_P005_202506,H0260,P005,2025-06-01,1,2,72,36.0
H0260_P005_202508,H0260,P005,2025-08-01,1,1,24,24.0
H0260_P005_202509,H0260,P005,2025-09-01,1,2,116,58.0
H0260_P005_202510,H0260,P005,2025-10-01,1,2,56,28.0
H0260_P005_202511,H0260,P005,2025-11-01,1,1,23,23.0
H0260_P005_202603,H0260,P005,2026-03-01,1,2,108,54.0
H0261_P001_202601,H0261,P001,2026-01-01,1,1,38,38.0
H0261_P001_202602,H0261,P001,2026-02-01,1,1,22,22.0
H0261_P002_202506,H0261,P002,2025-06-01,1,1,21,21.0
H0261_P002_202507,H0261,P002,2025-07-01,1,2,50,25.0
H0261_P002_202508,H0261,P002,2025-08-01,1,1,43,43.0
H0261_P002_202509,H0261,P002,2025-09-01,1,1,60,60.0
H0261_P002_202510,H0261,P002,2025-10-01,1,1,22,22.0
H0261_P002_202511,H0261,P002,2025-11-01,1,2,62,31.0
H0261_P002_202512,H0261,P002,2025-12-01,1,2,104,52.0
H0261_P002_202601,H0261,P002,2026-01-01,1,3,105,35.0
H0261_P002_202602,H0261,P002,2026-02-01,1,4,168,42.0
H0261_P002_202603,H0261,P002,2026-03-01,1,1,49,49.0
H0261_P003_202506,H0261,P003,2025-06-01,1,1,25,25.0
H0261_P003_202508,H0261,P003,2025-08-01,1,1,48,48.0
H0261_P003_202509,H0261,P003,2025-09-01,1,1,52,52.0
H0261_P004_202506,H0261,P004,2025-06-01,1,2,58,29.0
H0261_P004_202507,H0261,P004,2025-07-01,1,1,30,30.0
H0261_P004_202508,H0261,P004,2025-08-01,1,1,49,49.0
H0261_P004_202510,H0261,P004,2025-10-01,1,1,31,31.0
H0261_P004_202511,H0261,P004,2025-11-01,1,1,55,55.0
H0261_P004_202601,H0261,P004,2026-01-01,1,1,58,58.0
H0261_P004_202603,H0261,P004,2026-03-01,1,1,58,58.0
H0261_P005_202508,H0261,P005,2025-08-01,1,1,50,50.0
H0262_P001_202508,H0262,P001,2025-08-01,1,1,35,35.0
H0262_P001_202510,H0262,P001,2025-10-01,1,1,42,42.0
H0262_P001_202601,H0262,P001,2026-01-01,1,3,81,27.0
H0262_P002_202506,H0262,P002,2025-06-01,1,1,50,50.0
H0262_P002_202507,H0262,P002,2025-07-01,1,2,74,37.0
H0262_P002_202508,H0262,P002,2025-08-01,1,2,98,49.0
H0262_P002_202509,H0262,P002,2025-09-01,1,1,33,33.0
H0262_P002_202510,H0262,P002,2025-10-01,1,2,102,51.0
H0262_P002_202511,H0262,P002,2025-11-01,1,2,112,56.0
H0262_P002_202512,H0262,P002,2025-12-01,1,1,26,26.0
H0262_P002_202601,H0262,P002,2026-01-01,1,4,156,39.0
H0262_P002_202603,H0262,P002,2026-03-01,1,1,56,56.0
H0262_P004_202506,H0262,P004,2025-06-01,1,2,60,30.0
H0262_P004_202508,H0262,P004,2025-08-01,1,4,200,50.0
H0262_P004_202511,H0262,P004,2025-11-01,1,1,34,34.0
H0262_P004_202603,H0262,P004,2026-03-01,1,1,31,31.0
H0262_P005_202507,H0262,P005,2025-07-01,1,1,29,29.0
H0262_P005_202509,H0262,P005,2025-09-01,1,1,35,35.0
H0262_P005_202510,H0262,P005,2025-10-01,1,2,114,57.0
H0262_P005_202601,H0262,P005,2026-01-01,1,1,39,39.0
H0263_P001_202506,H0263,P001,2025-06-01,1,1,35,35.0
H0263_P001_202507,H0263,P001,2025-07-01,1,2,40,20.0
H0263_P001_202510,H0263,P001,2025-10-01,1,1,54,54.0
H0263_P001_202511,H0263,P001,2025-11-01,1,2,64,32.0
H0263_P001_202603,H0263,P001,2026-03-01,1,1,52,52.0
H0263_P002_202506,H0263,P002,2025-06-01,1,1,30,30.0
H0263_P002_202507,H0263,P002,2025-07-01,1,3,174,58.0
H0263_P002_202509,H0263,P002,2025-09-01,1,1,20,20.0
H0263_P002_202510,H0263,P002,2025-10-01,1,2,46,23.0
H0263_P002_202511,H0263,P002,2025-11-01,1,3,162,54.0
H0263_P002_202512,H0263,P002,2025-12-01,1,2,52,26.0
H0263_P002_202601,H0263,P002,2026-01-01,1,3,135,45.0
H0263_P002_202602,H0263,P002,2026-02-01,1,1,39,39.0
H0263_P002_202603,H0263,P002,2026-03-01,1,2,96,48.0
H0263_P004_202507,H0263,P004,2025-07-01,1,1,33,33.0
H0263_P004_202508,H0263,P004,2025-08-01,1,1,40,40.0
H0263_P004_202510,H0263,P004,2025-10-01,1,1,35,35.0
H0263_P004_202512,H0263,P004,2025-12-01,1,1,20,20.0
H0263_P004_202601,H0263,P004,2026-01-01,1,1,30,30.0
H0263_P004_202603,H0263,P004,2026-03-01,1,1,36,36.0
H0263_P005_202507,H0263,P005,2025-07-01,1,1,37,37.0
H0263_P005_202509,H0263,P005,2025-09-01,1,2,62,31.0
H0263_P005_202602,H0263,P005,2026-02-01,1,1,57,57.0
H0264_P001_202508,H0264,P001,2025-08-01,1,1,25,25.0
H0264_P001_202511,H0264,P001,2025-11-01,1,1,49,49.0
H0264_P001_202601,H0264,P001,2026-01-01,1,1,40,40.0
H0264_P001_202603,H0264,P001,2026-03-01,1,1,58,58.0
H0264_P002_202506,H0264,P002,2025-06-01,1,1,43,43.0
H0264_P002_202507,H0264,P002,2025-07-01,1,5,175,35.0
H0264_P002_202508,H0264,P002,2025-08-01,1,2,106,53.0
H0264_P002_202509,H0264,P002,2025-09-01,1,3,102,34.0
H0264_P002_202510,H0264,P002,2025-10-01,1,2,70,35.0
H0264_P002_202511,H0264,P002,2025-11-01,1,4,232,58.0
H0264_P002_202512,H0264,P002,2025-12-01,1,2,40,20.0
H0264_P002_202601,H0264,P002,2026-01-01,1,2,110,55.0
H0264_P002_202602,H0264,P002,2026-02-01,1,3,159,53.0
H0264_P002_202603,H0264,P002,2026-03-01,1,1,51,51.0
H0264_P003_202507,H0264,P003,2025-07-01,1,3,96,32.0
H0264_P003_202508,H0264,P003,2025-08-01,1,3,81,27.0
H0264_P003_202509,H0264,P003,2025-09-01,1,2,76,38.0
H0264_P003_202510,H0264,P003,2025-10-01,1,2,54,27.0
H0264_P003_202511,H0264,P003,2025-11-01,1,3,93,31.0
H0264_P003_202512,H0264,P003,2025-12-01,1,1,37,37.0
H0264_P003_202601,H0264,P003,2026-01-01,1,4,232,58.0
H0264_P003_202603,H0264,P003,2026-03-01,1,3,69,23.0
H0264_P004_202506,H0264,P004,2025-06-01,1,4,232,58.0
H0264_P004_202507,H0264,P004,2025-07-01,1,2,102,51.0
H0264_P004_202508,H0264,P004,2025-08-01,1,3,114,38.0
H0264_P004_202510,H0264,P004,2025-10-01,1,2,70,35.0
H0264_P004_202511,H0264,P004,2025-11-01,1,2,42,21.0
H0264_P004_202512,H0264,P004,2025-12-01,1,1,48,48.0
H0264_P004_202601,H0264,P004,2026-01-01,1,1,50,50.0
H0264_P004_202602,H0264,P004,2026-02-01,1,2,46,23.0
H0264_P004_202603,H0264,P004,2026-03-01,1,1,54,54.0
H0264_P005_202506,H0264,P005,2025-06-01,1,5,215,43.0
H0264_P005_202507,H0264,P005,2025-07-01,1,4,172,43.0
H0264_P005_202508,H0264,P005,2025-08-01,1,1,58,58.0
H0264_P005_202509,H0264,P005,2025-09-01,1,3,177,59.0
H0264_P005_202510,H0264,P005,2025-10-01,1,1,39,39.0
H0264_P005_202511,H0264,P005,2025-11-01,1,2,68,34.0
H0264_P005_202512,H0264,P005,2025-12-01,1,5,270,54.0
H0264_P005_202601,H0264,P005,2026-01-01,1,4,132,33.0
H0264_P005_202602,H0264,P005,2026-02-01,1,6,318,53.0
H0264_P005_202603,H0264,P005,2026-03-01,1,5,200,40.0
H0265_P001_202507,H0265,P001,2025-07-01,1,2,42,21.0
H0265_P001_202508,H0265,P001,2025-08-01,1,1,23,23.0
H0265_P001_202509,H0265,P001,2025-09-01,1,2,110,55.0
H0265_P001_202511,H0265,P001,2025-11-01,1,1,46,46.0
H0265_P001_202512,H0265,P001,2025-12-01,1,2,48,24.0
H0265_P001_202601,H0265,P001,2026-01-01,1,1,25,25.0
H0265_P001_202602,H0265,P001,2026-02-01,1,2,80,40.0
H0265_P001_202603,H0265,P001,2026-03-01,1,3,72,24.0
H0265_P002_202506,H0265,P002,2025-06-01,1,2,56,28.0
H0265_P002_202509,H0265,P002,2025-09-01,1,1,21,21.0
H0265_P002_202511,H0265,P002,2025-11-01,1,4,208,52.0
H0265_P002_202512,H0265,P002,2025-12-01,1,3,96,32.0
H0265_P002_202601,H0265,P002,2026-01-01,1,2,82,41.0
H0265_P002_202602,H0265,P002,2026-02-01,1,1,56,56.0
H0265_P003_202506,H0265,P003,2025-06-01,1,2,102,51.0
H0265_P003_202507,H0265,P003,2025-07-01,1,1,59,59.0
H0265_P003_202508,H0265,P003,2025-08-01,1,2,106,53.0
H0265_P003_202509,H0265,P003,2025-09-01,1,3,129,43.0
H0265_P003_202510,H0265,P003,2025-10-01,1,2,46,23.0
H0265_P003_202511,H0265,P003,2025-11-01,1,2,60,30.0
H0265_P003_202512,H0265,P003,2025-12-01,1,3,72,24.0
H0265_P003_202601,H0265,P003,2026-01-01,1,1,27,27.0
H0265_P003_202602,H0265,P003,2026-02-01,1,2,46,23.0
H0265_P003_202603,H0265,P003,2026-03-01,1,2,116,58.0
H0265_P004_202507,H0265,P004,2025-07-01,1,2,70,35.0
H0265_P004_202508,H0265,P004,2025-08-01,1,2,118,59.0
H0265_P004_202509,H0265,P004,2025-09-01,1,3,84,28.0
H0265_P004_202510,H0265,P004,2025-10-01,1,3,84,28.0
H0265_P004_202511,H0265,P004,2025-11-01,1,4,156,39.0
H0265_P004_202512,H0265,P004,2025-12-01,1,4,180,45.0
H0265_P004_202601,H0265,P004,2026-01-01,1,3,96,32.0
H0265_P004_202602,H0265,P004,2026-02-01,1,4,144,36.0
H0265_P004_202603,H0265,P004,2026-03-01,1,6,120,20.0
H0265_P005_202507,H0265,P005,2025-07-01,1,1,22,22.0
H0265_P005_202508,H0265,P005,2025-08-01,1,2,114,57.0
H0265_P005_202509,H0265,P005,2025-09-01,1,1,39,39.0
H0265_P005_202601,H0265,P005,2026-01-01,1,2,66,33.0
H0265_P005_202602,H0265,P005,2026-02-01,1,1,46,46.0
H0265_P005_202603,H0265,P005,2026-03-01,1,1,33,33.0
H0266_P001_202506,H0266,P001,2025-06-01,1,3,84,28.0
H0266_P001_202508,H0266,P001,2025-08-01,1,2,110,55.0
H0266_P001_202509,H0266,P001,2025-09-01,1,4,80,20.0
H0266_P001_202510,H0266,P001,2025-10-01,1,5,295,59.0
H0266_P001_202511,H0266,P001,2025-11-01,1,1,37,37.0
H0266_P001_202512,H0266,P001,2025-12-01,1,1,58,58.0
H0266_P001_202601,H0266,P001,2026-01-01,1,4,216,54.0
H0266_P001_202602,H0266,P001,2026-02-01,1,2,58,29.0
H0266_P001_202603,H0266,P001,2026-03-01,1,4,128,32.0
H0266_P002_202506,H0266,P002,2025-06-01,1,1,30,30.0
H0266_P002_202507,H0266,P002,2025-07-01,1,2,100,50.0
H0266_P002_202508,H0266,P002,2025-08-01,1,3,147,49.0
H0266_P002_202509,H0266,P002,2025-09-01,1,1,46,46.0
H0266_P002_202510,H0266,P002,2025-10-01,1,1,30,30.0
H0266_P002_202511,H0266,P002,2025-11-01,1,4,200,50.0
H0266_P002_202512,H0266,P002,2025-12-01,1,1,23,23.0
H0266_P002_202601,H0266,P002,2026-01-01,1,1,51,51.0
H0266_P002_202602,H0266,P002,2026-02-01,1,3,132,44.0
H0266_P002_202603,H0266,P002,2026-03-01,1,4,200,50.0
H0266_P003_202507,H0266,P003,2025-07-01,1,2,60,30.0
H0266_P003_202508,H0266,P003,2025-08-01,1,2,94,47.0
H0266_P003_202509,H0266,P003,2025-09-01,1,3,156,52.0
H0266_P003_202511,H0266,P003,2025-11-01,1,1,36,36.0
H0266_P003_202512,H0266,P003,2025-12-01,1,1,53,53.0
H0266_P003_202603,H0266,P003,2026-03-01,1,1,51,51.0
H0266_P004_202506,H0266,P004,2025-06-01,1,3,63,21.0
H0266_P004_202509,H0266,P004,2025-09-01,1,1,34,34.0
H0266_P004_202512,H0266,P004,2025-12-01,1,1,38,38.0
H0266_P004_202601,H0266,P004,2026-01-01,1,1,52,52.0
H0266_P004_202603,H0266,P004,2026-03-01,1,1,54,54.0
H0266_P005_202507,H0266,P005,2025-07-01,1,1,29,29.0
H0266_P005_202508,H0266,P005,2025-08-01,1,3,111,37.0
H0266_P005_202511,H0266,P005,2025-11-01,1,1,26,26.0
H0266_P005_202512,H0266,P005,2025-12-01,1,2,78,39.0
H0266_P005_202601,H0266,P005,2026-01-01,1,3,66,22.0
H0266_P005_202603,H0266,P005,2026-03-01,1,1,33,33.0
H0267_P001_202506,H0267,P001,2025-06-01,1,3,117,39.0
H0267_P001_202507,H0267,P001,2025-07-01,1,1,43,43.0
H0267_P001_202508,H0267,P001,2025-08-01,1,5,170,34.0
H0267_P001_202509,H0267,P001,2025-09-01,1,2,106,53.0
H0267_P001_202510,H0267,P001,2025-10-01,1,2,110,55.0
H0267_P001_202511,H0267,P001,2025-11-01,1,5,260,52.0
H0267_P001_202601,H0267,P001,2026-01-01,1,2,116,58.0
H0267_P001_202602,H0267,P001,2026-02-01,1,4,224,56.0
H0267_P001_202603,H0267,P001,2026-03-01,1,4,228,57.0
H0267_P002_202506,H0267,P002,2025-06-01,1,1,48,48.0
H0267_P002_202509,H0267,P002,2025-09-01,1,3,180,60.0
H0267_P002_202511,H0267,P002,2025-11-01,1,1,34,34.0
H0267_P002_202601,H0267,P002,2026-01-01,1,1,35,35.0
H0267_P002_202603,H0267,P002,2026-03-01,1,1,49,49.0
H0267_P003_202506,H0267,P003,2025-06-01,1,3,111,37.0
H0267_P003_202507,H0267,P003,2025-07-01,1,5,245,49.0
H0267_P003_202508,H0267,P003,2025-08-01,1,2,94,47.0
H0267_P003_202509,H0267,P003,2025-09-01,1,2,98,49.0
H0267_P003_202510,H0267,P003,2025-10-01,1,1,31,31.0
H0267_P003_202511,H0267,P003,2025-11-01,1,2,98,49.0
H0267_P003_202512,H0267,P003,2025-12-01,1,2,68,34.0
H0267_P003_202601,H0267,P003,2026-01-01,1,4,168,42.0
H0267_P003_202602,H0267,P003,2026-02-01,1,1,27,27.0
H0267_P003_202603,H0267,P003,2026-03-01,1,1,23,23.0
H0267_P004_202506,H0267,P004,2025-06-01,1,4,220,55.0
H0267_P004_202507,H0267,P004,2025-07-01,1,1,36,36.0
H0267_P004_202508,H0267,P004,2025-08-01,1,2,44,22.0
H0267_P004_202509,H0267,P004,2025-09-01,1,5,290,58.0
H0267_P004_202510,H0267,P004,2025-10-01,1,4,160,40.0
H0267_P004_202511,H0267,P004,2025-11-01,1,3,90,30.0
H0267_P004_202512,H0267,P004,2025-12-01,1,2,80,40.0
H0267_P004_202601,H0267,P004,2026-01-01,1,3,141,47.0
H0267_P004_202602,H0267,P004,2026-02-01,1,3,177,59.0
H0267_P004_202603,H0267,P004,2026-03-01,1,1,21,21.0
H0267_P005_202506,H0267,P005,2025-06-01,1,5,185,37.0
H0267_P005_202508,H0267,P005,2025-08-01,1,1,52,52.0
H0267_P005_202509,H0267,P005,2025-09-01,1,2,90,45.0
H0267_P005_202510,H0267,P005,2025-10-01,1,3,72,24.0
H0267_P005_202511,H0267,P005,2025-11-01,1,3,117,39.0
H0267_P005_202601,H0267,P005,2026-01-01,1,3,141,47.0
H0267_P005_202602,H0267,P005,2026-02-01,1,5,210,42.0
H0267_P005_202603,H0267,P005,2026-03-01,1,3,93,31.0
H0268_P001_202506,H0268,P001,2025-06-01,1,3,72,24.0
H0268_P001_202507,H0268,P001,2025-07-01,1,1,52,52.0
H0268_P001_202508,H0268,P001,2025-08-01,1,1,27,27.0
H0268_P001_202509,H0268,P001,2025-09-01,1,3,141,47.0
H0268_P001_202510,H0268,P001,2025-10-01,1,1,54,54.0
H0268_P001_202511,H0268,P001,2025-11-01,1,2,82,41.0
H0268_P001_202512,H0268,P001,2025-12-01,1,1,48,48.0
H0268_P001_202601,H0268,P001,2026-01-01,1,3,99,33.0
H0268_P001_202602,H0268,P001,2026-02-01,1,2,58,29.0
H0268_P001_202603,H0268,P001,2026-03-01,1,1,36,36.0
H0268_P002_202506,H0268,P002,2025-06-01,1,6,282,47.0
H0268_P002_202507,H0268,P002,2025-07-01,1,1,57,57.0
H0268_P002_202508,H0268,P002,2025-08-01,1,2,54,27.0
H0268_P002_202509,H0268,P002,2025-09-01,1,3,132,44.0
H0268_P002_202510,H0268,P002,2025-10-01,1,4,136,34.0
H0268_P002_202511,H0268,P002,2025-11-01,1,4,128,32.0
H0268_P002_202512,H0268,P002,2025-12-01,1,3,132,44.0
H0268_P002_202601,H0268,P002,2026-01-01,1,5,200,40.0
H0268_P002_202602,H0268,P002,2026-02-01,1,5,215,43.0
H0268_P002_202603,H0268,P002,2026-03-01,1,6,360,60.0
H0268_P003_202506,H0268,P003,2025-06-01,1,5,275,55.0
H0268_P003_202508,H0268,P003,2025-08-01,1,2,68,34.0
H0268_P003_202510,H0268,P003,2025-10-01,1,1,35,35.0
H0268_P003_202511,H0268,P003,2025-11-01,1,2,96,48.0
H0268_P004_202506,H0268,P004,2025-06-01,1,1,59,59.0
H0268_P004_202507,H0268,P004,2025-07-01,1,3,105,35.0
H0268_P004_202508,H0268,P004,2025-08-01,1,5,130,26.0
H0268_P004_202509,H0268,P004,2025-09-01,1,5,230,46.0
H0268_P004_202510,H0268,P004,2025-10-01,1,3,126,42.0
H0268_P004_202601,H0268,P004,2026-01-01,1,2,68,34.0
H0268_P004_202602,H0268,P004,2026-02-01,1,1,51,51.0
H0268_P004_202603,H0268,P004,2026-03-01,1,1,23,23.0
H0268_P005_202506,H0268,P005,2025-06-01,1,3,69,23.0
H0268_P005_202507,H0268,P005,2025-07-01,1,7,378,54.0
H0268_P005_202508,H0268,P005,2025-08-01,1,1,50,50.0
H0268_P005_202509,H0268,P005,2025-09-01,1,3,141,47.0
H0268_P005_202510,H0268,P005,2025-10-01,1,4,172,43.0
H0268_P005_202511,H0268,P005,2025-11-01,1,3,180,60.0
H0268_P005_202512,H0268,P005,2025-12-01,1,2,120,60.0
H0268_P005_202601,H0268,P005,2026-01-01,1,1,29,29.0
H0268_P005_202602,H0268,P005,2026-02-01,1,4,240,60.0
H0268_P005_202603,H0268,P005,2026-03-01,1,1,46,46.0
H0269_P002_202506,H0269,P002,2025-06-01,1,3,69,23.0
H0269_P002_202508,H0269,P002,2025-08-01,1,1,24,24.0
H0269_P002_202510,H0269,P002,2025-10-01,1,1,41,41.0
H0269_P002_202602,H0269,P002,2026-02-01,1,1,30,30.0
H0269_P002_202603,H0269,P002,2026-03-01,1,1,44,44.0
H0269_P003_202506,H0269,P003,2025-06-01,1,4,164,41.0
H0269_P003_202508,H0269,P003,2025-08-01,1,1,27,27.0
H0269_P003_202509,H0269,P003,2025-09-01,1,2,76,38.0
H0269_P003_202510,H0269,P003,2025-10-01,1,1,59,59.0
H0269_P003_202511,H0269,P003,2025-11-01,1,1,52,52.0
H0269_P003_202512,H0269,P003,2025-12-01,1,2,112,56.0
H0269_P003_202601,H0269,P003,2026-01-01,1,1,52,52.0
H0269_P003_202602,H0269,P003,2026-02-01,1,3,120,40.0
H0269_P004_202506,H0269,P004,2025-06-01,1,2,76,38.0
H0269_P004_202509,H0269,P004,2025-09-01,1,1,55,55.0
H0269_P004_202510,H0269,P004,2025-10-01,1,1,58,58.0
H0269_P004_202511,H0269,P004,2025-11-01,1,2,80,40.0
H0269_P004_202602,H0269,P004,2026-02-01,1,2,52,26.0
H0269_P005_202506,H0269,P005,2025-06-01,1,1,22,22.0
H0269_P005_202508,H0269,P005,2025-08-01,1,1,36,36.0
H0269_P005_202512,H0269,P005,2025-12-01,1,2,74,37.0
H0269_P005_202601,H0269,P005,2026-01-01,1,1,31,31.0
H0269_P005_202602,H0269,P005,2026-02-01,1,1,55,55.0
H0269_P005_202603,H0269,P005,2026-03-01,1,1,53,53.0
H0270_P001_202506,H0270,P001,2025-06-01,1,3,60,20.0
H0270_P001_202507,H0270,P001,2025-07-01,1,2,102,51.0
H0270_P001_202508,H0270,P001,2025-08-01,1,2,94,47.0
H0270_P001_202509,H0270,P001,2025-09-01,1,1,20,20.0
H0270_P001_202511,H0270,P001,2025-11-01,1,2,58,29.0
H0270_P001_202512,H0270,P001,2025-12-01,1,3,72,24.0
H0270_P001_202601,H0270,P001,2026-01-01,1,3,168,56.0
H0270_P001_202602,H0270,P001,2026-02-01,1,2,64,32.0
H0270_P002_202506,H0270,P002,2025-06-01,1,5,215,43.0
H0270_P002_202507,H0270,P002,2025-07-01,1,5,250,50.0
H0270_P002_202508,H0270,P002,2025-08-01,1,3,102,34.0
H0270_P002_202509,H0270,P002,2025-09-01,1,5,130,26.0
H0270_P002_202510,H0270,P002,2025-10-01,1,5,220,44.0
H0270_P002_202511,H0270,P002,2025-11-01,1,7,154,22.0
H0270_P002_202512,H0270,P002,2025-12-01,1,6,300,50.0
H0270_P002_202601,H0270,P002,2026-01-01,1,4,152,38.0
H0270_P002_202602,H0270,P002,2026-02-01,1,8,160,20.0
H0270_P002_202603,H0270,P002,2026-03-01,1,1,54,54.0
H0270_P003_202507,H0270,P003,2025-07-01,1,1,47,47.0
H0270_P003_202508,H0270,P003,2025-08-01,1,1,60,60.0
H0270_P003_202509,H0270,P003,2025-09-01,1,1,60,60.0
H0270_P003_202511,H0270,P003,2025-11-01,1,1,56,56.0
H0270_P003_202512,H0270,P003,2025-12-01,1,2,84,42.0
H0270_P003_202601,H0270,P003,2026-01-01,1,1,52,52.0
H0270_P003_202602,H0270,P003,2026-02-01,1,1,51,51.0
H0270_P004_202506,H0270,P004,2025-06-01,1,2,72,36.0
H0270_P004_202507,H0270,P004,2025-07-01,1,1,40,40.0
H0270_P004_202508,H0270,P004,2025-08-01,1,4,184,46.0
H0270_P004_202509,H0270,P004,2025-09-01,1,3,135,45.0
H0270_P004_202510,H0270,P004,2025-10-01,1,4,112,28.0
H0270_P004_202511,H0270,P004,2025-11-01,1,2,104,52.0
H0270_P004_202512,H0270,P004,2025-12-01,1,3,138,46.0
H0270_P004_202601,H0270,P004,2026-01-01,1,3,165,55.0
H0270_P004_202602,H0270,P004,2026-02-01,1,6,126,21.0
H0270_P004_202603,H0270,P004,2026-03-01,1,3,60,20.0
H0270_P005_202506,H0270,P005,2025-06-01,1,3,138,46.0
H0270_P005_202507,H0270,P005,2025-07-01,1,6,228,38.0
H0270_P005_202508,H0270,P005,2025-08-01,1,6,252,42.0
H0270_P005_202509,H0270,P005,2025-09-01,1,4,140,35.0
H0270_P005_202510,H0270,P005,2025-10-01,1,3,162,54.0
H0270_P005_202511,H0270,P005,2025-11-01,1,4,212,53.0
H0270_P005_202512,H0270,P005,2025-12-01,1,2,48,24.0
H0270_P005_202601,H0270,P005,2026-01-01,1,10,600,60.0
H0270_P005_202602,H0270,P005,2026-02-01,1,3,75,25.0
H0270_P005_202603,H0270,P005,2026-03-01,1,4,116,29.0
H0271_P002_202508,H0271,P002,2025-08-01,1,1,54,54.0
H0271_P002_202509,H0271,P002,2025-09-01,1,1,48,48.0
H0271_P002_202510,H0271,P002,2025-10-01,1,3,126,42.0
H0271_P002_202512,H0271,P002,2025-12-01,1,1,35,35.0
H0271_P002_202602,H0271,P002,2026-02-01,1,3,135,45.0
H0271_P002_202603,H0271,P002,2026-03-01,1,1,28,28.0
H0271_P004_202506,H0271,P004,2025-06-01,1,2,96,48.0
H0271_P004_202507,H0271,P004,2025-07-01,1,2,104,52.0
H0271_P004_202508,H0271,P004,2025-08-01,1,1,36,36.0
H0271_P004_202511,H0271,P004,2025-11-01,1,1,58,58.0
H0271_P004_202512,H0271,P004,2025-12-01,1,1,27,27.0
H0271_P004_202601,H0271,P004,2026-01-01,1,2,116,58.0
H0271_P004_202602,H0271,P004,2026-02-01,1,1,29,29.0
H0271_P004_202603,H0271,P004,2026-03-01,1,2,92,46.0
H0271_P005_202508,H0271,P005,2025-08-01,1,1,31,31.0
H0271_P005_202510,H0271,P005,2025-10-01,1,1,59,59.0
H0271_P005_202601,H0271,P005,2026-01-01,1,2,112,56.0
H0271_P005_202602,H0271,P005,2026-02-01,1,1,45,45.0
H0272_P001_202506,H0272,P001,2025-06-01,1,1,50,50.0
H0272_P001_202507,H0272,P001,2025-07-01,1,1,26,26.0
H0272_P001_202510,H0272,P001,2025-10-01,1,1,29,29.0
H0272_P001_202511,H0272,P001,2025-11-01,1,2,52,26.0
H0272_P002_202506,H0272,P002,2025-06-01,1,3,117,39.0
H0272_P002_202507,H0272,P002,2025-07-01,1,1,31,31.0
H0272_P002_202508,H0272,P002,2025-08-01,1,2,108,54.0
H0272_P002_202509,H0272,P002,2025-09-01,1,6,360,60.0
H0272_P002_202510,H0272,P002,2025-10-01,1,1,27,27.0
H0272_P002_202512,H0272,P002,2025-12-01,1,2,106,53.0
H0272_P002_202601,H0272,P002,2026-01-01,1,2,50,25.0
H0272_P002_202602,H0272,P002,2026-02-01,1,1,27,27.0
H0272_P002_202603,H0272,P002,2026-03-01,1,3,108,36.0
H0272_P003_202506,H0272,P003,2025-06-01,1,3,114,38.0
H0272_P003_202509,H0272,P003,2025-09-01,1,1,54,54.0
H0272_P003_202511,H0272,P003,2025-11-01,1,1,33,33.0
H0272_P003_202602,H0272,P003,2026-02-01,1,1,34,34.0
H0272_P003_202603,H0272,P003,2026-03-01,1,1,60,60.0
H0272_P004_202506,H0272,P004,2025-06-01,1,1,59,59.0
H0272_P004_202507,H0272,P004,2025-07-01,1,1,33,33.0
H0272_P004_202509,H0272,P004,2025-09-01,1,1,60,60.0
H0272_P004_202601,H0272,P004,2026-01-01,1,2,68,34.0
H0272_P004_202602,H0272,P004,2026-02-01,1,1,24,24.0
H0272_P004_202603,H0272,P004,2026-03-01,1,1,43,43.0
H0272_P005_202506,H0272,P005,2025-06-01,1,1,60,60.0
H0272_P005_202508,H0272,P005,2025-08-01,1,1,22,22.0
H0272_P005_202510,H0272,P005,2025-10-01,1,1,46,46.0
H0272_P005_202603,H0272,P005,2026-03-01,1,1,38,38.0
H0273_P001_202506,H0273,P001,2025-06-01,1,2,48,24.0
H0273_P001_202507,H0273,P001,2025-07-01,1,2,94,47.0
H0273_P001_202508,H0273,P001,2025-08-01,1,3,75,25.0
H0273_P001_202509,H0273,P001,2025-09-01,1,4,152,38.0
H0273_P001_202510,H0273,P001,2025-10-01,1,3,114,38.0
H0273_P001_202511,H0273,P001,2025-11-01,1,1,37,37.0
H0273_P001_202512,H0273,P001,2025-12-01,1,2,72,36.0
H0273_P001_202601,H0273,P001,2026-01-01,1,3,63,21.0
H0273_P001_202602,H0273,P001,2026-02-01,1,4,160,40.0
H0273_P001_202603,H0273,P001,2026-03-01,1,1,57,57.0
H0273_P002_202506,H0273,P002,2025-06-01,1,7,336,48.0
H0273_P002_202507,H0273,P002,2025-07-01,1,5,260,52.0
H0273_P002_202508,H0273,P002,2025-08-01,1,3,93,31.0
H0273_P002_202509,H0273,P002,2025-09-01,1,4,112,28.0
H0273_P002_202510,H0273,P002,2025-10-01,1,4,116,29.0
H0273_P002_202511,H0273,P002,2025-11-01,1,1,21,21.0
H0273_P002_202512,H0273,P002,2025-12-01,1,2,54,27.0
H0273_P002_202601,H0273,P002,2026-01-01,1,2,48,24.0
H0273_P002_202602,H0273,P002,2026-02-01,1,2,56,28.0
H0273_P002_202603,H0273,P002,2026-03-01,1,4,196,49.0
H0273_P003_202506,H0273,P003,2025-06-01,1,3,114,38.0
H0273_P003_202507,H0273,P003,2025-07-01,1,6,234,39.0
H0273_P003_202508,H0273,P003,2025-08-01,1,3,93,31.0
H0273_P003_202509,H0273,P003,2025-09-01,1,5,245,49.0
H0273_P003_202510,H0273,P003,2025-10-01,1,4,188,47.0
H0273_P003_202511,H0273,P003,2025-11-01,1,3,75,25.0
H0273_P003_202512,H0273,P003,2025-12-01,1,5,110,22.0
H0273_P003_202601,H0273,P003,2026-01-01,1,5,235,47.0
H0273_P003_202602,H0273,P003,2026-02-01,1,3,141,47.0
H0273_P003_202603,H0273,P003,2026-03-01,1,4,236,59.0
H0273_P004_202506,H0273,P004,2025-06-01,1,6,324,54.0
H0273_P004_202507,H0273,P004,2025-07-01,1,1,24,24.0
H0273_P004_202508,H0273,P004,2025-08-01,1,2,82,41.0
H0273_P004_202509,H0273,P004,2025-09-01,1,2,88,44.0
H0273_P004_202510,H0273,P004,2025-10-01,1,1,43,43.0
H0273_P004_202511,H0273,P004,2025-11-01,1,3,111,37.0
H0273_P004_202512,H0273,P004,2025-12-01,1,2,44,22.0
H0273_P004_202601,H0273,P004,2026-01-01,1,4,132,33.0
H0273_P004_202602,H0273,P004,2026-02-01,1,1,48,48.0
H0273_P004_202603,H0273,P004,2026-03-01,1,3,108,36.0
H0273_P005_202506,H0273,P005,2025-06-01,1,1,42,42.0
H0273_P005_202507,H0273,P005,2025-07-01,1,4,232,58.0
H0273_P005_202508,H0273,P005,2025-08-01,1,2,118,59.0
H0273_P005_202509,H0273,P005,2025-09-01,1,4,160,40.0
H0273_P005_202510,H0273,P005,2025-10-01,1,2,52,26.0
H0273_P005_202511,H0273,P005,2025-11-01,1,3,168,56.0
H0273_P005_202512,H0273,P005,2025-12-01,1,5,240,48.0
H0273_P005_202601,H0273,P005,2026-01-01,1,2,58,29.0
H0273_P005_202602,H0273,P005,2026-02-01,1,7,217,31.0
H0273_P005_202603,H0273,P005,2026-03-01,1,3,150,50.0
H0274_P001_202506,H0274,P001,2025-06-01,1,1,45,45.0
H0274_P001_202507,H0274,P001,2025-07-01,1,5,130,26.0
H0274_P001_202508,H0274,P001,2025-08-01,1,3,162,54.0
H0274_P001_202509,H0274,P001,2025-09-01,1,4,172,43.0
H0274_P001_202510,H0274,P001,2025-10-01,1,2,112,56.0
H0274_P001_202511,H0274,P001,2025-11-01,1,5,160,32.0
H0274_P001_202512,H0274,P001,2025-12-01,1,3,135,45.0
H0274_P001_202601,H0274,P001,2026-01-01,1,3,96,32.0
H0274_P001_202602,H0274,P001,2026-02-01,1,6,228,38.0
H0274_P001_202603,H0274,P001,2026-03-01,1,2,74,37.0
H0274_P002_202506,H0274,P002,2025-06-01,1,2,52,26.0
H0274_P002_202507,H0274,P002,2025-07-01,1,3,159,53.0
H0274_P002_202508,H0274,P002,2025-08-01,1,1,30,30.0
H0274_P002_202509,H0274,P002,2025-09-01,1,2,42,21.0
H0274_P002_202512,H0274,P002,2025-12-01,1,1,47,47.0
H0274_P002_202601,H0274,P002,2026-01-01,1,2,40,20.0
H0274_P002_202603,H0274,P002,2026-03-01,1,1,56,56.0
H0274_P003_202506,H0274,P003,2025-06-01,1,5,195,39.0
H0274_P003_202507,H0274,P003,2025-07-01,1,4,208,52.0
H0274_P003_202508,H0274,P003,2025-08-01,1,4,176,44.0
H0274_P003_202509,H0274,P003,2025-09-01,1,1,59,59.0
H0274_P003_202510,H0274,P003,2025-10-01,1,3,150,50.0
H0274_P003_202511,H0274,P003,2025-11-01,1,4,92,23.0
H0274_P003_202512,H0274,P003,2025-12-01,1,5,140,28.0
H0274_P003_202601,H0274,P003,2026-01-01,1,6,270,45.0
H0274_P003_202602,H0274,P003,2026-02-01,1,5,245,49.0
H0274_P003_202603,H0274,P003,2026-03-01,1,3,180,60.0
H0274_P004_202506,H0274,P004,2025-06-01,1,2,80,40.0
H0274_P004_202507,H0274,P004,2025-07-01,1,2,88,44.0
H0274_P004_202509,H0274,P004,2025-09-01,1,1,22,22.0
H0274_P004_202510,H0274,P004,2025-10-01,1,2,118,59.0
H0274_P004_202511,H0274,P004,2025-11-01,1,4,84,21.0
H0274_P004_202512,H0274,P004,2025-12-01,1,1,48,48.0
H0274_P004_202601,H0274,P004,2026-01-01,1,1,25,25.0
H0274_P004_202602,H0274,P004,2026-02-01,1,2,46,23.0
H0274_P004_202603,H0274,P004,2026-03-01,1,1,53,53.0
H0274_P005_202506,H0274,P005,2025-06-01,1,4,220,55.0
H0274_P005_202507,H0274,P005,2025-07-01,1,4,236,59.0
H0274_P005_202508,H0274,P005,2025-08-01,1,3,60,20.0
H0274_P005_202509,H0274,P005,2025-09-01,1,1,39,39.0
H0274_P005_202510,H0274,P005,2025-10-01,1,3,66,22.0
H0274_P005_202511,H0274,P005,2025-11-01,1,1,48,48.0
H0274_P005_202512,H0274,P005,2025-12-01,1,4,152,38.0
H0274_P005_202601,H0274,P005,2026-01-01,1,4,84,21.0
H0274_P005_202602,H0274,P005,2026-02-01,1,3,138,46.0
H0274_P005_202603,H0274,P005,2026-03-01,1,5,255,51.0
H0275_P001_202506,H0275,P001,2025-06-01,1,1,50,50.0
H0275_P001_202507,H0275,P001,2025-07-01,1,6,198,33.0
H0275_P001_202508,H0275,P001,2025-08-01,1,1,45,45.0
H0275_P001_202509,H0275,P001,2025-09-01,1,3,114,38.0
H0275_P001_202510,H0275,P001,2025-10-01,1,4,88,22.0
H0275_P001_202511,H0275,P001,2025-11-01,1,6,336,56.0
H0275_P001_202512,H0275,P001,2025-12-01,1,1,41,41.0
H0275_P001_202601,H0275,P001,2026-01-01,1,2,112,56.0
H0275_P001_202602,H0275,P001,2026-02-01,1,2,54,27.0
H0275_P002_202506,H0275,P002,2025-06-01,1,1,52,52.0
H0275_P002_202507,H0275,P002,2025-07-01,1,1,34,34.0
H0275_P002_202510,H0275,P002,2025-10-01,1,1,55,55.0
H0275_P002_202603,H0275,P002,2026-03-01,1,2,64,32.0
H0275_P003_202506,H0275,P003,2025-06-01,1,1,50,50.0
H0275_P003_202509,H0275,P003,2025-09-01,1,1,33,33.0
H0275_P003_202510,H0275,P003,2025-10-01,1,2,98,49.0
H0275_P003_202511,H0275,P003,2025-11-01,1,1,46,46.0
H0275_P003_202512,H0275,P003,2025-12-01,1,1,55,55.0
H0275_P003_202601,H0275,P003,2026-01-01,1,1,31,31.0
H0275_P003_202603,H0275,P003,2026-03-01,1,2,56,28.0
H0275_P004_202506,H0275,P004,2025-06-01,1,2,82,41.0
H0275_P004_202507,H0275,P004,2025-07-01,1,4,176,44.0
H0275_P004_202508,H0275,P004,2025-08-01,1,5,250,50.0
H0275_P004_202511,H0275,P004,2025-11-01,1,4,200,50.0
H0275_P004_202512,H0275,P004,2025-12-01,1,5,245,49.0
H0275_P004_202601,H0275,P004,2026-01-01,1,2,116,58.0
H0275_P004_202603,H0275,P004,2026-03-01,1,2,60,30.0
H0275_P005_202506,H0275,P005,2025-06-01,1,2,58,29.0
H0275_P005_202507,H0275,P005,2025-07-01,1,2,108,54.0
H0275_P005_202508,H0275,P005,2025-08-01,1,2,84,42.0
H0275_P005_202510,H0275,P005,2025-10-01,1,1,33,33.0
H0275_P005_202512,H0275,P005,2025-12-01,1,2,58,29.0
H0275_P005_202601,H0275,P005,2026-01-01,1,3,123,41.0
H0275_P005_202603,H0275,P005,2026-03-01,1,2,110,55.0
H0276_P001_202507,H0276,P001,2025-07-01,1,1,38,38.0
H0276_P001_202512,H0276,P001,2025-12-01,1,1,39,39.0
H0276_P001_202602,H0276,P001,2026-02-01,1,2,120,60.0
H0276_P002_202506,H0276,P002,2025-06-01,1,1,48,48.0
H0276_P002_202511,H0276,P002,2025-11-01,1,1,21,21.0
H0276_P002_202512,H0276,P002,2025-12-01,1,1,37,37.0
H0276_P003_202507,H0276,P003,2025-07-01,1,1,24,24.0
H0276_P003_202511,H0276,P003,2025-11-01,1,2,96,48.0
H0276_P003_202512,H0276,P003,2025-12-01,1,1,50,50.0
H0276_P004_202509,H0276,P004,2025-09-01,1,2,40,20.0
H0276_P004_202510,H0276,P004,2025-10-01,1,1,24,24.0
H0276_P004_202511,H0276,P004,2025-11-01,1,1,53,53.0
H0276_P005_202506,H0276,P005,2025-06-01,1,5,300,60.0
H0276_P005_202507,H0276,P005,2025-07-01,1,2,82,41.0
H0276_P005_202510,H0276,P005,2025-10-01,1,4,92,23.0
H0276_P005_202511,H0276,P005,2025-11-01,1,2,108,54.0
H0276_P005_202512,H0276,P005,2025-12-01,1,1,51,51.0
H0276_P005_202601,H0276,P005,2026-01-01,1,3,177,59.0
H0276_P005_202602,H0276,P005,2026-02-01,1,2,98,49.0
H0276_P005_202603,H0276,P005,2026-03-01,1,2,108,54.0
H0277_P001_202507,H0277,P001,2025-07-01,1,1,58,58.0
H0277_P001_202509,H0277,P001,2025-09-01,1,3,150,50.0
H0277_P001_202512,H0277,P001,2025-12-01,1,1,25,25.0
H0277_P001_202601,H0277,P001,2026-01-01,1,1,30,30.0
H0277_P002_202506,H0277,P002,2025-06-01,1,1,23,23.0
H0277_P002_202507,H0277,P002,2025-07-01,1,1,31,31.0
H0277_P002_202509,H0277,P002,2025-09-01,1,1,60,60.0
H0277_P002_202512,H0277,P002,2025-12-01,1,1,35,35.0
H0277_P002_202603,H0277,P002,2026-03-01,1,1,33,33.0
H0277_P003_202506,H0277,P003,2025-06-01,1,3,144,48.0
H0277_P003_202507,H0277,P003,2025-07-01,1,4,192,48.0
H0277_P003_202509,H0277,P003,2025-09-01,1,1,51,51.0
H0277_P003_202511,H0277,P003,2025-11-01,1,1,43,43.0
H0277_P003_202512,H0277,P003,2025-12-01,1,3,156,52.0
H0277_P003_202601,H0277,P003,2026-01-01,1,1,50,50.0
H0277_P003_202602,H0277,P003,2026-02-01,1,1,38,38.0
H0277_P003_202603,H0277,P003,2026-03-01,1,2,48,24.0
H0277_P004_202507,H0277,P004,2025-07-01,1,2,48,24.0
H0277_P004_202508,H0277,P004,2025-08-01,1,2,56,28.0
H0277_P004_202509,H0277,P004,2025-09-01,1,1,33,33.0
H0277_P004_202511,H0277,P004,2025-11-01,1,1,20,20.0
H0277_P004_202512,H0277,P004,2025-12-01,1,2,74,37.0
H0277_P004_202603,H0277,P004,2026-03-01,1,2,98,49.0
H0277_P005_202506,H0277,P005,2025-06-01,1,5,220,44.0
H0277_P005_202507,H0277,P005,2025-07-01,1,6,282,47.0
H0277_P005_202508,H0277,P005,2025-08-01,1,6,294,49.0
H0277_P005_202509,H0277,P005,2025-09-01,1,6,270,45.0
H0277_P005_202511,H0277,P005,2025-11-01,1,1,59,59.0
H0277_P005_202512,H0277,P005,2025-12-01,1,3,99,33.0
H0277_P005_202601,H0277,P005,2026-01-01,1,4,124,31.0
H0277_P005_202602,H0277,P005,2026-02-01,1,3,168,56.0
H0277_P005_202603,H0277,P005,2026-03-01,1,3,126,42.0
H0278_P001_202506,H0278,P001,2025-06-01,1,3,162,54.0
H0278_P001_202507,H0278,P001,2025-07-01,1,3,84,28.0
H0278_P001_202508,H0278,P001,2025-08-01,1,7,364,52.0
H0278_P001_202509,H0278,P001,2025-09-01,1,7,231,33.0
H0278_P001_202510,H0278,P001,2025-10-01,1,1,23,23.0
H0278_P001_202511,H0278,P001,2025-11-01,1,4,144,36.0
H0278_P001_202512,H0278,P001,2025-12-01,1,2,50,25.0
H0278_P001_202601,H0278,P001,2026-01-01,1,6,252,42.0
H0278_P001_202602,H0278,P001,2026-02-01,1,5,125,25.0
H0278_P001_202603,H0278,P001,2026-03-01,1,5,250,50.0
H0278_P002_202506,H0278,P002,2025-06-01,1,3,120,40.0
H0278_P002_202507,H0278,P002,2025-07-01,1,2,108,54.0
H0278_P002_202508,H0278,P002,2025-08-01,1,7,245,35.0
H0278_P002_202509,H0278,P002,2025-09-01,1,6,312,52.0
H0278_P002_202510,H0278,P002,2025-10-01,1,3,63,21.0
H0278_P002_202511,H0278,P002,2025-11-01,1,5,150,30.0
H0278_P002_202512,H0278,P002,2025-12-01,1,2,102,51.0
H0278_P002_202601,H0278,P002,2026-01-01,1,4,220,55.0
H0278_P002_202602,H0278,P002,2026-02-01,1,6,216,36.0
H0278_P002_202603,H0278,P002,2026-03-01,1,3,171,57.0
H0278_P003_202506,H0278,P003,2025-06-01,1,3,105,35.0
H0278_P003_202507,H0278,P003,2025-07-01,1,1,21,21.0
H0278_P003_202508,H0278,P003,2025-08-01,1,2,90,45.0
H0278_P003_202510,H0278,P003,2025-10-01,1,1,44,44.0
H0278_P003_202511,H0278,P003,2025-11-01,1,1,56,56.0
H0278_P003_202601,H0278,P003,2026-01-01,1,1,38,38.0
H0278_P003_202602,H0278,P003,2026-02-01,1,2,112,56.0
H0278_P003_202603,H0278,P003,2026-03-01,1,1,32,32.0
H0278_P004_202506,H0278,P004,2025-06-01,1,3,72,24.0
H0278_P004_202507,H0278,P004,2025-07-01,1,3,120,40.0
H0278_P004_202508,H0278,P004,2025-08-01,1,4,168,42.0
H0278_P004_202509,H0278,P004,2025-09-01,1,2,48,24.0
H0278_P004_202510,H0278,P004,2025-10-01,1,3,156,52.0
H0278_P004_202511,H0278,P004,2025-11-01,1,6,138,23.0
H0278_P004_202512,H0278,P004,2025-12-01,1,4,112,28.0
H0278_P004_202601,H0278,P004,2026-01-01,1,5,280,56.0
H0278_P004_202602,H0278,P004,2026-02-01,1,4,240,60.0
H0278_P004_202603,H0278,P004,2026-03-01,1,3,129,43.0
H0278_P005_202506,H0278,P005,2025-06-01,1,3,159,53.0
H0278_P005_202507,H0278,P005,2025-07-01,1,4,128,32.0
H0278_P005_202508,H0278,P005,2025-08-01,1,2,102,51.0
H0278_P005_202509,H0278,P005,2025-09-01,1,5,180,36.0
H0278_P005_202510,H0278,P005,2025-10-01,1,2,44,22.0
H0278_P005_202511,H0278,P005,2025-11-01,1,1,23,23.0
H0278_P005_202512,H0278,P005,2025-12-01,1,2,92,46.0
H0278_P005_202601,H0278,P005,2026-01-01,1,2,78,39.0
H0278_P005_202602,H0278,P005,2026-02-01,1,2,50,25.0
H0278_P005_202603,H0278,P005,2026-03-01,1,2,98,49.0
H0279_P001_202506,H0279,P001,2025-06-01,1,3,63,21.0
H0279_P001_202508,H0279,P001,2025-08-01,1,3,135,45.0
H0279_P001_202509,H0279,P001,2025-09-01,1,1,46,46.0
H0279_P001_202511,H0279,P001,2025-11-01,1,2,104,52.0
H0279_P001_202601,H0279,P001,2026-01-01,1,2,44,22.0
H0279_P001_202603,H0279,P001,2026-03-01,1,1,30,30.0
H0279_P002_202507,H0279,P002,2025-07-01,1,1,37,37.0
H0279_P002_202511,H0279,P002,2025-11-01,1,1,30,30.0
H0279_P002_202603,H0279,P002,2026-03-01,1,2,108,54.0
H0279_P003_202506,H0279,P003,2025-06-01,1,1,53,53.0
H0279_P004_202506,H0279,P004,2025-06-01,1,1,26,26.0
H0279_P004_202508,H0279,P004,2025-08-01,1,1,47,47.0
H0279_P004_202509,H0279,P004,2025-09-01,1,1,49,49.0
H0279_P004_202510,H0279,P004,2025-10-01,1,2,114,57.0
H0279_P004_202511,H0279,P004,2025-11-01,1,2,100,50.0
H0279_P004_202602,H0279,P004,2026-02-01,1,1,23,23.0
H0279_P004_202603,H0279,P004,2026-03-01,1,1,21,21.0
H0279_P005_202506,H0279,P005,2025-06-01,1,2,118,59.0
H0280_P001_202507,H0280,P001,2025-07-01,1,1,54,54.0
H0280_P001_202510,H0280,P001,2025-10-01,1,1,40,40.0
H0280_P001_202511,H0280,P001,2025-11-01,1,1,39,39.0
H0280_P001_202602,H0280,P001,2026-02-01,1,1,54,54.0
H0280_P001_202603,H0280,P001,2026-03-01,1,1,46,46.0
H0280_P002_202507,H0280,P002,2025-07-01,1,2,90,45.0
H0280_P002_202510,H0280,P002,2025-10-01,1,1,51,51.0
H0280_P002_202511,H0280,P002,2025-11-01,1,1,56,56.0
H0280_P002_202601,H0280,P002,2026-01-01,1,2,60,30.0
H0280_P002_202602,H0280,P002,2026-02-01,1,2,102,51.0
H0280_P002_202603,H0280,P002,2026-03-01,1,4,240,60.0
H0280_P003_202507,H0280,P003,2025-07-01,1,1,51,51.0
H0280_P003_202509,H0280,P003,2025-09-01,1,1,26,26.0
H0280_P003_202510,H0280,P003,2025-10-01,1,1,45,45.0
H0280_P003_202511,H0280,P003,2025-11-01,1,1,30,30.0
H0280_P003_202603,H0280,P003,2026-03-01,1,2,70,35.0
H0280_P004_202506,H0280,P004,2025-06-01,1,5,175,35.0
H0280_P004_202507,H0280,P004,2025-07-01,1,2,48,24.0
H0280_P004_202508,H0280,P004,2025-08-01,1,2,44,22.0
H0280_P004_202509,H0280,P004,2025-09-01,1,4,104,26.0
H0280_P004_202510,H0280,P004,2025-10-01,1,2,70,35.0
H0280_P004_202511,H0280,P004,2025-11-01,1,3,159,53.0
H0280_P004_202601,H0280,P004,2026-01-01,1,7,245,35.0
H0280_P004_202602,H0280,P004,2026-02-01,1,3,180,60.0
H0280_P004_202603,H0280,P004,2026-03-01,1,6,258,43.0
H0280_P005_202506,H0280,P005,2025-06-01,1,1,30,30.0
H0280_P005_202507,H0280,P005,2025-07-01,1,1,21,21.0
H0280_P005_202508,H0280,P005,2025-08-01,1,1,58,58.0
H0280_P005_202510,H0280,P005,2025-10-01,1,1,52,52.0
H0280_P005_202511,H0280,P005,2025-11-01,1,1,46,46.0
H0280_P005_202601,H0280,P005,2026-01-01,1,2,58,29.0
H0280_P005_202602,H0280,P005,2026-02-01,1,2,58,29.0
H0280_P005_202603,H0280,P005,2026-03-01,1,2,118,59.0
H0281_P002_202507,H0281,P002,2025-07-01,1,1,57,57.0
H0281_P002_202509,H0281,P002,2025-09-01,1,1,22,22.0
H0281_P002_202601,H0281,P002,2026-01-01,1,1,34,34.0
H0281_P003_202507,H0281,P003,2025-07-01,1,2,106,53.0
H0281_P003_202508,H0281,P003,2025-08-01,1,1,51,51.0
H0281_P003_202509,H0281,P003,2025-09-01,1,1,53,53.0
H0281_P003_202510,H0281,P003,2025-10-01,1,3,120,40.0
H0281_P003_202511,H0281,P003,2025-11-01,1,3,180,60.0
H0281_P003_202512,H0281,P003,2025-12-01,1,1,44,44.0
H0281_P003_202601,H0281,P003,2026-01-01,1,1,21,21.0
H0281_P003_202602,H0281,P003,2026-02-01,1,3,168,56.0
H0281_P003_202603,H0281,P003,2026-03-01,1,1,42,42.0
H0281_P004_202508,H0281,P004,2025-08-01,1,1,33,33.0
H0281_P004_202510,H0281,P004,2025-10-01,1,1,54,54.0
H0281_P004_202512,H0281,P004,2025-12-01,1,1,31,31.0
H0281_P004_202601,H0281,P004,2026-01-01,1,2,58,29.0
H0281_P004_202602,H0281,P004,2026-02-01,1,2,84,42.0
H0281_P004_202603,H0281,P004,2026-03-01,1,2,114,57.0
H0281_P005_202603,H0281,P005,2026-03-01,1,1,33,33.0
H0282_P001_202507,H0282,P001,2025-07-01,1,1,54,54.0
H0282_P001_202508,H0282,P001,2025-08-01,1,3,132,44.0
H0282_P001_202509,H0282,P001,2025-09-01,1,2,114,57.0
H0282_P001_202510,H0282,P001,2025-10-01,1,2,118,59.0
H0282_P001_202511,H0282,P001,2025-11-01,1,1,59,59.0
H0282_P001_202601,H0282,P001,2026-01-01,1,3,168,56.0
H0282_P001_202602,H0282,P001,2026-02-01,1,2,64,32.0
H0282_P002_202507,H0282,P002,2025-07-01,1,1,38,38.0
H0282_P002_202508,H0282,P002,2025-08-01,1,2,76,38.0
H0282_P002_202509,H0282,P002,2025-09-01,1,3,63,21.0
H0282_P002_202510,H0282,P002,2025-10-01,1,1,27,27.0
H0282_P002_202511,H0282,P002,2025-11-01,1,1,30,30.0
H0282_P002_202601,H0282,P002,2026-01-01,1,1,49,49.0
H0282_P002_202603,H0282,P002,2026-03-01,1,1,57,57.0
H0282_P003_202507,H0282,P003,2025-07-01,1,2,78,39.0
H0282_P003_202508,H0282,P003,2025-08-01,1,2,80,40.0
H0282_P003_202509,H0282,P003,2025-09-01,1,3,69,23.0
H0282_P003_202510,H0282,P003,2025-10-01,1,2,62,31.0
H0282_P003_202511,H0282,P003,2025-11-01,1,1,32,32.0
H0282_P003_202601,H0282,P003,2026-01-01,1,2,94,47.0
H0282_P003_202602,H0282,P003,2026-02-01,1,1,26,26.0
H0282_P004_202506,H0282,P004,2025-06-01,1,2,100,50.0
H0282_P004_202507,H0282,P004,2025-07-01,1,1,32,32.0
H0282_P004_202508,H0282,P004,2025-08-01,1,3,120,40.0
H0282_P004_202509,H0282,P004,2025-09-01,1,3,114,38.0
H0282_P004_202510,H0282,P004,2025-10-01,1,2,80,40.0
H0282_P004_202511,H0282,P004,2025-11-01,1,5,245,49.0
H0282_P004_202512,H0282,P004,2025-12-01,1,5,125,25.0
H0282_P004_202601,H0282,P004,2026-01-01,1,4,160,40.0
H0282_P004_202602,H0282,P004,2026-02-01,1,1,35,35.0
H0282_P004_202603,H0282,P004,2026-03-01,1,2,116,58.0
H0282_P005_202506,H0282,P005,2025-06-01,1,1,29,29.0
H0282_P005_202507,H0282,P005,2025-07-01,1,1,26,26.0
H0282_P005_202508,H0282,P005,2025-08-01,1,2,58,29.0
H0282_P005_202509,H0282,P005,2025-09-01,1,3,168,56.0
H0282_P005_202510,H0282,P005,2025-10-01,1,1,23,23.0
H0282_P005_202511,H0282,P005,2025-11-01,1,1,46,46.0
H0282_P005_202512,H0282,P005,2025-12-01,1,1,35,35.0
H0282_P005_202601,H0282,P005,2026-01-01,1,3,60,20.0
H0282_P005_202603,H0282,P005,2026-03-01,1,1,50,50.0
H0283_P001_202508,H0283,P001,2025-08-01,1,1,28,28.0
H0283_P001_202511,H0283,P001,2025-11-01,1,2,110,55.0
H0283_P001_202601,H0283,P001,2026-01-01,1,1,20,20.0
H0283_P002_202506,H0283,P002,2025-06-01,1,1,44,44.0
H0283_P002_202507,H0283,P002,2025-07-01,1,1,56,56.0
H0283_P002_202508,H0283,P002,2025-08-01,1,1,29,29.0
H0283_P002_202509,H0283,P002,2025-09-01,1,1,30,30.0
H0283_P004_202506,H0283,P004,2025-06-01,1,1,32,32.0
H0283_P004_202509,H0283,P004,2025-09-01,1,2,86,43.0
H0283_P004_202603,H0283,P004,2026-03-01,1,1,38,38.0
H0283_P005_202506,H0283,P005,2025-06-01,1,1,27,27.0
H0283_P005_202507,H0283,P005,2025-07-01,1,2,56,28.0
H0283_P005_202508,H0283,P005,2025-08-01,1,1,32,32.0
H0283_P005_202509,H0283,P005,2025-09-01,1,2,44,22.0
H0283_P005_202510,H0283,P005,2025-10-01,1,2,42,21.0
H0283_P005_202511,H0283,P005,2025-11-01,1,1,45,45.0
H0283_P005_202512,H0283,P005,2025-12-01,1,1,43,43.0
H0283_P005_202601,H0283,P005,2026-01-01,1,2,54,27.0
H0283_P005_202603,H0283,P005,2026-03-01,1,3,78,26.0
H0284_P001_202506,H0284,P001,2025-06-01,1,2,64,32.0
H0284_P001_202507,H0284,P001,2025-07-01,1,2,66,33.0
H0284_P001_202508,H0284,P001,2025-08-01,1,1,53,53.0
H0284_P001_202509,H0284,P001,2025-09-01,1,1,58,58.0
H0284_P001_202510,H0284,P001,2025-10-01,1,1,54,54.0
H0284_P001_202511,H0284,P001,2025-11-01,1,1,31,31.0
H0284_P001_202601,H0284,P001,2026-01-01,1,1,54,54.0
H0284_P001_202602,H0284,P001,2026-02-01,1,2,60,30.0
H0284_P002_202508,H0284,P002,2025-08-01,1,1,40,40.0
H0284_P002_202509,H0284,P002,2025-09-01,1,1,60,60.0
H0284_P002_202510,H0284,P002,2025-10-01,1,2,64,32.0
H0284_P002_202601,H0284,P002,2026-01-01,1,1,33,33.0
H0284_P002_202602,H0284,P002,2026-02-01,1,1,39,39.0
H0284_P002_202603,H0284,P002,2026-03-01,1,1,35,35.0
H0284_P004_202506,H0284,P004,2025-06-01,1,1,45,45.0
H0284_P004_202601,H0284,P004,2026-01-01,1,1,31,31.0
H0284_P004_202603,H0284,P004,2026-03-01,1,1,37,37.0
H0285_P001_202507,H0285,P001,2025-07-01,1,3,84,28.0
H0285_P001_202508,H0285,P001,2025-08-01,1,4,196,49.0
H0285_P001_202509,H0285,P001,2025-09-01,1,1,24,24.0
H0285_P001_202511,H0285,P001,2025-11-01,1,1,37,37.0
H0285_P001_202512,H0285,P001,2025-12-01,1,4,96,24.0
H0285_P001_202602,H0285,P001,2026-02-01,1,1,47,47.0
H0285_P001_202603,H0285,P001,2026-03-01,1,1,36,36.0
H0285_P002_202506,H0285,P002,2025-06-01,1,1,44,44.0
H0285_P002_202507,H0285,P002,2025-07-01,1,4,104,26.0
H0285_P002_202508,H0285,P002,2025-08-01,1,6,312,52.0
H0285_P002_202509,H0285,P002,2025-09-01,1,6,186,31.0
H0285_P002_202510,H0285,P002,2025-10-01,1,6,288,48.0
H0285_P002_202511,H0285,P002,2025-11-01,1,10,550,55.0
H0285_P002_202512,H0285,P002,2025-12-01,1,3,180,60.0
H0285_P002_202601,H0285,P002,2026-01-01,1,5,200,40.0
H0285_P002_202602,H0285,P002,2026-02-01,1,8,408,51.0
H0285_P002_202603,H0285,P002,2026-03-01,1,9,297,33.0
H0285_P003_202506,H0285,P003,2025-06-01,1,1,39,39.0
H0285_P003_202508,H0285,P003,2025-08-01,1,3,159,53.0
H0285_P003_202510,H0285,P003,2025-10-01,1,2,108,54.0
H0285_P003_202512,H0285,P003,2025-12-01,1,2,86,43.0
H0285_P003_202601,H0285,P003,2026-01-01,1,1,56,56.0
H0285_P003_202602,H0285,P003,2026-02-01,1,2,110,55.0
H0285_P003_202603,H0285,P003,2026-03-01,1,1,37,37.0
H0285_P004_202506,H0285,P004,2025-06-01,1,3,162,54.0
H0285_P004_202507,H0285,P004,2025-07-01,1,2,54,27.0
H0285_P004_202508,H0285,P004,2025-08-01,1,1,29,29.0
H0285_P004_202509,H0285,P004,2025-09-01,1,2,42,21.0
H0285_P004_202510,H0285,P004,2025-10-01,1,1,40,40.0
H0285_P004_202511,H0285,P004,2025-11-01,1,1,60,60.0
H0285_P004_202512,H0285,P004,2025-12-01,1,4,208,52.0
H0285_P004_202601,H0285,P004,2026-01-01,1,5,100,20.0
H0285_P004_202602,H0285,P004,2026-02-01,1,3,156,52.0
H0285_P004_202603,H0285,P004,2026-03-01,1,4,84,21.0
H0285_P005_202506,H0285,P005,2025-06-01,1,1,28,28.0
H0285_P005_202508,H0285,P005,2025-08-01,1,1,22,22.0
H0285_P005_202509,H0285,P005,2025-09-01,1,3,168,56.0
H0285_P005_202510,H0285,P005,2025-10-01,1,2,88,44.0
H0285_P005_202511,H0285,P005,2025-11-01,1,2,40,20.0
H0285_P005_202601,H0285,P005,2026-01-01,1,5,165,33.0
H0285_P005_202602,H0285,P005,2026-02-01,1,3,75,25.0
H0285_P005_202603,H0285,P005,2026-03-01,1,2,44,22.0
H0286_P001_202506,H0286,P001,2025-06-01,1,2,40,20.0
H0286_P001_202507,H0286,P001,2025-07-01,1,7,140,20.0
H0286_P001_202508,H0286,P001,2025-08-01,1,6,282,47.0
H0286_P001_202509,H0286,P001,2025-09-01,1,3,102,34.0
H0286_P001_202510,H0286,P001,2025-10-01,1,6,228,38.0
H0286_P001_202511,H0286,P001,2025-11-01,1,1,41,41.0
H0286_P001_202512,H0286,P001,2025-12-01,1,3,159,53.0
H0286_P001_202601,H0286,P001,2026-01-01,1,4,92,23.0
H0286_P001_202602,H0286,P001,2026-02-01,1,5,180,36.0
H0286_P001_202603,H0286,P001,2026-03-01,1,3,117,39.0
H0286_P003_202511,H0286,P003,2025-11-01,1,2,86,43.0
H0286_P005_202506,H0286,P005,2025-06-01,1,1,39,39.0
H0286_P005_202507,H0286,P005,2025-07-01,1,5,105,21.0
H0286_P005_202508,H0286,P005,2025-08-01,1,4,192,48.0
H0286_P005_202509,H0286,P005,2025-09-01,1,1,41,41.0
H0286_P005_202510,H0286,P005,2025-10-01,1,3,156,52.0
H0286_P005_202511,H0286,P005,2025-11-01,1,4,152,38.0
H0286_P005_202512,H0286,P005,2025-12-01,1,1,39,39.0
H0286_P005_202601,H0286,P005,2026-01-01,1,3,153,51.0
H0286_P005_202602,H0286,P005,2026-02-01,1,1,53,53.0
H0286_P005_202603,H0286,P005,2026-03-01,1,3,93,31.0
H0287_P001_202603,H0287,P001,2026-03-01,1,1,58,58.0
H0287_P002_202506,H0287,P002,2025-06-01,1,1,31,31.0
H0287_P002_202509,H0287,P002,2025-09-01,1,1,37,37.0
H0287_P003_202506,H0287,P003,2025-06-01,1,1,27,27.0
H0287_P003_202507,H0287,P003,2025-07-01,1,1,59,59.0
H0287_P003_202509,H0287,P003,2025-09-01,1,2,52,26.0
H0287_P003_202510,H0287,P003,2025-10-01,1,1,46,46.0
H0287_P004_202510,H0287,P004,2025-10-01,1,2,42,21.0
H0287_P004_202511,H0287,P004,2025-11-01,1,1,39,39.0
H0287_P004_202601,H0287,P004,2026-01-01,1,2,100,50.0
H0287_P005_202506,H0287,P005,2025-06-01,1,2,88,44.0
H0287_P005_202507,H0287,P005,2025-07-01,1,3,102,34.0
H0287_P005_202508,H0287,P005,2025-08-01,1,1,46,46.0
H0287_P005_202509,H0287,P005,2025-09-01,1,1,55,55.0
H0287_P005_202511,H0287,P005,2025-11-01,1,2,78,39.0
H0287_P005_202601,H0287,P005,2026-01-01,1,5,125,25.0
H0287_P005_202602,H0287,P005,2026-02-01,1,1,42,42.0
H0287_P005_202603,H0287,P005,2026-03-01,1,1,24,24.0
H0288_P001_202506,H0288,P001,2025-06-01,1,6,120,20.0
H0288_P001_202507,H0288,P001,2025-07-01,1,6,234,39.0
H0288_P001_202508,H0288,P001,2025-08-01,1,1,44,44.0
H0288_P001_202509,H0288,P001,2025-09-01,1,4,220,55.0
H0288_P001_202510,H0288,P001,2025-10-01,1,2,110,55.0
H0288_P001_202511,H0288,P001,2025-11-01,1,5,165,33.0
H0288_P001_202512,H0288,P001,2025-12-01,1,4,204,51.0
H0288_P001_202601,H0288,P001,2026-01-01,1,2,88,44.0
H0288_P001_202602,H0288,P001,2026-02-01,1,3,120,40.0
H0288_P001_202603,H0288,P001,2026-03-01,1,6,360,60.0
H0288_P002_202506,H0288,P002,2025-06-01,1,6,234,39.0
H0288_P002_202507,H0288,P002,2025-07-01,1,7,336,48.0
H0288_P002_202508,H0288,P002,2025-08-01,1,6,360,60.0
H0288_P002_202509,H0288,P002,2025-09-01,1,4,128,32.0
H0288_P002_202510,H0288,P002,2025-10-01,1,2,88,44.0
H0288_P002_202511,H0288,P002,2025-11-01,1,8,280,35.0
H0288_P002_202512,H0288,P002,2025-12-01,1,1,58,58.0
H0288_P002_202601,H0288,P002,2026-01-01,1,5,125,25.0
H0288_P002_202602,H0288,P002,2026-02-01,1,5,260,52.0
H0288_P002_202603,H0288,P002,2026-03-01,1,5,115,23.0
H0288_P003_202506,H0288,P003,2025-06-01,1,1,59,59.0
H0288_P003_202507,H0288,P003,2025-07-01,1,2,98,49.0
H0288_P003_202508,H0288,P003,2025-08-01,1,4,136,34.0
H0288_P003_202509,H0288,P003,2025-09-01,1,1,53,53.0
H0288_P003_202510,H0288,P003,2025-10-01,1,2,116,58.0
H0288_P003_202511,H0288,P003,2025-11-01,1,1,51,51.0
H0288_P003_202512,H0288,P003,2025-12-01,1,2,104,52.0
H0288_P003_202601,H0288,P003,2026-01-01,1,3,72,24.0
H0288_P003_202602,H0288,P003,2026-02-01,1,5,225,45.0
H0288_P003_202603,H0288,P003,2026-03-01,1,1,43,43.0
H0288_P004_202507,H0288,P004,2025-07-01,1,3,180,60.0
H0288_P004_202508,H0288,P004,2025-08-01,1,1,34,34.0
H0288_P004_202509,H0288,P004,2025-09-01,1,1,25,25.0
H0288_P004_202511,H0288,P004,2025-11-01,1,3,81,27.0
H0288_P004_202512,H0288,P004,2025-12-01,1,2,78,39.0
H0288_P004_202601,H0288,P004,2026-01-01,1,1,57,57.0
H0288_P004_202602,H0288,P004,2026-02-01,1,3,102,34.0
H0288_P004_202603,H0288,P004,2026-03-01,1,4,188,47.0
H0288_P005_202506,H0288,P005,2025-06-01,1,1,56,56.0
H0288_P005_202511,H0288,P005,2025-11-01,1,2,74,37.0
H0288_P005_202512,H0288,P005,2025-12-01,1,3,138,46.0
H0288_P005_202601,H0288,P005,2026-01-01,1,1,48,48.0
H0288_P005_202603,H0288,P005,2026-03-01,1,4,140,35.0
H0289_P001_202510,H0289,P001,2025-10-01,1,1,45,45.0
H0289_P001_202511,H0289,P001,2025-11-01,1,1,26,26.0
H0289_P001_202603,H0289,P001,2026-03-01,1,1,29,29.0
H0289_P002_202506,H0289,P002,2025-06-01,1,1,27,27.0
H0289_P002_202507,H0289,P002,2025-07-01,1,1,33,33.0
H0289_P002_202508,H0289,P002,2025-08-01,1,4,204,51.0
H0289_P002_202509,H0289,P002,2025-09-01,1,3,105,35.0
H0289_P002_202510,H0289,P002,2025-10-01,1,1,36,36.0
H0289_P002_202511,H0289,P002,2025-11-01,1,1,26,26.0
H0289_P002_202512,H0289,P002,2025-12-01,1,1,55,55.0
H0289_P002_202601,H0289,P002,2026-01-01,1,1,24,24.0
H0289_P002_202602,H0289,P002,2026-02-01,1,3,132,44.0
H0289_P002_202603,H0289,P002,2026-03-01,1,1,29,29.0
H0289_P003_202509,H0289,P003,2025-09-01,1,1,33,33.0
H0289_P003_202510,H0289,P003,2025-10-01,1,1,22,22.0
H0289_P003_202512,H0289,P003,2025-12-01,1,1,57,57.0
H0289_P004_202508,H0289,P004,2025-08-01,1,1,58,58.0
H0289_P004_202510,H0289,P004,2025-10-01,1,2,98,49.0
H0289_P004_202512,H0289,P004,2025-12-01,1,1,39,39.0
H0289_P004_202603,H0289,P004,2026-03-01,1,1,53,53.0
H0289_P005_202507,H0289,P005,2025-07-01,1,1,45,45.0
H0289_P005_202512,H0289,P005,2025-12-01,1,1,26,26.0
H0290_P004_202506,H0290,P004,2025-06-01,1,1,57,57.0
H0290_P004_202507,H0290,P004,2025-07-01,1,1,35,35.0
H0290_P004_202511,H0290,P004,2025-11-01,1,2,72,36.0
H0291_P001_202506,H0291,P001,2025-06-01,1,6,168,28.0
H0291_P001_202507,H0291,P001,2025-07-01,1,4,140,35.0
H0291_P001_202508,H0291,P001,2025-08-01,1,7,364,52.0
H0291_P001_202509,H0291,P001,2025-09-01,1,3,141,47.0
H0291_P001_202510,H0291,P001,2025-10-01,1,1,45,45.0
H0291_P001_202511,H0291,P001,2025-11-01,1,2,58,29.0
H0291_P001_202512,H0291,P001,2025-12-01,1,9,387,43.0
H0291_P001_202601,H0291,P001,2026-01-01,1,2,76,38.0
H0291_P001_202602,H0291,P001,2026-02-01,1,3,126,42.0
H0291_P001_202603,H0291,P001,2026-03-01,1,6,174,29.0
H0291_P002_202506,H0291,P002,2025-06-01,1,4,204,51.0
H0291_P002_202507,H0291,P002,2025-07-01,1,1,22,22.0
H0291_P002_202508,H0291,P002,2025-08-01,1,2,48,24.0
H0291_P002_202509,H0291,P002,2025-09-01,1,4,120,30.0
H0291_P002_202510,H0291,P002,2025-10-01,1,3,165,55.0
H0291_P002_202511,H0291,P002,2025-11-01,1,5,300,60.0
H0291_P002_202512,H0291,P002,2025-12-01,1,2,86,43.0
H0291_P002_202601,H0291,P002,2026-01-01,1,2,80,40.0
H0291_P002_202602,H0291,P002,2026-02-01,1,4,216,54.0
H0291_P002_202603,H0291,P002,2026-03-01,1,4,220,55.0
H0291_P003_202506,H0291,P003,2025-06-01,1,5,130,26.0
H0291_P003_202507,H0291,P003,2025-07-01,1,14,812,58.0
H0291_P003_202508,H0291,P003,2025-08-01,1,7,196,28.0
H0291_P003_202509,H0291,P003,2025-09-01,1,8,392,49.0
H0291_P003_202510,H0291,P003,2025-10-01,1,11,495,45.0
H0291_P003_202511,H0291,P003,2025-11-01,1,10,310,31.0
H0291_P003_202512,H0291,P003,2025-12-01,1,6,192,32.0
H0291_P003_202601,H0291,P003,2026-01-01,1,9,306,34.0
H0291_P003_202602,H0291,P003,2026-02-01,1,9,450,50.0
H0291_P003_202603,H0291,P003,2026-03-01,1,1,58,58.0
H0291_P004_202506,H0291,P004,2025-06-01,1,2,118,59.0
H0291_P004_202507,H0291,P004,2025-07-01,1,3,162,54.0
H0291_P004_202508,H0291,P004,2025-08-01,1,5,290,58.0
H0291_P004_202509,H0291,P004,2025-09-01,1,3,162,54.0
H0291_P004_202510,H0291,P004,2025-10-01,1,2,56,28.0
H0291_P004_202511,H0291,P004,2025-11-01,1,3,102,34.0
H0291_P004_202512,H0291,P004,2025-12-01,1,3,120,40.0
H0291_P004_202601,H0291,P004,2026-01-01,1,3,84,28.0
H0291_P004_202602,H0291,P004,2026-02-01,1,7,315,45.0
H0291_P004_202603,H0291,P004,2026-03-01,1,7,385,55.0
H0291_P005_202506,H0291,P005,2025-06-01,1,1,22,22.0
H0291_P005_202508,H0291,P005,2025-08-01,1,2,50,25.0
H0291_P005_202511,H0291,P005,2025-11-01,1,1,58,58.0
H0291_P005_202601,H0291,P005,2026-01-01,1,3,99,33.0
H0291_P005_202602,H0291,P005,2026-02-01,1,1,52,52.0
H0292_P001_202506,H0292,P001,2025-06-01,1,4,176,44.0
H0292_P001_202507,H0292,P001,2025-07-01,1,3,141,47.0
H0292_P001_202508,H0292,P001,2025-08-01,1,6,186,31.0
H0292_P001_202510,H0292,P001,2025-10-01,1,5,275,55.0
H0292_P001_202511,H0292,P001,2025-11-01,1,1,40,40.0
H0292_P001_202512,H0292,P001,2025-12-01,1,3,168,56.0
H0292_P001_202601,H0292,P001,2026-01-01,1,1,54,54.0
H0292_P001_202602,H0292,P001,2026-02-01,1,3,102,34.0
H0292_P002_202506,H0292,P002,2025-06-01,1,5,175,35.0
H0292_P002_202507,H0292,P002,2025-07-01,1,1,33,33.0
H0292_P002_202508,H0292,P002,2025-08-01,1,4,188,47.0
H0292_P002_202509,H0292,P002,2025-09-01,1,4,88,22.0
H0292_P002_202510,H0292,P002,2025-10-01,1,3,150,50.0
H0292_P002_202511,H0292,P002,2025-11-01,1,5,240,48.0
H0292_P002_202512,H0292,P002,2025-12-01,1,3,87,29.0
H0292_P002_202601,H0292,P002,2026-01-01,1,1,44,44.0
H0292_P002_202602,H0292,P002,2026-02-01,1,3,105,35.0
H0292_P002_202603,H0292,P002,2026-03-01,1,4,232,58.0
H0292_P003_202506,H0292,P003,2025-06-01,1,2,108,54.0
H0292_P003_202507,H0292,P003,2025-07-01,1,5,155,31.0
H0292_P003_202508,H0292,P003,2025-08-01,1,4,128,32.0
H0292_P003_202509,H0292,P003,2025-09-01,1,2,102,51.0
H0292_P003_202510,H0292,P003,2025-10-01,1,3,180,60.0
H0292_P003_202511,H0292,P003,2025-11-01,1,8,320,40.0
H0292_P003_202512,H0292,P003,2025-12-01,1,7,266,38.0
H0292_P003_202601,H0292,P003,2026-01-01,1,4,204,51.0
H0292_P003_202602,H0292,P003,2026-02-01,1,3,102,34.0
H0292_P003_202603,H0292,P003,2026-03-01,1,3,69,23.0
H0292_P004_202506,H0292,P004,2025-06-01,1,2,76,38.0
H0292_P004_202508,H0292,P004,2025-08-01,1,1,30,30.0
H0292_P004_202509,H0292,P004,2025-09-01,1,4,120,30.0
H0292_P004_202510,H0292,P004,2025-10-01,1,1,56,56.0
H0292_P004_202511,H0292,P004,2025-11-01,1,1,40,40.0
H0292_P004_202512,H0292,P004,2025-12-01,1,3,144,48.0
H0292_P004_202601,H0292,P004,2026-01-01,1,3,147,49.0
H0292_P004_202603,H0292,P004,2026-03-01,1,1,54,54.0
H0292_P005_202506,H0292,P005,2025-06-01,1,5,140,28.0
H0292_P005_202507,H0292,P005,2025-07-01,1,2,58,29.0
H0292_P005_202508,H0292,P005,2025-08-01,1,5,180,36.0
H0292_P005_202509,H0292,P005,2025-09-01,1,5,120,24.0
H0292_P005_202510,H0292,P005,2025-10-01,1,3,96,32.0
H0292_P005_202511,H0292,P005,2025-11-01,1,2,116,58.0
H0292_P005_202512,H0292,P005,2025-12-01,1,2,112,56.0
H0292_P005_202601,H0292,P005,2026-01-01,1,2,74,37.0
H0292_P005_202602,H0292,P005,2026-02-01,1,3,84,28.0
H0292_P005_202603,H0292,P005,2026-03-01,1,1,43,43.0
H0293_P002_202506,H0293,P002,2025-06-01,1,1,25,25.0
H0293_P002_202509,H0293,P002,2025-09-01,1,2,72,36.0
H0293_P002_202510,H0293,P002,2025-10-01,1,1,21,21.0
H0293_P002_202511,H0293,P002,2025-11-01,1,1,38,38.0
H0293_P002_202601,H0293,P002,2026-01-01,1,2,68,34.0
H0293_P002_202602,H0293,P002,2026-02-01,1,3,66,22.0
H0293_P003_202506,H0293,P003,2025-06-01,1,1,26,26.0
H0293_P003_202511,H0293,P003,2025-11-01,1,1,51,51.0
H0293_P003_202512,H0293,P003,2025-12-01,1,2,114,57.0
H0293_P004_202508,H0293,P004,2025-08-01,1,1,29,29.0
H0293_P004_202510,H0293,P004,2025-10-01,1,2,40,20.0
H0293_P004_202602,H0293,P004,2026-02-01,1,1,27,27.0
H0293_P005_202508,H0293,P005,2025-08-01,1,2,66,33.0
H0293_P005_202603,H0293,P005,2026-03-01,1,1,60,60.0
H0295_P002_202506,H0295,P002,2025-06-01,1,1,42,42.0
H0295_P002_202509,H0295,P002,2025-09-01,1,1,21,21.0
H0295_P002_202510,H0295,P002,2025-10-01,1,1,39,39.0
H0295_P003_202508,H0295,P003,2025-08-01,1,2,60,30.0
H0295_P003_202509,H0295,P003,2025-09-01,1,2,62,31.0
H0295_P003_202512,H0295,P003,2025-12-01,1,1,45,45.0
H0295_P003_202601,H0295,P003,2026-01-01,1,1,48,48.0
H0295_P004_202508,H0295,P004,2025-08-01,1,1,28,28.0
H0295_P004_202509,H0295,P004,2025-09-01,1,1,21,21.0
H0296_P001_202507,H0296,P001,2025-07-01,1,1,27,27.0
H0296_P001_202508,H0296,P001,2025-08-01,1,1,53,53.0
H0296_P001_202509,H0296,P001,2025-09-01,1,1,53,53.0
H0296_P001_202511,H0296,P001,2025-11-01,1,1,30,30.0
H0296_P001_202602,H0296,P001,2026-02-01,1,1,35,35.0
H0296_P001_202603,H0296,P001,2026-03-01,1,1,60,60.0
H0296_P002_202506,H0296,P002,2025-06-01,1,1,32,32.0
H0296_P002_202507,H0296,P002,2025-07-01,1,1,48,48.0
H0296_P002_202508,H0296,P002,2025-08-01,1,1,59,59.0
H0296_P002_202509,H0296,P002,2025-09-01,1,1,60,60.0
H0296_P002_202511,H0296,P002,2025-11-01,1,1,33,33.0
H0296_P002_202601,H0296,P002,2026-01-01,1,1,57,57.0
H0296_P002_202603,H0296,P002,2026-03-01,1,3,150,50.0
H0296_P003_202508,H0296,P003,2025-08-01,1,1,23,23.0
H0296_P003_202510,H0296,P003,2025-10-01,1,1,48,48.0
H0296_P004_202506,H0296,P004,2025-06-01,1,2,108,54.0
H0296_P004_202507,H0296,P004,2025-07-01,1,2,42,21.0
H0296_P004_202509,H0296,P004,2025-09-01,1,1,46,46.0
H0296_P004_202511,H0296,P004,2025-11-01,1,1,29,29.0
H0296_P004_202512,H0296,P004,2025-12-01,1,1,33,33.0
H0296_P004_202601,H0296,P004,2026-01-01,1,1,58,58.0
H0296_P004_202602,H0296,P004,2026-02-01,1,1,37,37.0
H0296_P004_202603,H0296,P004,2026-03-01,1,1,47,47.0
H0296_P005_202506,H0296,P005,2025-06-01,1,4,168,42.0
H0296_P005_202508,H0296,P005,2025-08-01,1,1,28,28.0
H0296_P005_202509,H0296,P005,2025-09-01,1,1,45,45.0
H0296_P005_202510,H0296,P005,2025-10-01,1,3,72,24.0
H0296_P005_202511,H0296,P005,2025-11-01,1,1,34,34.0
H0296_P005_202512,H0296,P005,2025-12-01,1,3,90,30.0
H0297_P001_202509,H0297,P001,2025-09-01,1,1,48,48.0
H0298_P001_202506,H0298,P001,2025-06-01,1,4,120,30.0
H0298_P001_202507,H0298,P001,2025-07-01,1,2,44,22.0
H0298_P001_202508,H0298,P001,2025-08-01,1,6,216,36.0
H0298_P001_202509,H0298,P001,2025-09-01,1,3,60,20.0
H0298_P001_202510,H0298,P001,2025-10-01,1,4,80,20.0
H0298_P001_202511,H0298,P001,2025-11-01,1,3,144,48.0
H0298_P001_202601,H0298,P001,2026-01-01,1,4,96,24.0
H0298_P001_202603,H0298,P001,2026-03-01,1,2,108,54.0
H0298_P002_202506,H0298,P002,2025-06-01,1,3,135,45.0
H0298_P002_202507,H0298,P002,2025-07-01,1,6,144,24.0
H0298_P002_202508,H0298,P002,2025-08-01,1,6,246,41.0
H0298_P002_202509,H0298,P002,2025-09-01,1,3,168,56.0
H0298_P002_202510,H0298,P002,2025-10-01,1,4,236,59.0
H0298_P002_202511,H0298,P002,2025-11-01,1,2,100,50.0
H0298_P002_202512,H0298,P002,2025-12-01,1,4,128,32.0
H0298_P002_202601,H0298,P002,2026-01-01,1,3,147,49.0
H0298_P002_202602,H0298,P002,2026-02-01,1,4,84,21.0
H0298_P002_202603,H0298,P002,2026-03-01,1,1,47,47.0
H0298_P003_202506,H0298,P003,2025-06-01,1,3,90,30.0
H0298_P003_202507,H0298,P003,2025-07-01,1,6,318,53.0
H0298_P003_202508,H0298,P003,2025-08-01,1,4,200,50.0
H0298_P003_202509,H0298,P003,2025-09-01,1,5,135,27.0
H0298_P003_202510,H0298,P003,2025-10-01,1,3,60,20.0
H0298_P003_202511,H0298,P003,2025-11-01,1,8,344,43.0
H0298_P003_202512,H0298,P003,2025-12-01,1,1,31,31.0
H0298_P003_202601,H0298,P003,2026-01-01,1,5,220,44.0
H0298_P003_202602,H0298,P003,2026-02-01,1,5,115,23.0
H0298_P003_202603,H0298,P003,2026-03-01,1,4,180,45.0
H0298_P004_202506,H0298,P004,2025-06-01,1,5,195,39.0
H0298_P004_202507,H0298,P004,2025-07-01,1,2,100,50.0
H0298_P004_202508,H0298,P004,2025-08-01,1,4,112,28.0
H0298_P004_202509,H0298,P004,2025-09-01,1,1,46,46.0
H0298_P004_202510,H0298,P004,2025-10-01,1,3,165,55.0
H0298_P004_202511,H0298,P004,2025-11-01,1,7,287,41.0
H0298_P004_202512,H0298,P004,2025-12-01,1,4,136,34.0
H0298_P004_202601,H0298,P004,2026-01-01,1,9,324,36.0
H0298_P004_202602,H0298,P004,2026-02-01,1,5,135,27.0
H0298_P004_202603,H0298,P004,2026-03-01,1,3,99,33.0
H0298_P005_202506,H0298,P005,2025-06-01,1,4,204,51.0
H0298_P005_202507,H0298,P005,2025-07-01,1,4,200,50.0
H0298_P005_202508,H0298,P005,2025-08-01,1,10,230,23.0
H0298_P005_202509,H0298,P005,2025-09-01,1,7,294,42.0
H0298_P005_202510,H0298,P005,2025-10-01,1,5,225,45.0
H0298_P005_202511,H0298,P005,2025-11-01,1,1,45,45.0
H0298_P005_202512,H0298,P005,2025-12-01,1,3,87,29.0
H0298_P005_202601,H0298,P005,2026-01-01,1,5,245,49.0
H0298_P005_202602,H0298,P005,2026-02-01,1,5,250,50.0
H0298_P005_202603,H0298,P005,2026-03-01,1,1,27,27.0
H0299_P001_202506,H0299,P001,2025-06-01,1,1,41,41.0
H0299_P001_202509,H0299,P001,2025-09-01,1,1,38,38.0
H0299_P001_202510,H0299,P001,2025-10-01,1,1,33,33.0
H0299_P001_202601,H0299,P001,2026-01-01,1,2,118,59.0
H0299_P001_202602,H0299,P001,2026-02-01,1,1,56,56.0
H0299_P001_202603,H0299,P001,2026-03-01,1,2,104,52.0
H0299_P002_202506,H0299,P002,2025-06-01,1,5,230,46.0
H0299_P002_202507,H0299,P002,2025-07-01,1,2,68,34.0
H0299_P002_202508,H0299,P002,2025-08-01,1,2,68,34.0
H0299_P002_202509,H0299,P002,2025-09-01,1,1,47,47.0
H0299_P002_202510,H0299,P002,2025-10-01,1,2,94,47.0
H0299_P002_202511,H0299,P002,2025-11-01,1,4,132,33.0
H0299_P002_202512,H0299,P002,2025-12-01,1,2,44,22.0
H0299_P002_202601,H0299,P002,2026-01-01,1,1,56,56.0
H0299_P002_202602,H0299,P002,2026-02-01,1,2,84,42.0
H0299_P002_202603,H0299,P002,2026-03-01,1,2,68,34.0
H0299_P003_202507,H0299,P003,2025-07-01,1,1,47,47.0
H0299_P003_202510,H0299,P003,2025-10-01,1,1,58,58.0
H0299_P003_202512,H0299,P003,2025-12-01,1,2,68,34.0
H0299_P003_202602,H0299,P003,2026-02-01,1,1,31,31.0
H0299_P004_202507,H0299,P004,2025-07-01,1,2,80,40.0
H0299_P004_202508,H0299,P004,2025-08-01,1,1,38,38.0
H0299_P004_202510,H0299,P004,2025-10-01,1,2,50,25.0
H0299_P004_202511,H0299,P004,2025-11-01,1,1,44,44.0
H0299_P004_202512,H0299,P004,2025-12-01,1,1,37,37.0
H0299_P004_202601,H0299,P004,2026-01-01,1,1,58,58.0
H0299_P004_202602,H0299,P004,2026-02-01,1,1,25,25.0
H0299_P005_202506,H0299,P005,2025-06-01,1,2,112,56.0
H0299_P005_202507,H0299,P005,2025-07-01,1,4,208,52.0
H0299_P005_202509,H0299,P005,2025-09-01,1,1,55,55.0
H0299_P005_202510,H0299,P005,2025-10-01,1,3,66,22.0
H0299_P005_202511,H0299,P005,2025-11-01,1,3,180,60.0
H0299_P005_202602,H0299,P005,2026-02-01,1,1,45,45.0
H0299_P005_202603,H0299,P005,2026-03-01,1,2,112,56.0
H0300_P001_202506,H0300,P001,2025-06-01,1,2,106,53.0
H0300_P001_202507,H0300,P001,2025-07-01,1,5,255,51.0
H0300_P001_202508,H0300,P001,2025-08-01,1,2,46,23.0
H0300_P001_202509,H0300,P001,2025-09-01,1,4,180,45.0
H0300_P001_202510,H0300,P001,2025-10-01,1,4,80,20.0
H0300_P001_202511,H0300,P001,2025-11-01,1,2,76,38.0
H0300_P001_202512,H0300,P001,2025-12-01,1,4,232,58.0
H0300_P001_202601,H0300,P001,2026-01-01,1,3,60,20.0
H0300_P001_202602,H0300,P001,2026-02-01,1,3,165,55.0
H0300_P001_202603,H0300,P001,2026-03-01,1,3,96,32.0
H0300_P002_202506,H0300,P002,2025-06-01,1,5,160,32.0
H0300_P002_202507,H0300,P002,2025-07-01,1,1,34,34.0
H0300_P002_202508,H0300,P002,2025-08-01,1,2,46,23.0
H0300_P002_202509,H0300,P002,2025-09-01,1,2,98,49.0
H0300_P002_202510,H0300,P002,2025-10-01,1,5,290,58.0
H0300_P002_202511,H0300,P002,2025-11-01,1,4,136,34.0
H0300_P002_202512,H0300,P002,2025-12-01,1,2,102,51.0
H0300_P002_202601,H0300,P002,2026-01-01,1,3,135,45.0
H0300_P002_202602,H0300,P002,2026-02-01,1,4,240,60.0
H0300_P002_202603,H0300,P002,2026-03-01,1,2,112,56.0
H0300_P003_202506,H0300,P003,2025-06-01,1,2,82,41.0
H0300_P003_202507,H0300,P003,2025-07-01,1,4,88,22.0
H0300_P003_202508,H0300,P003,2025-08-01,1,7,189,27.0
H0300_P003_202509,H0300,P003,2025-09-01,1,4,188,47.0
H0300_P003_202510,H0300,P003,2025-10-01,1,5,125,25.0
H0300_P003_202511,H0300,P003,2025-11-01,1,1,58,58.0
H0300_P003_202512,H0300,P003,2025-12-01,1,4,180,45.0
H0300_P003_202601,H0300,P003,2026-01-01,1,2,88,44.0
H0300_P003_202602,H0300,P003,2026-02-01,1,2,116,58.0
H0300_P003_202603,H0300,P003,2026-03-01,1,6,348,58.0
H0300_P004_202506,H0300,P004,2025-06-01,1,3,69,23.0
H0300_P004_202507,H0300,P004,2025-07-01,1,3,141,47.0
H0300_P004_202508,H0300,P004,2025-08-01,1,4,120,30.0
H0300_P004_202509,H0300,P004,2025-09-01,1,5,285,57.0
H0300_P004_202510,H0300,P004,2025-10-01,1,5,100,20.0
H0300_P004_202511,H0300,P004,2025-11-01,1,3,141,47.0
H0300_P004_202512,H0300,P004,2025-12-01,1,5,175,35.0
H0300_P004_202601,H0300,P004,2026-01-01,1,2,108,54.0
H0300_P004_202602,H0300,P004,2026-02-01,1,4,196,49.0
H0300_P004_202603,H0300,P004,2026-03-01,1,3,117,39.0
H0300_P005_202506,H0300,P005,2025-06-01,1,3,141,47.0
H0300_P005_202507,H0300,P005,2025-07-01,1,2,76,38.0
H0300_P005_202508,H0300,P005,2025-08-01,1,4,84,21.0
H0300_P005_202509,H0300,P005,2025-09-01,1,2,72,36.0
H0300_P005_202510,H0300,P005,2025-10-01,1,6,300,50.0
H0300_P005_202511,H0300,P005,2025-11-01,1,4,172,43.0
H0300_P005_202512,H0300,P005,2025-12-01,1,5,260,52.0
H0300_P005_202601,H0300,P005,2026-01-01,1,3,69,23.0
H0300_P005_202602,H0300,P005,2026-02-01,1,2,94,47.0
H0300_P005_202603,H0300,P005,2026-03-01,1,2,78,39.0
H0301_P003_202601,H0301,P003,2026-01-01,1,2,76,38.0
H0301_P004_202506,H0301,P004,2025-06-01,1,1,22,22.0
H0301_P004_202507,H0301,P004,2025-07-01,1,1,24,24.0
H0301_P004_202508,H0301,P004,2025-08-01,1,1,40,40.0
H0301_P004_202601,H0301,P004,2026-01-01,1,1,51,51.0
H0301_P004_202602,H0301,P004,2026-02-01,1,1,32,32.0
H0302_P001_202506,H0302,P001,2025-06-01,1,1,20,20.0
H0302_P001_202508,H0302,P001,2025-08-01,1,1,46,46.0
H0302_P001_202509,H0302,P001,2025-09-01,1,4,120,30.0
H0302_P001_202510,H0302,P001,2025-10-01,1,3,117,39.0
H0302_P001_202511,H0302,P001,2025-11-01,1,2,116,58.0
H0302_P001_202512,H0302,P001,2025-12-01,1,3,114,38.0
H0302_P001_202601,H0302,P001,2026-01-01,1,3,120,40.0
H0302_P001_202602,H0302,P001,2026-02-01,1,2,56,28.0
H0302_P001_202603,H0302,P001,2026-03-01,1,5,120,24.0
H0302_P002_202509,H0302,P002,2025-09-01,1,2,72,36.0
H0302_P002_202601,H0302,P002,2026-01-01,1,1,43,43.0
H0302_P002_202603,H0302,P002,2026-03-01,1,1,22,22.0
H0302_P004_202507,H0302,P004,2025-07-01,1,2,44,22.0
H0302_P004_202509,H0302,P004,2025-09-01,1,2,74,37.0
H0302_P004_202510,H0302,P004,2025-10-01,1,1,33,33.0
H0302_P004_202512,H0302,P004,2025-12-01,1,1,50,50.0
H0302_P004_202601,H0302,P004,2026-01-01,1,3,150,50.0
H0302_P005_202506,H0302,P005,2025-06-01,1,2,76,38.0
H0302_P005_202509,H0302,P005,2025-09-01,1,1,49,49.0
H0302_P005_202511,H0302,P005,2025-11-01,1,1,39,39.0
H0302_P005_202602,H0302,P005,2026-02-01,1,2,70,35.0
H0302_P005_202603,H0302,P005,2026-03-01,1,1,50,50.0
H0303_P001_202506,H0303,P001,2025-06-01,1,7,315,45.0
H0303_P001_202507,H0303,P001,2025-07-01,1,5,270,54.0
H0303_P001_202508,H0303,P001,2025-08-01,1,6,336,56.0
H0303_P001_202509,H0303,P001,2025-09-01,1,2,86,43.0
H0303_P001_202510,H0303,P001,2025-10-01,1,9,459,51.0
H0303_P001_202511,H0303,P001,2025-11-01,1,9,216,24.0
H0303_P001_202512,H0303,P001,2025-12-01,1,1,40,40.0
H0303_P001_202601,H0303,P001,2026-01-01,1,1,57,57.0
H0303_P001_202602,H0303,P001,2026-02-01,1,5,150,30.0
H0303_P001_202603,H0303,P001,2026-03-01,1,8,472,59.0
H0303_P002_202506,H0303,P002,2025-06-01,1,6,282,47.0
H0303_P002_202507,H0303,P002,2025-07-01,1,7,392,56.0
H0303_P002_202508,H0303,P002,2025-08-01,1,6,126,21.0
H0303_P002_202509,H0303,P002,2025-09-01,1,3,99,33.0
H0303_P002_202510,H0303,P002,2025-10-01,1,6,138,23.0
H0303_P002_202511,H0303,P002,2025-11-01,1,4,88,22.0
H0303_P002_202512,H0303,P002,2025-12-01,1,4,80,20.0
H0303_P002_202601,H0303,P002,2026-01-01,1,6,312,52.0
H0303_P002_202602,H0303,P002,2026-02-01,1,8,296,37.0
H0303_P002_202603,H0303,P002,2026-03-01,1,6,354,59.0
H0303_P003_202506,H0303,P003,2025-06-01,1,2,58,29.0
H0303_P003_202507,H0303,P003,2025-07-01,1,3,87,29.0
H0303_P003_202508,H0303,P003,2025-08-01,1,5,185,37.0
H0303_P003_202509,H0303,P003,2025-09-01,1,3,81,27.0
H0303_P003_202510,H0303,P003,2025-10-01,1,5,195,39.0
H0303_P003_202511,H0303,P003,2025-11-01,1,1,34,34.0
H0303_P003_202512,H0303,P003,2025-12-01,1,4,228,57.0
H0303_P003_202602,H0303,P003,2026-02-01,1,3,120,40.0
H0303_P004_202506,H0303,P004,2025-06-01,1,1,41,41.0
H0303_P004_202507,H0303,P004,2025-07-01,1,3,120,40.0
H0303_P004_202508,H0303,P004,2025-08-01,1,2,92,46.0
H0303_P004_202509,H0303,P004,2025-09-01,1,3,72,24.0
H0303_P004_202511,H0303,P004,2025-11-01,1,2,100,50.0
H0303_P004_202601,H0303,P004,2026-01-01,1,2,120,60.0
H0303_P004_202602,H0303,P004,2026-02-01,1,3,156,52.0
H0303_P004_202603,H0303,P004,2026-03-01,1,2,106,53.0
H0303_P005_202506,H0303,P005,2025-06-01,1,2,60,30.0
H0303_P005_202507,H0303,P005,2025-07-01,1,5,130,26.0
H0303_P005_202508,H0303,P005,2025-08-01,1,4,112,28.0
H0303_P005_202509,H0303,P005,2025-09-01,1,1,33,33.0
H0303_P005_202510,H0303,P005,2025-10-01,1,1,60,60.0
H0303_P005_202511,H0303,P005,2025-11-01,1,2,70,35.0
H0303_P005_202601,H0303,P005,2026-01-01,1,1,56,56.0
H0303_P005_202602,H0303,P005,2026-02-01,1,4,144,36.0
H0303_P005_202603,H0303,P005,2026-03-01,1,2,54,27.0
H0304_P001_202510,H0304,P001,2025-10-01,1,1,39,39.0
H0304_P001_202511,H0304,P001,2025-11-01,1,2,94,47.0
H0304_P001_202603,H0304,P001,2026-03-01,1,1,37,37.0
H0304_P002_202507,H0304,P002,2025-07-01,1,1,21,21.0
H0304_P002_202510,H0304,P002,2025-10-01,1,1,26,26.0
H0304_P002_202512,H0304,P002,2025-12-01,1,1,56,56.0
H0304_P003_202506,H0304,P003,2025-06-01,1,5,265,53.0
H0304_P003_202508,H0304,P003,2025-08-01,1,2,42,21.0
H0304_P003_202509,H0304,P003,2025-09-01,1,2,120,60.0
H0304_P003_202510,H0304,P003,2025-10-01,1,2,118,59.0
H0304_P003_202511,H0304,P003,2025-11-01,1,4,96,24.0
H0304_P003_202512,H0304,P003,2025-12-01,1,2,78,39.0
H0304_P003_202602,H0304,P003,2026-02-01,1,1,29,29.0
H0304_P003_202603,H0304,P003,2026-03-01,1,3,96,32.0
H0304_P004_202506,H0304,P004,2025-06-01,1,1,28,28.0
H0304_P004_202509,H0304,P004,2025-09-01,1,2,60,30.0
H0304_P004_202510,H0304,P004,2025-10-01,1,2,64,32.0
H0304_P004_202601,H0304,P004,2026-01-01,1,2,70,35.0
H0304_P005_202507,H0304,P005,2025-07-01,1,1,55,55.0
H0304_P005_202508,H0304,P005,2025-08-01,1,3,153,51.0
H0304_P005_202510,H0304,P005,2025-10-01,1,1,28,28.0
H0304_P005_202512,H0304,P005,2025-12-01,1,2,74,37.0
H0304_P005_202601,H0304,P005,2026-01-01,1,3,144,48.0
H0304_P005_202602,H0304,P005,2026-02-01,1,3,90,30.0
H0304_P005_202603,H0304,P005,2026-03-01,1,3,81,27.0
H0305_P001_202506,H0305,P001,2025-06-01,1,1,23,23.0
H0305_P001_202508,H0305,P001,2025-08-01,1,1,46,46.0
H0305_P001_202509,H0305,P001,2025-09-01,1,2,52,26.0
H0305_P001_202510,H0305,P001,2025-10-01,1,1,50,50.0
H0305_P001_202511,H0305,P001,2025-11-01,1,2,72,36.0
H0305_P001_202512,H0305,P001,2025-12-01,1,2,100,50.0
H0305_P001_202601,H0305,P001,2026-01-01,1,1,56,56.0
H0305_P001_202602,H0305,P001,2026-02-01,1,2,88,44.0
H0305_P001_202603,H0305,P001,2026-03-01,1,1,40,40.0
H0305_P002_202506,H0305,P002,2025-06-01,1,2,110,55.0
H0305_P002_202508,H0305,P002,2025-08-01,1,1,55,55.0
H0305_P002_202509,H0305,P002,2025-09-01,1,1,22,22.0
H0305_P002_202510,H0305,P002,2025-10-01,1,1,54,54.0
H0305_P002_202511,H0305,P002,2025-11-01,1,2,106,53.0
H0305_P002_202512,H0305,P002,2025-12-01,1,1,31,31.0
H0305_P002_202602,H0305,P002,2026-02-01,1,1,52,52.0
H0305_P002_202603,H0305,P002,2026-03-01,1,1,33,33.0
H0305_P003_202509,H0305,P003,2025-09-01,1,1,35,35.0
H0305_P003_202511,H0305,P003,2025-11-01,1,1,46,46.0
H0305_P003_202602,H0305,P003,2026-02-01,1,1,46,46.0
H0305_P003_202603,H0305,P003,2026-03-01,1,1,26,26.0
H0305_P004_202506,H0305,P004,2025-06-01,1,1,55,55.0
H0305_P004_202507,H0305,P004,2025-07-01,1,4,124,31.0
H0305_P004_202508,H0305,P004,2025-08-01,1,4,212,53.0
H0305_P004_202509,H0305,P004,2025-09-01,1,4,200,50.0
H0305_P004_202511,H0305,P004,2025-11-01,1,1,52,52.0
H0305_P004_202601,H0305,P004,2026-01-01,1,2,70,35.0
H0305_P004_202602,H0305,P004,2026-02-01,1,1,50,50.0
H0305_P005_202506,H0305,P005,2025-06-01,1,3,156,52.0
H0305_P005_202507,H0305,P005,2025-07-01,1,1,32,32.0
H0305_P005_202508,H0305,P005,2025-08-01,1,1,50,50.0
H0305_P005_202510,H0305,P005,2025-10-01,1,1,55,55.0
H0305_P005_202511,H0305,P005,2025-11-01,1,2,46,23.0
H0305_P005_202512,H0305,P005,2025-12-01,1,2,116,58.0
H0305_P005_202601,H0305,P005,2026-01-01,1,1,34,34.0
H0305_P005_202603,H0305,P005,2026-03-01,1,1,26,26.0
H0306_P001_202506,H0306,P001,2025-06-01,1,3,90,30.0
H0306_P001_202507,H0306,P001,2025-07-01,1,3,90,30.0
H0306_P001_202508,H0306,P001,2025-08-01,1,4,92,23.0
H0306_P001_202509,H0306,P001,2025-09-01,1,3,129,43.0
H0306_P001_202510,H0306,P001,2025-10-01,1,3,63,21.0
H0306_P001_202511,H0306,P001,2025-11-01,1,1,57,57.0
H0306_P001_202512,H0306,P001,2025-12-01,1,3,111,37.0
H0306_P001_202601,H0306,P001,2026-01-01,1,7,329,47.0
H0306_P001_202602,H0306,P001,2026-02-01,1,2,46,23.0
H0306_P001_202603,H0306,P001,2026-03-01,1,1,24,24.0
H0306_P002_202506,H0306,P002,2025-06-01,1,3,138,46.0
H0306_P002_202507,H0306,P002,2025-07-01,1,3,84,28.0
H0306_P002_202508,H0306,P002,2025-08-01,1,5,245,49.0
H0306_P002_202509,H0306,P002,2025-09-01,1,4,204,51.0
H0306_P002_202510,H0306,P002,2025-10-01,1,1,44,44.0
H0306_P002_202512,H0306,P002,2025-12-01,1,2,86,43.0
H0306_P002_202601,H0306,P002,2026-01-01,1,1,48,48.0
H0306_P002_202602,H0306,P002,2026-02-01,1,1,21,21.0
H0306_P003_202506,H0306,P003,2025-06-01,1,4,80,20.0
H0306_P003_202507,H0306,P003,2025-07-01,1,1,21,21.0
H0306_P003_202508,H0306,P003,2025-08-01,1,2,58,29.0
H0306_P003_202509,H0306,P003,2025-09-01,1,2,118,59.0
H0306_P003_202511,H0306,P003,2025-11-01,1,3,87,29.0
H0306_P003_202512,H0306,P003,2025-12-01,1,2,64,32.0
H0306_P003_202601,H0306,P003,2026-01-01,1,4,116,29.0
H0306_P003_202602,H0306,P003,2026-02-01,1,1,26,26.0
H0306_P003_202603,H0306,P003,2026-03-01,1,3,117,39.0
H0306_P004_202506,H0306,P004,2025-06-01,1,1,52,52.0
H0306_P004_202509,H0306,P004,2025-09-01,1,1,43,43.0
H0306_P004_202510,H0306,P004,2025-10-01,1,2,84,42.0
H0306_P004_202511,H0306,P004,2025-11-01,1,2,40,20.0
H0306_P004_202601,H0306,P004,2026-01-01,1,2,118,59.0
H0306_P004_202602,H0306,P004,2026-02-01,1,2,78,39.0
H0306_P005_202506,H0306,P005,2025-06-01,1,1,35,35.0
H0306_P005_202507,H0306,P005,2025-07-01,1,1,40,40.0
H0306_P005_202508,H0306,P005,2025-08-01,1,2,96,48.0
H0306_P005_202510,H0306,P005,2025-10-01,1,1,28,28.0
H0306_P005_202511,H0306,P005,2025-11-01,1,1,50,50.0
H0306_P005_202512,H0306,P005,2025-12-01,1,1,49,49.0
H0306_P005_202602,H0306,P005,2026-02-01,1,1,45,45.0
H0306_P005_202603,H0306,P005,2026-03-01,1,1,33,33.0
H0307_P001_202506,H0307,P001,2025-06-01,1,2,90,45.0
H0307_P001_202507,H0307,P001,2025-07-01,1,3,168,56.0
H0307_P001_202509,H0307,P001,2025-09-01,1,3,141,47.0
H0307_P001_202510,H0307,P001,2025-10-01,1,1,22,22.0
H0307_P001_202511,H0307,P001,2025-11-01,1,3,99,33.0
H0307_P001_202512,H0307,P001,2025-12-01,1,1,23,23.0
H0307_P001_202602,H0307,P001,2026-02-01,1,4,156,39.0
H0307_P002_202506,H0307,P002,2025-06-01,1,1,32,32.0
H0307_P002_202507,H0307,P002,2025-07-01,1,2,86,43.0
H0307_P002_202508,H0307,P002,2025-08-01,1,5,295,59.0
H0307_P002_202509,H0307,P002,2025-09-01,1,1,35,35.0
H0307_P002_202510,H0307,P002,2025-10-01,1,2,110,55.0
H0307_P002_202511,H0307,P002,2025-11-01,1,2,72,36.0
H0307_P002_202512,H0307,P002,2025-12-01,1,1,27,27.0
H0307_P002_202601,H0307,P002,2026-01-01,1,2,94,47.0
H0307_P002_202602,H0307,P002,2026-02-01,1,2,68,34.0
H0307_P002_202603,H0307,P002,2026-03-01,1,2,114,57.0
H0307_P003_202506,H0307,P003,2025-06-01,1,2,74,37.0
H0307_P003_202507,H0307,P003,2025-07-01,1,4,120,30.0
H0307_P003_202508,H0307,P003,2025-08-01,1,3,126,42.0
H0307_P003_202509,H0307,P003,2025-09-01,1,1,22,22.0
H0307_P003_202511,H0307,P003,2025-11-01,1,4,228,57.0
H0307_P003_202512,H0307,P003,2025-12-01,1,3,90,30.0
H0307_P003_202601,H0307,P003,2026-01-01,1,5,250,50.0
H0307_P003_202602,H0307,P003,2026-02-01,1,2,72,36.0
H0307_P003_202603,H0307,P003,2026-03-01,1,1,60,60.0
H0307_P004_202506,H0307,P004,2025-06-01,1,1,34,34.0
H0307_P004_202507,H0307,P004,2025-07-01,1,2,112,56.0
H0307_P004_202508,H0307,P004,2025-08-01,1,4,200,50.0
H0307_P004_202510,H0307,P004,2025-10-01,1,2,44,22.0
H0307_P004_202511,H0307,P004,2025-11-01,1,3,162,54.0
H0307_P004_202512,H0307,P004,2025-12-01,1,2,52,26.0
H0307_P004_202602,H0307,P004,2026-02-01,1,4,208,52.0
H0307_P004_202603,H0307,P004,2026-03-01,1,1,40,40.0
H0307_P005_202509,H0307,P005,2025-09-01,1,2,56,28.0
H0307_P005_202510,H0307,P005,2025-10-01,1,1,23,23.0
H0307_P005_202603,H0307,P005,2026-03-01,1,2,106,53.0
H0309_P001_202506,H0309,P001,2025-06-01,1,1,33,33.0
H0309_P001_202507,H0309,P001,2025-07-01,1,2,98,49.0
H0309_P001_202508,H0309,P001,2025-08-01,1,5,220,44.0
H0309_P001_202509,H0309,P001,2025-09-01,1,3,174,58.0
H0309_P001_202511,H0309,P001,2025-11-01,1,6,300,50.0
H0309_P001_202512,H0309,P001,2025-12-01,1,2,90,45.0
H0309_P001_202601,H0309,P001,2026-01-01,1,9,432,48.0
H0309_P001_202602,H0309,P001,2026-02-01,1,2,104,52.0
H0309_P001_202603,H0309,P001,2026-03-01,1,1,44,44.0
H0309_P002_202506,H0309,P002,2025-06-01,1,2,106,53.0
H0309_P002_202508,H0309,P002,2025-08-01,1,1,42,42.0
H0309_P002_202509,H0309,P002,2025-09-01,1,1,25,25.0
H0309_P002_202511,H0309,P002,2025-11-01,1,2,118,59.0
H0309_P002_202601,H0309,P002,2026-01-01,1,1,24,24.0
H0309_P002_202602,H0309,P002,2026-02-01,1,2,90,45.0
H0309_P002_202603,H0309,P002,2026-03-01,1,3,78,26.0
H0309_P003_202506,H0309,P003,2025-06-01,1,2,116,58.0
H0309_P003_202508,H0309,P003,2025-08-01,1,1,37,37.0
H0309_P003_202509,H0309,P003,2025-09-01,1,4,88,22.0
H0309_P003_202510,H0309,P003,2025-10-01,1,3,120,40.0
H0309_P003_202601,H0309,P003,2026-01-01,1,4,128,32.0
H0309_P003_202602,H0309,P003,2026-02-01,1,2,64,32.0
H0309_P003_202603,H0309,P003,2026-03-01,1,3,180,60.0
H0309_P004_202506,H0309,P004,2025-06-01,1,4,192,48.0
H0309_P004_202507,H0309,P004,2025-07-01,1,2,78,39.0
H0309_P004_202510,H0309,P004,2025-10-01,1,2,108,54.0
H0309_P004_202511,H0309,P004,2025-11-01,1,2,110,55.0
H0309_P004_202512,H0309,P004,2025-12-01,1,1,48,48.0
H0309_P004_202601,H0309,P004,2026-01-01,1,2,86,43.0
H0309_P004_202602,H0309,P004,2026-02-01,1,2,90,45.0
H0309_P004_202603,H0309,P004,2026-03-01,1,4,80,20.0
H0309_P005_202506,H0309,P005,2025-06-01,1,2,78,39.0
H0309_P005_202507,H0309,P005,2025-07-01,1,1,22,22.0
H0309_P005_202508,H0309,P005,2025-08-01,1,6,156,26.0
H0309_P005_202509,H0309,P005,2025-09-01,1,2,88,44.0
H0309_P005_202510,H0309,P005,2025-10-01,1,4,108,27.0
H0309_P005_202511,H0309,P005,2025-11-01,1,1,46,46.0
H0309_P005_202601,H0309,P005,2026-01-01,1,1,28,28.0
H0309_P005_202602,H0309,P005,2026-02-01,1,2,86,43.0
H0309_P005_202603,H0309,P005,2026-03-01,1,1,20,20.0
H0310_P001_202506,H0310,P001,2025-06-01,1,2,110,55.0
H0310_P001_202507,H0310,P001,2025-07-01,1,1,46,46.0
H0310_P001_202508,H0310,P001,2025-08-01,1,3,72,24.0
H0310_P001_202509,H0310,P001,2025-09-01,1,3,66,22.0
H0310_P001_202510,H0310,P001,2025-10-01,1,2,114,57.0
H0310_P001_202511,H0310,P001,2025-11-01,1,1,33,33.0
H0310_P001_202512,H0310,P001,2025-12-01,1,1,23,23.0
H0310_P001_202603,H0310,P001,2026-03-01,1,3,66,22.0
H0310_P002_202506,H0310,P002,2025-06-01,1,4,196,49.0
H0310_P002_202507,H0310,P002,2025-07-01,1,1,41,41.0
H0310_P002_202508,H0310,P002,2025-08-01,1,6,246,41.0
H0310_P002_202509,H0310,P002,2025-09-01,1,4,212,53.0
H0310_P002_202510,H0310,P002,2025-10-01,1,4,92,23.0
H0310_P002_202511,H0310,P002,2025-11-01,1,2,90,45.0
H0310_P002_202512,H0310,P002,2025-12-01,1,5,120,24.0
H0310_P002_202601,H0310,P002,2026-01-01,1,4,108,27.0
H0310_P002_202602,H0310,P002,2026-02-01,1,5,215,43.0
H0310_P002_202603,H0310,P002,2026-03-01,1,7,140,20.0
H0310_P003_202506,H0310,P003,2025-06-01,1,4,164,41.0
H0310_P003_202507,H0310,P003,2025-07-01,1,1,52,52.0
H0310_P003_202508,H0310,P003,2025-08-01,1,2,78,39.0
H0310_P003_202512,H0310,P003,2025-12-01,1,2,88,44.0
H0310_P003_202602,H0310,P003,2026-02-01,1,2,106,53.0
H0310_P003_202603,H0310,P003,2026-03-01,1,1,36,36.0
H0310_P004_202506,H0310,P004,2025-06-01,1,2,48,24.0
H0310_P004_202507,H0310,P004,2025-07-01,1,1,20,20.0
H0310_P004_202508,H0310,P004,2025-08-01,1,3,60,20.0
H0310_P004_202509,H0310,P004,2025-09-01,1,6,258,43.0
H0310_P004_202511,H0310,P004,2025-11-01,1,4,132,33.0
H0310_P004_202512,H0310,P004,2025-12-01,1,5,210,42.0
H0310_P004_202601,H0310,P004,2026-01-01,1,5,130,26.0
H0310_P004_202602,H0310,P004,2026-02-01,1,2,52,26.0
H0310_P004_202603,H0310,P004,2026-03-01,1,2,46,23.0
H0310_P005_202507,H0310,P005,2025-07-01,1,1,47,47.0
H0310_P005_202508,H0310,P005,2025-08-01,1,1,48,48.0
H0310_P005_202509,H0310,P005,2025-09-01,1,2,84,42.0
H0310_P005_202510,H0310,P005,2025-10-01,1,3,177,59.0
H0310_P005_202511,H0310,P005,2025-11-01,1,1,53,53.0
H0310_P005_202512,H0310,P005,2025-12-01,1,1,49,49.0
H0310_P005_202601,H0310,P005,2026-01-01,1,1,51,51.0
H0310_P005_202602,H0310,P005,2026-02-01,1,3,171,57.0
H0310_P005_202603,H0310,P005,2026-03-01,1,1,42,42.0
H0311_P001_202506,H0311,P001,2025-06-01,1,3,60,20.0
H0311_P001_202508,H0311,P001,2025-08-01,1,1,56,56.0
H0311_P001_202509,H0311,P001,2025-09-01,1,1,46,46.0
H0311_P001_202510,H0311,P001,2025-10-01,1,2,58,29.0
H0311_P001_202511,H0311,P001,2025-11-01,1,2,46,23.0
H0311_P001_202512,H0311,P001,2025-12-01,1,1,57,57.0
H0311_P001_202601,H0311,P001,2026-01-01,1,3,153,51.0
H0311_P001_202602,H0311,P001,2026-02-01,1,2,58,29.0
H0311_P001_202603,H0311,P001,2026-03-01,1,2,60,30.0
H0311_P002_202506,H0311,P002,2025-06-01,1,1,29,29.0
H0311_P002_202507,H0311,P002,2025-07-01,1,3,66,22.0
H0311_P002_202508,H0311,P002,2025-08-01,1,5,200,40.0
H0311_P002_202509,H0311,P002,2025-09-01,1,5,150,30.0
H0311_P002_202510,H0311,P002,2025-10-01,1,3,135,45.0
H0311_P002_202511,H0311,P002,2025-11-01,1,3,60,20.0
H0311_P002_202512,H0311,P002,2025-12-01,1,5,185,37.0
H0311_P002_202601,H0311,P002,2026-01-01,1,4,216,54.0
H0311_P002_202602,H0311,P002,2026-02-01,1,7,224,32.0
H0311_P002_202603,H0311,P002,2026-03-01,1,6,318,53.0
H0311_P003_202507,H0311,P003,2025-07-01,1,2,52,26.0
H0311_P003_202511,H0311,P003,2025-11-01,1,1,55,55.0
H0311_P004_202507,H0311,P004,2025-07-01,1,1,36,36.0
H0311_P004_202508,H0311,P004,2025-08-01,1,1,58,58.0
H0311_P004_202509,H0311,P004,2025-09-01,1,1,33,33.0
H0311_P004_202510,H0311,P004,2025-10-01,1,1,47,47.0
H0311_P004_202511,H0311,P004,2025-11-01,1,1,32,32.0
H0311_P004_202512,H0311,P004,2025-12-01,1,2,48,24.0
H0311_P004_202601,H0311,P004,2026-01-01,1,1,29,29.0
H0311_P004_202602,H0311,P004,2026-02-01,1,2,84,42.0
H0311_P004_202603,H0311,P004,2026-03-01,1,3,162,54.0
H0311_P005_202506,H0311,P005,2025-06-01,1,3,102,34.0
H0311_P005_202507,H0311,P005,2025-07-01,1,1,25,25.0
H0311_P005_202508,H0311,P005,2025-08-01,1,2,94,47.0
H0311_P005_202509,H0311,P005,2025-09-01,1,4,188,47.0
H0311_P005_202511,H0311,P005,2025-11-01,1,3,105,35.0
H0311_P005_202512,H0311,P005,2025-12-01,1,2,84,42.0
H0311_P005_202601,H0311,P005,2026-01-01,1,1,59,59.0
H0311_P005_202602,H0311,P005,2026-02-01,1,1,21,21.0
H0311_P005_202603,H0311,P005,2026-03-01,1,7,413,59.0
H0312_P001_202507,H0312,P001,2025-07-01,1,1,30,30.0
H0312_P001_202509,H0312,P001,2025-09-01,1,1,43,43.0
H0312_P001_202510,H0312,P001,2025-10-01,1,2,112,56.0
H0312_P001_202511,H0312,P001,2025-11-01,1,1,31,31.0
H0312_P001_202601,H0312,P001,2026-01-01,1,1,36,36.0
H0312_P002_202507,H0312,P002,2025-07-01,1,1,51,51.0
H0312_P002_202508,H0312,P002,2025-08-01,1,1,20,20.0
H0312_P002_202509,H0312,P002,2025-09-01,1,1,56,56.0
H0312_P002_202510,H0312,P002,2025-10-01,1,4,184,46.0
H0312_P002_202511,H0312,P002,2025-11-01,1,2,104,52.0
H0312_P002_202512,H0312,P002,2025-12-01,1,3,177,59.0
H0312_P002_202601,H0312,P002,2026-01-01,1,1,46,46.0
H0312_P002_202602,H0312,P002,2026-02-01,1,2,104,52.0
H0312_P002_202603,H0312,P002,2026-03-01,1,1,60,60.0
H0312_P003_202508,H0312,P003,2025-08-01,1,1,28,28.0
H0312_P003_202512,H0312,P003,2025-12-01,1,1,51,51.0
H0312_P003_202602,H0312,P003,2026-02-01,1,1,56,56.0
H0312_P004_202506,H0312,P004,2025-06-01,1,2,92,46.0
H0312_P004_202508,H0312,P004,2025-08-01,1,3,87,29.0
H0312_P004_202511,H0312,P004,2025-11-01,1,2,116,58.0
H0312_P004_202601,H0312,P004,2026-01-01,1,3,96,32.0
H0312_P004_202602,H0312,P004,2026-02-01,1,2,74,37.0
H0312_P004_202603,H0312,P004,2026-03-01,1,2,118,59.0
H0312_P005_202508,H0312,P005,2025-08-01,1,1,21,21.0
H0312_P005_202510,H0312,P005,2025-10-01,1,2,92,46.0
H0312_P005_202512,H0312,P005,2025-12-01,1,1,25,25.0
H0312_P005_202601,H0312,P005,2026-01-01,1,1,33,33.0
H0312_P005_202603,H0312,P005,2026-03-01,1,1,53,53.0
H0313_P001_202507,H0313,P001,2025-07-01,1,1,32,32.0
H0313_P001_202508,H0313,P001,2025-08-01,1,3,141,47.0
H0313_P001_202510,H0313,P001,2025-10-01,1,3,126,42.0
H0313_P001_202601,H0313,P001,2026-01-01,1,2,44,22.0
H0313_P002_202506,H0313,P002,2025-06-01,1,2,50,25.0
H0313_P002_202507,H0313,P002,2025-07-01,1,4,240,60.0
H0313_P002_202508,H0313,P002,2025-08-01,1,1,53,53.0
H0313_P002_202509,H0313,P002,2025-09-01,1,2,60,30.0
H0313_P002_202510,H0313,P002,2025-10-01,1,1,28,28.0
H0313_P002_202511,H0313,P002,2025-11-01,1,1,54,54.0
H0313_P002_202512,H0313,P002,2025-12-01,1,2,94,47.0
H0313_P002_202601,H0313,P002,2026-01-01,1,2,66,33.0
H0313_P002_202602,H0313,P002,2026-02-01,1,1,48,48.0
H0313_P002_202603,H0313,P002,2026-03-01,1,1,52,52.0
H0313_P003_202506,H0313,P003,2025-06-01,1,1,52,52.0
H0313_P003_202507,H0313,P003,2025-07-01,1,1,48,48.0
H0313_P003_202508,H0313,P003,2025-08-01,1,5,225,45.0
H0313_P003_202509,H0313,P003,2025-09-01,1,5,145,29.0
H0313_P003_202510,H0313,P003,2025-10-01,1,1,45,45.0
H0313_P003_202511,H0313,P003,2025-11-01,1,2,64,32.0
H0313_P003_202512,H0313,P003,2025-12-01,1,3,177,59.0
H0313_P003_202601,H0313,P003,2026-01-01,1,3,117,39.0
H0313_P003_202602,H0313,P003,2026-02-01,1,3,141,47.0
H0313_P003_202603,H0313,P003,2026-03-01,1,3,174,58.0
H0313_P004_202506,H0313,P004,2025-06-01,1,2,118,59.0
H0313_P004_202507,H0313,P004,2025-07-01,1,3,69,23.0
H0313_P004_202508,H0313,P004,2025-08-01,1,1,59,59.0
H0313_P004_202509,H0313,P004,2025-09-01,1,4,232,58.0
H0313_P004_202510,H0313,P004,2025-10-01,1,3,117,39.0
H0313_P004_202511,H0313,P004,2025-11-01,1,1,23,23.0
H0313_P004_202512,H0313,P004,2025-12-01,1,2,78,39.0
H0313_P004_202601,H0313,P004,2026-01-01,1,3,153,51.0
H0313_P004_202602,H0313,P004,2026-02-01,1,2,58,29.0
H0313_P004_202603,H0313,P004,2026-03-01,1,5,255,51.0
H0313_P005_202506,H0313,P005,2025-06-01,1,3,87,29.0
H0313_P005_202507,H0313,P005,2025-07-01,1,3,78,26.0
H0313_P005_202508,H0313,P005,2025-08-01,1,4,96,24.0
H0313_P005_202509,H0313,P005,2025-09-01,1,3,138,46.0
H0313_P005_202510,H0313,P005,2025-10-01,1,6,168,28.0
H0313_P005_202511,H0313,P005,2025-11-01,1,6,180,30.0
H0313_P005_202512,H0313,P005,2025-12-01,1,8,440,55.0
H0313_P005_202601,H0313,P005,2026-01-01,1,5,250,50.0
H0313_P005_202602,H0313,P005,2026-02-01,1,6,324,54.0
H0313_P005_202603,H0313,P005,2026-03-01,1,1,53,53.0
H0314_P001_202506,H0314,P001,2025-06-01,1,2,98,49.0
H0314_P001_202507,H0314,P001,2025-07-01,1,1,38,38.0
H0314_P001_202508,H0314,P001,2025-08-01,1,1,23,23.0
H0314_P001_202509,H0314,P001,2025-09-01,1,1,27,27.0
H0314_P001_202511,H0314,P001,2025-11-01,1,2,116,58.0
H0314_P001_202512,H0314,P001,2025-12-01,1,1,35,35.0
H0314_P001_202601,H0314,P001,2026-01-01,1,1,48,48.0
H0314_P001_202602,H0314,P001,2026-02-01,1,1,55,55.0
H0314_P002_202511,H0314,P002,2025-11-01,1,1,29,29.0
H0314_P002_202601,H0314,P002,2026-01-01,1,1,31,31.0
H0314_P003_202506,H0314,P003,2025-06-01,1,1,41,41.0
H0314_P003_202601,H0314,P003,2026-01-01,1,1,47,47.0
H0314_P003_202602,H0314,P003,2026-02-01,1,1,25,25.0
H0315_P001_202512,H0315,P001,2025-12-01,1,1,36,36.0
H0315_P003_202511,H0315,P003,2025-11-01,1,1,42,42.0
H0315_P004_202507,H0315,P004,2025-07-01,1,1,49,49.0
H0315_P004_202508,H0315,P004,2025-08-01,1,1,50,50.0
H0315_P004_202511,H0315,P004,2025-11-01,1,1,43,43.0
H0315_P005_202508,H0315,P005,2025-08-01,1,2,116,58.0
H0315_P005_202510,H0315,P005,2025-10-01,1,2,98,49.0
H0316_P001_202506,H0316,P001,2025-06-01,1,4,104,26.0
H0316_P001_202507,H0316,P001,2025-07-01,1,2,78,39.0
H0316_P001_202508,H0316,P001,2025-08-01,1,1,32,32.0
H0316_P001_202511,H0316,P001,2025-11-01,1,2,96,48.0
H0316_P001_202512,H0316,P001,2025-12-01,1,3,108,36.0
H0316_P001_202601,H0316,P001,2026-01-01,1,1,54,54.0
H0316_P001_202603,H0316,P001,2026-03-01,1,2,50,25.0
H0316_P002_202506,H0316,P002,2025-06-01,1,1,51,51.0
H0316_P002_202507,H0316,P002,2025-07-01,1,2,82,41.0
H0316_P002_202508,H0316,P002,2025-08-01,1,1,43,43.0
H0316_P002_202509,H0316,P002,2025-09-01,1,1,23,23.0
H0316_P002_202510,H0316,P002,2025-10-01,1,3,117,39.0
H0316_P002_202511,H0316,P002,2025-11-01,1,9,252,28.0
H0316_P002_202512,H0316,P002,2025-12-01,1,3,105,35.0
H0316_P002_202601,H0316,P002,2026-01-01,1,3,147,49.0
H0316_P002_202602,H0316,P002,2026-02-01,1,2,112,56.0
H0316_P003_202506,H0316,P003,2025-06-01,1,3,171,57.0
H0316_P003_202507,H0316,P003,2025-07-01,1,4,160,40.0
H0316_P003_202508,H0316,P003,2025-08-01,1,4,228,57.0
H0316_P003_202510,H0316,P003,2025-10-01,1,1,52,52.0
H0316_P003_202511,H0316,P003,2025-11-01,1,2,114,57.0
H0316_P003_202512,H0316,P003,2025-12-01,1,4,152,38.0
H0316_P003_202601,H0316,P003,2026-01-01,1,2,116,58.0
H0316_P003_202602,H0316,P003,2026-02-01,1,4,80,20.0
H0316_P003_202603,H0316,P003,2026-03-01,1,5,105,21.0
H0316_P004_202506,H0316,P004,2025-06-01,1,6,168,28.0
H0316_P004_202507,H0316,P004,2025-07-01,1,6,156,26.0
H0316_P004_202508,H0316,P004,2025-08-01,1,6,288,48.0
H0316_P004_202509,H0316,P004,2025-09-01,1,7,294,42.0
H0316_P004_202510,H0316,P004,2025-10-01,1,2,40,20.0
H0316_P004_202511,H0316,P004,2025-11-01,1,7,196,28.0
H0316_P004_202512,H0316,P004,2025-12-01,1,8,336,42.0
H0316_P004_202601,H0316,P004,2026-01-01,1,2,60,30.0
H0316_P004_202602,H0316,P004,2026-02-01,1,9,243,27.0
H0316_P004_202603,H0316,P004,2026-03-01,1,6,126,21.0
H0316_P005_202506,H0316,P005,2025-06-01,1,2,74,37.0
H0316_P005_202507,H0316,P005,2025-07-01,1,2,56,28.0
H0316_P005_202508,H0316,P005,2025-08-01,1,3,69,23.0
H0316_P005_202509,H0316,P005,2025-09-01,1,5,135,27.0
H0316_P005_202510,H0316,P005,2025-10-01,1,3,111,37.0
H0316_P005_202511,H0316,P005,2025-11-01,1,1,56,56.0
H0316_P005_202512,H0316,P005,2025-12-01,1,5,240,48.0
H0316_P005_202601,H0316,P005,2026-01-01,1,3,120,40.0
H0316_P005_202602,H0316,P005,2026-02-01,1,3,129,43.0
H0316_P005_202603,H0316,P005,2026-03-01,1,1,49,49.0
H0317_P001_202506,H0317,P001,2025-06-01,1,1,23,23.0
H0317_P001_202507,H0317,P001,2025-07-01,1,3,105,35.0
H0317_P001_202508,H0317,P001,2025-08-01,1,3,165,55.0
H0317_P001_202509,H0317,P001,2025-09-01,1,4,220,55.0
H0317_P001_202510,H0317,P001,2025-10-01,1,2,112,56.0
H0317_P001_202511,H0317,P001,2025-11-01,1,2,110,55.0
H0317_P001_202512,H0317,P001,2025-12-01,1,1,39,39.0
H0317_P001_202601,H0317,P001,2026-01-01,1,4,212,53.0
H0317_P001_202602,H0317,P001,2026-02-01,1,2,68,34.0
H0317_P001_202603,H0317,P001,2026-03-01,1,5,260,52.0
H0317_P003_202507,H0317,P003,2025-07-01,1,1,48,48.0
H0317_P003_202512,H0317,P003,2025-12-01,1,2,76,38.0
H0317_P003_202602,H0317,P003,2026-02-01,1,1,25,25.0
H0317_P003_202603,H0317,P003,2026-03-01,1,1,35,35.0
H0317_P004_202511,H0317,P004,2025-11-01,1,1,32,32.0
H0317_P005_202506,H0317,P005,2025-06-01,1,1,40,40.0
H0317_P005_202507,H0317,P005,2025-07-01,1,3,69,23.0
H0317_P005_202508,H0317,P005,2025-08-01,1,1,57,57.0
H0317_P005_202511,H0317,P005,2025-11-01,1,1,60,60.0
H0317_P005_202512,H0317,P005,2025-12-01,1,1,53,53.0
H0317_P005_202603,H0317,P005,2026-03-01,1,2,94,47.0
H0318_P001_202506,H0318,P001,2025-06-01,1,1,51,51.0
H0318_P001_202507,H0318,P001,2025-07-01,1,2,78,39.0
H0318_P001_202508,H0318,P001,2025-08-01,1,1,49,49.0
H0318_P001_202510,H0318,P001,2025-10-01,1,1,32,32.0
H0318_P001_202601,H0318,P001,2026-01-01,1,1,48,48.0
H0318_P001_202603,H0318,P001,2026-03-01,1,2,44,22.0
H0318_P002_202506,H0318,P002,2025-06-01,1,1,20,20.0
H0318_P002_202507,H0318,P002,2025-07-01,1,4,168,42.0
H0318_P002_202508,H0318,P002,2025-08-01,1,1,35,35.0
H0318_P002_202509,H0318,P002,2025-09-01,1,4,136,34.0
H0318_P002_202510,H0318,P002,2025-10-01,1,5,130,26.0
H0318_P002_202511,H0318,P002,2025-11-01,1,1,42,42.0
H0318_P002_202512,H0318,P002,2025-12-01,1,2,76,38.0
H0318_P002_202601,H0318,P002,2026-01-01,1,2,90,45.0
H0318_P002_202602,H0318,P002,2026-02-01,1,1,59,59.0
H0318_P003_202507,H0318,P003,2025-07-01,1,1,34,34.0
H0318_P003_202512,H0318,P003,2025-12-01,1,1,46,46.0
H0318_P004_202508,H0318,P004,2025-08-01,1,1,32,32.0
H0318_P004_202509,H0318,P004,2025-09-01,1,1,48,48.0
H0318_P004_202510,H0318,P004,2025-10-01,1,1,47,47.0
H0318_P004_202511,H0318,P004,2025-11-01,1,3,96,32.0
H0318_P004_202603,H0318,P004,2026-03-01,1,2,84,42.0
H0318_P005_202506,H0318,P005,2025-06-01,1,3,102,34.0
H0318_P005_202507,H0318,P005,2025-07-01,1,3,132,44.0
H0318_P005_202508,H0318,P005,2025-08-01,1,2,82,41.0
H0318_P005_202509,H0318,P005,2025-09-01,1,2,82,41.0
H0318_P005_202510,H0318,P005,2025-10-01,1,3,141,47.0
H0318_P005_202511,H0318,P005,2025-11-01,1,3,171,57.0
H0318_P005_202512,H0318,P005,2025-12-01,1,1,42,42.0
H0318_P005_202601,H0318,P005,2026-01-01,1,3,159,53.0
H0318_P005_202602,H0318,P005,2026-02-01,1,1,56,56.0
H0318_P005_202603,H0318,P005,2026-03-01,1,4,148,37.0
H0319_P001_202506,H0319,P001,2025-06-01,1,2,94,47.0
H0319_P001_202507,H0319,P001,2025-07-01,1,1,29,29.0
H0319_P001_202508,H0319,P001,2025-08-01,1,4,88,22.0
H0319_P001_202509,H0319,P001,2025-09-01,1,2,118,59.0
H0319_P001_202510,H0319,P001,2025-10-01,1,2,102,51.0
H0319_P001_202511,H0319,P001,2025-11-01,1,3,102,34.0
H0319_P001_202512,H0319,P001,2025-12-01,1,3,84,28.0
H0319_P001_202601,H0319,P001,2026-01-01,1,3,153,51.0
H0319_P001_202602,H0319,P001,2026-02-01,1,2,82,41.0
H0319_P001_202603,H0319,P001,2026-03-01,1,5,265,53.0
H0319_P004_202506,H0319,P004,2025-06-01,1,1,32,32.0
H0319_P004_202507,H0319,P004,2025-07-01,1,1,34,34.0
H0319_P004_202508,H0319,P004,2025-08-01,1,1,40,40.0
H0319_P004_202509,H0319,P004,2025-09-01,1,1,21,21.0
H0319_P004_202510,H0319,P004,2025-10-01,1,2,50,25.0
H0319_P004_202512,H0319,P004,2025-12-01,1,1,55,55.0
H0319_P004_202601,H0319,P004,2026-01-01,1,2,106,53.0
H0319_P005_202601,H0319,P005,2026-01-01,1,1,43,43.0
H0319_P005_202602,H0319,P005,2026-02-01,1,1,23,23.0
H0320_P001_202507,H0320,P001,2025-07-01,1,2,82,41.0
H0320_P001_202509,H0320,P001,2025-09-01,1,2,98,49.0
H0320_P001_202510,H0320,P001,2025-10-01,1,2,68,34.0
H0320_P001_202602,H0320,P001,2026-02-01,1,1,47,47.0
H0320_P002_202506,H0320,P002,2025-06-01,1,2,96,48.0
H0320_P002_202507,H0320,P002,2025-07-01,1,3,90,30.0
H0320_P002_202508,H0320,P002,2025-08-01,1,3,150,50.0
H0320_P002_202509,H0320,P002,2025-09-01,1,7,266,38.0
H0320_P002_202510,H0320,P002,2025-10-01,1,6,288,48.0
H0320_P002_202511,H0320,P002,2025-11-01,1,5,210,42.0
H0320_P002_202512,H0320,P002,2025-12-01,1,2,110,55.0
H0320_P002_202601,H0320,P002,2026-01-01,1,1,39,39.0
H0320_P002_202602,H0320,P002,2026-02-01,1,2,104,52.0
H0320_P002_202603,H0320,P002,2026-03-01,1,2,102,51.0
H0320_P003_202506,H0320,P003,2025-06-01,1,2,48,24.0
H0320_P003_202507,H0320,P003,2025-07-01,1,2,58,29.0
H0320_P003_202508,H0320,P003,2025-08-01,1,2,120,60.0
H0320_P003_202509,H0320,P003,2025-09-01,1,3,168,56.0
H0320_P003_202510,H0320,P003,2025-10-01,1,2,100,50.0
H0320_P003_202511,H0320,P003,2025-11-01,1,5,295,59.0
H0320_P003_202512,H0320,P003,2025-12-01,1,2,76,38.0
H0320_P003_202602,H0320,P003,2026-02-01,1,2,66,33.0
H0320_P003_202603,H0320,P003,2026-03-01,1,1,30,30.0
H0320_P004_202510,H0320,P004,2025-10-01,1,1,40,40.0
H0320_P004_202601,H0320,P004,2026-01-01,1,1,54,54.0
H0320_P004_202603,H0320,P004,2026-03-01,1,1,55,55.0
H0320_P005_202506,H0320,P005,2025-06-01,1,3,174,58.0
H0320_P005_202509,H0320,P005,2025-09-01,1,1,30,30.0
H0320_P005_202511,H0320,P005,2025-11-01,1,1,45,45.0
H0320_P005_202603,H0320,P005,2026-03-01,1,2,46,23.0
H0321_P001_202506,H0321,P001,2025-06-01,1,4,148,37.0
H0321_P001_202507,H0321,P001,2025-07-01,1,5,265,53.0
H0321_P001_202508,H0321,P001,2025-08-01,1,7,231,33.0
H0321_P001_202509,H0321,P001,2025-09-01,1,4,208,52.0
H0321_P001_202510,H0321,P001,2025-10-01,1,2,102,51.0
H0321_P001_202511,H0321,P001,2025-11-01,1,4,100,25.0
H0321_P001_202512,H0321,P001,2025-12-01,1,1,50,50.0
H0321_P001_202601,H0321,P001,2026-01-01,1,3,141,47.0
H0321_P001_202602,H0321,P001,2026-02-01,1,6,126,21.0
H0321_P001_202603,H0321,P001,2026-03-01,1,3,87,29.0
H0321_P002_202506,H0321,P002,2025-06-01,1,3,129,43.0
H0321_P002_202507,H0321,P002,2025-07-01,1,4,104,26.0
H0321_P002_202508,H0321,P002,2025-08-01,1,4,188,47.0
H0321_P002_202509,H0321,P002,2025-09-01,1,3,111,37.0
H0321_P002_202510,H0321,P002,2025-10-01,1,3,75,25.0
H0321_P002_202511,H0321,P002,2025-11-01,1,1,32,32.0
H0321_P002_202601,H0321,P002,2026-01-01,1,5,125,25.0
H0321_P002_202602,H0321,P002,2026-02-01,1,3,147,49.0
H0321_P002_202603,H0321,P002,2026-03-01,1,4,96,24.0
H0321_P003_202506,H0321,P003,2025-06-01,1,3,123,41.0
H0321_P003_202507,H0321,P003,2025-07-01,1,2,80,40.0
H0321_P003_202508,H0321,P003,2025-08-01,1,3,81,27.0
H0321_P003_202509,H0321,P003,2025-09-01,1,3,114,38.0
H0321_P003_202510,H0321,P003,2025-10-01,1,1,45,45.0
H0321_P003_202511,H0321,P003,2025-11-01,1,4,136,34.0
H0321_P003_202512,H0321,P003,2025-12-01,1,1,30,30.0
H0321_P003_202601,H0321,P003,2026-01-01,1,3,171,57.0
H0321_P003_202602,H0321,P003,2026-02-01,1,4,104,26.0
H0321_P003_202603,H0321,P003,2026-03-01,1,4,148,37.0
H0321_P004_202506,H0321,P004,2025-06-01,1,3,84,28.0
H0321_P004_202507,H0321,P004,2025-07-01,1,2,50,25.0
H0321_P004_202509,H0321,P004,2025-09-01,1,3,105,35.0
H0321_P004_202510,H0321,P004,2025-10-01,1,5,100,20.0
H0321_P004_202511,H0321,P004,2025-11-01,1,3,123,41.0
H0321_P004_202512,H0321,P004,2025-12-01,1,5,215,43.0
H0321_P004_202601,H0321,P004,2026-01-01,1,5,250,50.0
H0321_P004_202602,H0321,P004,2026-02-01,1,1,52,52.0
H0321_P004_202603,H0321,P004,2026-03-01,1,2,62,31.0
H0321_P005_202506,H0321,P005,2025-06-01,1,4,204,51.0
H0321_P005_202507,H0321,P005,2025-07-01,1,3,120,40.0
H0321_P005_202508,H0321,P005,2025-08-01,1,6,348,58.0
H0321_P005_202509,H0321,P005,2025-09-01,1,4,216,54.0
H0321_P005_202510,H0321,P005,2025-10-01,1,3,147,49.0
H0321_P005_202511,H0321,P005,2025-11-01,1,4,224,56.0
H0321_P005_202512,H0321,P005,2025-12-01,1,1,46,46.0
H0321_P005_202601,H0321,P005,2026-01-01,1,4,100,25.0
H0321_P005_202602,H0321,P005,2026-02-01,1,3,177,59.0
H0321_P005_202603,H0321,P005,2026-03-01,1,3,102,34.0
H0322_P001_202507,H0322,P001,2025-07-01,1,1,46,46.0
H0322_P001_202509,H0322,P001,2025-09-01,1,1,31,31.0
H0322_P001_202512,H0322,P001,2025-12-01,1,1,26,26.0
H0322_P002_202507,H0322,P002,2025-07-01,1,1,57,57.0
H0322_P002_202510,H0322,P002,2025-10-01,1,1,50,50.0
H0322_P003_202507,H0322,P003,2025-07-01,1,1,51,51.0
H0322_P003_202508,H0322,P003,2025-08-01,1,1,38,38.0
H0322_P003_202602,H0322,P003,2026-02-01,1,1,57,57.0
H0322_P004_202507,H0322,P004,2025-07-01,1,1,42,42.0
H0322_P004_202511,H0322,P004,2025-11-01,1,1,44,44.0
H0322_P004_202603,H0322,P004,2026-03-01,1,2,44,22.0
H0322_P005_202506,H0322,P005,2025-06-01,1,1,27,27.0
H0322_P005_202507,H0322,P005,2025-07-01,1,1,37,37.0
H0322_P005_202508,H0322,P005,2025-08-01,1,1,30,30.0
H0322_P005_202510,H0322,P005,2025-10-01,1,1,23,23.0
H0322_P005_202512,H0322,P005,2025-12-01,1,1,54,54.0
H0323_P001_202506,H0323,P001,2025-06-01,1,7,392,56.0
H0323_P001_202507,H0323,P001,2025-07-01,1,9,423,47.0
H0323_P001_202508,H0323,P001,2025-08-01,1,7,357,51.0
H0323_P001_202509,H0323,P001,2025-09-01,1,7,231,33.0
H0323_P001_202510,H0323,P001,2025-10-01,1,5,295,59.0
H0323_P001_202511,H0323,P001,2025-11-01,1,7,385,55.0
H0323_P001_202512,H0323,P001,2025-12-01,1,5,215,43.0
H0323_P001_202601,H0323,P001,2026-01-01,1,9,279,31.0
H0323_P001_202602,H0323,P001,2026-02-01,1,4,176,44.0
H0323_P001_202603,H0323,P001,2026-03-01,1,4,184,46.0
H0323_P002_202506,H0323,P002,2025-06-01,1,7,252,36.0
H0323_P002_202507,H0323,P002,2025-07-01,1,10,470,47.0
H0323_P002_202508,H0323,P002,2025-08-01,1,10,570,57.0
H0323_P002_202509,H0323,P002,2025-09-01,1,9,477,53.0
H0323_P002_202510,H0323,P002,2025-10-01,1,6,132,22.0
H0323_P002_202511,H0323,P002,2025-11-01,1,6,204,34.0
H0323_P002_202512,H0323,P002,2025-12-01,1,8,376,47.0
H0323_P002_202601,H0323,P002,2026-01-01,1,11,473,43.0
H0323_P002_202602,H0323,P002,2026-02-01,1,8,440,55.0
H0323_P002_202603,H0323,P002,2026-03-01,1,9,324,36.0
H0323_P003_202506,H0323,P003,2025-06-01,1,3,105,35.0
H0323_P003_202508,H0323,P003,2025-08-01,1,5,210,42.0
H0323_P003_202509,H0323,P003,2025-09-01,1,3,165,55.0
H0323_P003_202510,H0323,P003,2025-10-01,1,3,162,54.0
H0323_P003_202511,H0323,P003,2025-11-01,1,1,41,41.0
H0323_P003_202512,H0323,P003,2025-12-01,1,2,114,57.0
H0323_P003_202601,H0323,P003,2026-01-01,1,5,260,52.0
H0323_P003_202602,H0323,P003,2026-02-01,1,4,92,23.0
H0323_P003_202603,H0323,P003,2026-03-01,1,3,150,50.0
H0323_P004_202506,H0323,P004,2025-06-01,1,4,184,46.0
H0323_P004_202507,H0323,P004,2025-07-01,1,9,189,21.0
H0323_P004_202508,H0323,P004,2025-08-01,1,16,896,56.0
H0323_P004_202509,H0323,P004,2025-09-01,1,14,742,53.0
H0323_P004_202510,H0323,P004,2025-10-01,1,10,430,43.0
H0323_P004_202511,H0323,P004,2025-11-01,1,12,624,52.0
H0323_P004_202512,H0323,P004,2025-12-01,1,7,175,25.0
H0323_P004_202601,H0323,P004,2026-01-01,1,8,280,35.0
H0323_P004_202602,H0323,P004,2026-02-01,1,7,245,35.0
H0323_P004_202603,H0323,P004,2026-03-01,1,7,245,35.0
H0323_P005_202506,H0323,P005,2025-06-01,1,3,96,32.0
H0323_P005_202507,H0323,P005,2025-07-01,1,1,31,31.0
H0323_P005_202508,H0323,P005,2025-08-01,1,2,56,28.0
H0323_P005_202509,H0323,P005,2025-09-01,1,3,177,59.0
H0323_P005_202510,H0323,P005,2025-10-01,1,4,88,22.0
H0323_P005_202511,H0323,P005,2025-11-01,1,1,47,47.0
H0323_P005_202512,H0323,P005,2025-12-01,1,3,63,21.0
H0323_P005_202601,H0323,P005,2026-01-01,1,6,318,53.0
H0323_P005_202602,H0323,P005,2026-02-01,1,2,40,20.0
H0323_P005_202603,H0323,P005,2026-03-01,1,2,116,58.0
H0324_P001_202508,H0324,P001,2025-08-01,1,1,39,39.0
H0324_P001_202510,H0324,P001,2025-10-01,1,1,56,56.0
H0324_P002_202509,H0324,P002,2025-09-01,1,1,37,37.0
H0324_P002_202511,H0324,P002,2025-11-01,1,1,46,46.0
H0324_P003_202506,H0324,P003,2025-06-01,1,1,52,52.0
H0324_P003_202507,H0324,P003,2025-07-01,1,1,30,30.0
H0324_P003_202601,H0324,P003,2026-01-01,1,1,30,30.0
H0324_P004_202509,H0324,P004,2025-09-01,1,2,92,46.0
H0324_P004_202510,H0324,P004,2025-10-01,1,2,50,25.0
H0324_P004_202511,H0324,P004,2025-11-01,1,1,24,24.0
H0324_P004_202603,H0324,P004,2026-03-01,1,1,56,56.0
H0324_P005_202506,H0324,P005,2025-06-01,1,3,66,22.0
H0324_P005_202509,H0324,P005,2025-09-01,1,2,46,23.0
H0324_P005_202511,H0324,P005,2025-11-01,1,1,60,60.0
H0324_P005_202602,H0324,P005,2026-02-01,1,2,76,38.0
H0324_P005_202603,H0324,P005,2026-03-01,1,1,27,27.0
H0325_P001_202506,H0325,P001,2025-06-01,1,2,118,59.0
H0325_P001_202507,H0325,P001,2025-07-01,1,3,69,23.0
H0325_P001_202508,H0325,P001,2025-08-01,1,2,100,50.0
H0325_P001_202509,H0325,P001,2025-09-01,1,2,100,50.0
H0325_P001_202510,H0325,P001,2025-10-01,1,1,54,54.0
H0325_P001_202512,H0325,P001,2025-12-01,1,1,44,44.0
H0325_P001_202601,H0325,P001,2026-01-01,1,2,44,22.0
H0325_P001_202602,H0325,P001,2026-02-01,1,4,128,32.0
H0325_P001_202603,H0325,P001,2026-03-01,1,1,56,56.0
H0325_P002_202506,H0325,P002,2025-06-01,1,1,50,50.0
H0325_P002_202508,H0325,P002,2025-08-01,1,2,94,47.0
H0325_P002_202509,H0325,P002,2025-09-01,1,2,48,24.0
H0325_P002_202510,H0325,P002,2025-10-01,1,1,35,35.0
H0325_P002_202511,H0325,P002,2025-11-01,1,1,46,46.0
H0325_P002_202512,H0325,P002,2025-12-01,1,3,150,50.0
H0325_P003_202506,H0325,P003,2025-06-01,1,2,42,21.0
H0325_P003_202507,H0325,P003,2025-07-01,1,2,106,53.0
H0325_P003_202509,H0325,P003,2025-09-01,1,3,102,34.0
H0325_P003_202511,H0325,P003,2025-11-01,1,1,31,31.0
H0325_P003_202512,H0325,P003,2025-12-01,1,6,162,27.0
H0325_P003_202601,H0325,P003,2026-01-01,1,2,76,38.0
H0325_P003_202602,H0325,P003,2026-02-01,1,3,99,33.0
H0325_P003_202603,H0325,P003,2026-03-01,1,4,100,25.0
H0325_P004_202506,H0325,P004,2025-06-01,1,2,68,34.0
H0325_P004_202508,H0325,P004,2025-08-01,1,2,112,56.0
H0325_P004_202509,H0325,P004,2025-09-01,1,2,82,41.0
H0325_P004_202510,H0325,P004,2025-10-01,1,3,150,50.0
H0325_P004_202511,H0325,P004,2025-11-01,1,1,60,60.0
H0325_P004_202512,H0325,P004,2025-12-01,1,4,192,48.0
H0325_P004_202601,H0325,P004,2026-01-01,1,1,37,37.0
H0325_P004_202602,H0325,P004,2026-02-01,1,2,110,55.0
H0325_P004_202603,H0325,P004,2026-03-01,1,5,240,48.0
H0325_P005_202506,H0325,P005,2025-06-01,1,2,104,52.0
H0325_P005_202507,H0325,P005,2025-07-01,1,2,60,30.0
H0325_P005_202509,H0325,P005,2025-09-01,1,1,42,42.0
H0325_P005_202510,H0325,P005,2025-10-01,1,1,58,58.0
H0325_P005_202511,H0325,P005,2025-11-01,1,1,52,52.0
H0325_P005_202512,H0325,P005,2025-12-01,1,1,31,31.0
H0325_P005_202601,H0325,P005,2026-01-01,1,1,33,33.0
H0325_P005_202602,H0325,P005,2026-02-01,1,2,96,48.0
H0325_P005_202603,H0325,P005,2026-03-01,1,2,96,48.0
H0326_P001_202509,H0326,P001,2025-09-01,1,2,112,56.0
H0326_P002_202508,H0326,P002,2025-08-01,1,1,33,33.0
H0326_P003_202512,H0326,P003,2025-12-01,1,2,106,53.0
H0326_P003_202601,H0326,P003,2026-01-01,1,1,58,58.0
H0326_P003_202603,H0326,P003,2026-03-01,1,2,92,46.0
H0326_P004_202510,H0326,P004,2025-10-01,1,2,78,39.0
H0326_P004_202511,H0326,P004,2025-11-01,1,1,28,28.0
H0326_P004_202601,H0326,P004,2026-01-01,1,1,26,26.0
H0326_P004_202602,H0326,P004,2026-02-01,1,1,46,46.0
H0326_P004_202603,H0326,P004,2026-03-01,1,1,41,41.0
H0326_P005_202507,H0326,P005,2025-07-01,1,1,46,46.0
H0326_P005_202508,H0326,P005,2025-08-01,1,1,30,30.0
H0326_P005_202510,H0326,P005,2025-10-01,1,2,108,54.0
H0326_P005_202601,H0326,P005,2026-01-01,1,2,44,22.0
H0326_P005_202602,H0326,P005,2026-02-01,1,1,22,22.0
H0326_P005_202603,H0326,P005,2026-03-01,1,2,112,56.0
H0327_P001_202506,H0327,P001,2025-06-01,1,2,78,39.0
H0327_P001_202507,H0327,P001,2025-07-01,1,1,23,23.0
H0327_P001_202508,H0327,P001,2025-08-01,1,1,39,39.0
H0327_P001_202509,H0327,P001,2025-09-01,1,3,87,29.0
H0327_P001_202510,H0327,P001,2025-10-01,1,2,76,38.0
H0327_P001_202511,H0327,P001,2025-11-01,1,1,38,38.0
H0327_P001_202512,H0327,P001,2025-12-01,1,2,64,32.0
H0327_P001_202601,H0327,P001,2026-01-01,1,4,104,26.0
H0327_P001_202602,H0327,P001,2026-02-01,1,1,35,35.0
H0327_P001_202603,H0327,P001,2026-03-01,1,1,38,38.0
H0327_P002_202506,H0327,P002,2025-06-01,1,3,78,26.0
H0327_P002_202507,H0327,P002,2025-07-01,1,1,33,33.0
H0327_P002_202510,H0327,P002,2025-10-01,1,2,50,25.0
H0327_P002_202511,H0327,P002,2025-11-01,1,1,30,30.0
H0327_P002_202602,H0327,P002,2026-02-01,1,1,27,27.0
H0327_P003_202506,H0327,P003,2025-06-01,1,1,21,21.0
H0327_P003_202510,H0327,P003,2025-10-01,1,1,52,52.0
H0327_P004_202601,H0327,P004,2026-01-01,1,1,37,37.0
H0327_P005_202506,H0327,P005,2025-06-01,1,1,48,48.0
H0327_P005_202508,H0327,P005,2025-08-01,1,1,50,50.0
H0328_P003_202509,H0328,P003,2025-09-01,1,1,49,49.0
H0329_P001_202506,H0329,P001,2025-06-01,1,9,315,35.0
H0329_P001_202507,H0329,P001,2025-07-01,1,2,84,42.0
H0329_P001_202508,H0329,P001,2025-08-01,1,2,60,30.0
H0329_P001_202509,H0329,P001,2025-09-01,1,3,87,29.0
H0329_P001_202510,H0329,P001,2025-10-01,1,6,246,41.0
H0329_P001_202511,H0329,P001,2025-11-01,1,4,116,29.0
H0329_P001_202512,H0329,P001,2025-12-01,1,5,270,54.0
H0329_P001_202601,H0329,P001,2026-01-01,1,4,228,57.0
H0329_P001_202602,H0329,P001,2026-02-01,1,4,108,27.0
H0329_P001_202603,H0329,P001,2026-03-01,1,6,210,35.0
H0329_P002_202506,H0329,P002,2025-06-01,1,2,120,60.0
H0329_P002_202508,H0329,P002,2025-08-01,1,2,46,23.0
H0329_P002_202509,H0329,P002,2025-09-01,1,2,42,21.0
H0329_P002_202510,H0329,P002,2025-10-01,1,5,210,42.0
H0329_P002_202511,H0329,P002,2025-11-01,1,5,205,41.0
H0329_P002_202512,H0329,P002,2025-12-01,1,1,24,24.0
H0329_P002_202602,H0329,P002,2026-02-01,1,6,270,45.0
H0329_P002_202603,H0329,P002,2026-03-01,1,2,74,37.0
H0329_P003_202506,H0329,P003,2025-06-01,1,2,96,48.0
H0329_P003_202508,H0329,P003,2025-08-01,1,1,35,35.0
H0329_P003_202509,H0329,P003,2025-09-01,1,2,64,32.0
H0329_P003_202511,H0329,P003,2025-11-01,1,2,66,33.0
H0329_P003_202601,H0329,P003,2026-01-01,1,1,37,37.0
H0329_P003_202602,H0329,P003,2026-02-01,1,1,44,44.0
H0329_P004_202506,H0329,P004,2025-06-01,1,2,88,44.0
H0329_P004_202507,H0329,P004,2025-07-01,1,5,295,59.0
H0329_P004_202508,H0329,P004,2025-08-01,1,2,116,58.0
H0329_P004_202509,H0329,P004,2025-09-01,1,4,120,30.0
H0329_P004_202510,H0329,P004,2025-10-01,1,2,112,56.0
H0329_P004_202511,H0329,P004,2025-11-01,1,2,60,30.0
H0329_P004_202512,H0329,P004,2025-12-01,1,1,57,57.0
H0329_P004_202601,H0329,P004,2026-01-01,1,2,42,21.0
H0329_P004_202602,H0329,P004,2026-02-01,1,3,135,45.0
H0329_P005_202506,H0329,P005,2025-06-01,1,4,240,60.0
H0329_P005_202507,H0329,P005,2025-07-01,1,2,120,60.0
H0329_P005_202508,H0329,P005,2025-08-01,1,3,72,24.0
H0329_P005_202509,H0329,P005,2025-09-01,1,5,100,20.0
H0329_P005_202510,H0329,P005,2025-10-01,1,4,200,50.0
H0329_P005_202511,H0329,P005,2025-11-01,1,4,188,47.0
H0329_P005_202512,H0329,P005,2025-12-01,1,2,116,58.0
H0329_P005_202601,H0329,P005,2026-01-01,1,4,240,60.0
H0329_P005_202602,H0329,P005,2026-02-01,1,5,120,24.0
H0329_P005_202603,H0329,P005,2026-03-01,1,3,126,42.0
H0330_P001_202506,H0330,P001,2025-06-01,1,3,150,50.0
H0330_P001_202507,H0330,P001,2025-07-01,1,3,114,38.0
H0330_P001_202508,H0330,P001,2025-08-01,1,4,220,55.0
H0330_P001_202509,H0330,P001,2025-09-01,1,3,177,59.0
H0330_P001_202510,H0330,P001,2025-10-01,1,1,45,45.0
H0330_P001_202511,H0330,P001,2025-11-01,1,5,265,53.0
H0330_P001_202601,H0330,P001,2026-01-01,1,2,120,60.0
H0330_P001_202602,H0330,P001,2026-02-01,1,6,228,38.0
H0330_P001_202603,H0330,P001,2026-03-01,1,1,23,23.0
H0330_P002_202506,H0330,P002,2025-06-01,1,6,216,36.0
H0330_P002_202507,H0330,P002,2025-07-01,1,5,115,23.0
H0330_P002_202508,H0330,P002,2025-08-01,1,6,132,22.0
H0330_P002_202509,H0330,P002,2025-09-01,1,9,360,40.0
H0330_P002_202510,H0330,P002,2025-10-01,1,4,168,42.0
H0330_P002_202511,H0330,P002,2025-11-01,1,8,240,30.0
H0330_P002_202512,H0330,P002,2025-12-01,1,6,348,58.0
H0330_P002_202601,H0330,P002,2026-01-01,1,5,210,42.0
H0330_P002_202602,H0330,P002,2026-02-01,1,8,184,23.0
H0330_P002_202603,H0330,P002,2026-03-01,1,8,264,33.0
H0330_P003_202506,H0330,P003,2025-06-01,1,8,376,47.0
H0330_P003_202507,H0330,P003,2025-07-01,1,4,160,40.0
H0330_P003_202508,H0330,P003,2025-08-01,1,4,96,24.0
H0330_P003_202509,H0330,P003,2025-09-01,1,16,800,50.0
H0330_P003_202510,H0330,P003,2025-10-01,1,8,224,28.0
H0330_P003_202511,H0330,P003,2025-11-01,1,9,360,40.0
H0330_P003_202512,H0330,P003,2025-12-01,1,8,392,49.0
H0330_P003_202601,H0330,P003,2026-01-01,1,9,261,29.0
H0330_P003_202602,H0330,P003,2026-02-01,1,9,495,55.0
H0330_P003_202603,H0330,P003,2026-03-01,1,11,363,33.0
H0330_P004_202506,H0330,P004,2025-06-01,1,1,57,57.0
H0330_P004_202507,H0330,P004,2025-07-01,1,2,102,51.0
H0330_P004_202508,H0330,P004,2025-08-01,1,3,138,46.0
H0330_P004_202509,H0330,P004,2025-09-01,1,5,205,41.0
H0330_P004_202510,H0330,P004,2025-10-01,1,6,186,31.0
H0330_P004_202511,H0330,P004,2025-11-01,1,4,156,39.0
H0330_P004_202512,H0330,P004,2025-12-01,1,3,60,20.0
H0330_P004_202601,H0330,P004,2026-01-01,1,6,204,34.0
H0330_P004_202602,H0330,P004,2026-02-01,1,2,74,37.0
H0330_P004_202603,H0330,P004,2026-03-01,1,4,204,51.0
H0330_P005_202506,H0330,P005,2025-06-01,1,4,136,34.0
H0330_P005_202507,H0330,P005,2025-07-01,1,2,90,45.0
H0330_P005_202508,H0330,P005,2025-08-01,1,2,104,52.0
H0330_P005_202509,H0330,P005,2025-09-01,1,2,70,35.0
H0330_P005_202510,H0330,P005,2025-10-01,1,4,240,60.0
H0330_P005_202511,H0330,P005,2025-11-01,1,6,300,50.0
H0330_P005_202512,H0330,P005,2025-12-01,1,2,58,29.0
H0330_P005_202601,H0330,P005,2026-01-01,1,5,100,20.0
H0330_P005_202602,H0330,P005,2026-02-01,1,2,86,43.0
H0330_P005_202603,H0330,P005,2026-03-01,1,5,140,28.0
H0331_P001_202506,H0331,P001,2025-06-01,1,1,29,29.0
H0331_P001_202507,H0331,P001,2025-07-01,1,3,159,53.0
H0331_P001_202508,H0331,P001,2025-08-01,1,1,22,22.0
H0331_P001_202509,H0331,P001,2025-09-01,1,1,60,60.0
H0331_P001_202511,H0331,P001,2025-11-01,1,1,56,56.0
H0331_P001_202512,H0331,P001,2025-12-01,1,1,25,25.0
H0331_P001_202601,H0331,P001,2026-01-01,1,3,60,20.0
H0331_P001_202602,H0331,P001,2026-02-01,1,1,40,40.0
H0331_P001_202603,H0331,P001,2026-03-01,1,3,147,49.0
H0331_P002_202512,H0331,P002,2025-12-01,1,1,39,39.0
H0331_P003_202511,H0331,P003,2025-11-01,1,1,54,54.0
H0331_P003_202603,H0331,P003,2026-03-01,1,4,192,48.0
H0331_P004_202508,H0331,P004,2025-08-01,1,1,39,39.0
H0331_P004_202512,H0331,P004,2025-12-01,1,1,46,46.0
H0331_P004_202601,H0331,P004,2026-01-01,1,1,36,36.0
H0331_P005_202506,H0331,P005,2025-06-01,1,1,27,27.0
H0331_P005_202507,H0331,P005,2025-07-01,1,5,290,58.0
H0331_P005_202509,H0331,P005,2025-09-01,1,1,50,50.0
H0331_P005_202510,H0331,P005,2025-10-01,1,1,51,51.0
H0331_P005_202512,H0331,P005,2025-12-01,1,2,50,25.0
H0331_P005_202601,H0331,P005,2026-01-01,1,1,34,34.0
H0331_P005_202602,H0331,P005,2026-02-01,1,3,117,39.0
H0332_P001_202506,H0332,P001,2025-06-01,1,2,66,33.0
H0332_P001_202507,H0332,P001,2025-07-01,1,2,84,42.0
H0332_P001_202508,H0332,P001,2025-08-01,1,1,27,27.0
H0332_P001_202509,H0332,P001,2025-09-01,1,1,54,54.0
H0332_P001_202510,H0332,P001,2025-10-01,1,2,68,34.0
H0332_P001_202511,H0332,P001,2025-11-01,1,1,37,37.0
H0332_P001_202512,H0332,P001,2025-12-01,1,2,100,50.0
H0332_P001_202601,H0332,P001,2026-01-01,1,2,56,28.0
H0332_P001_202603,H0332,P001,2026-03-01,1,2,42,21.0
H0332_P002_202506,H0332,P002,2025-06-01,1,2,60,30.0
H0332_P002_202507,H0332,P002,2025-07-01,1,1,55,55.0
H0332_P002_202508,H0332,P002,2025-08-01,1,3,93,31.0
H0332_P002_202510,H0332,P002,2025-10-01,1,1,30,30.0
H0332_P002_202512,H0332,P002,2025-12-01,1,1,38,38.0
H0332_P002_202601,H0332,P002,2026-01-01,1,3,63,21.0
H0332_P002_202602,H0332,P002,2026-02-01,1,1,43,43.0
H0332_P002_202603,H0332,P002,2026-03-01,1,3,78,26.0
H0332_P003_202506,H0332,P003,2025-06-01,1,3,147,49.0
H0332_P003_202507,H0332,P003,2025-07-01,1,2,88,44.0
H0332_P003_202508,H0332,P003,2025-08-01,1,1,38,38.0
H0332_P003_202510,H0332,P003,2025-10-01,1,4,124,31.0
H0332_P003_202511,H0332,P003,2025-11-01,1,2,46,23.0
H0332_P003_202512,H0332,P003,2025-12-01,1,3,105,35.0
H0332_P003_202602,H0332,P003,2026-02-01,1,2,100,50.0
H0332_P004_202507,H0332,P004,2025-07-01,1,1,42,42.0
H0332_P004_202508,H0332,P004,2025-08-01,1,4,156,39.0
H0332_P004_202509,H0332,P004,2025-09-01,1,1,20,20.0
H0332_P004_202511,H0332,P004,2025-11-01,1,1,51,51.0
H0332_P004_202512,H0332,P004,2025-12-01,1,3,168,56.0
H0332_P004_202601,H0332,P004,2026-01-01,1,1,40,40.0
H0332_P004_202603,H0332,P004,2026-03-01,1,2,80,40.0
H0332_P005_202506,H0332,P005,2025-06-01,1,3,126,42.0
H0332_P005_202507,H0332,P005,2025-07-01,1,4,184,46.0
H0332_P005_202508,H0332,P005,2025-08-01,1,4,216,54.0
H0332_P005_202509,H0332,P005,2025-09-01,1,2,96,48.0
H0332_P005_202510,H0332,P005,2025-10-01,1,2,106,53.0
H0332_P005_202511,H0332,P005,2025-11-01,1,4,240,60.0
H0332_P005_202512,H0332,P005,2025-12-01,1,2,96,48.0
H0332_P005_202601,H0332,P005,2026-01-01,1,2,102,51.0
H0332_P005_202602,H0332,P005,2026-02-01,1,5,280,56.0
H0332_P005_202603,H0332,P005,2026-03-01,1,4,232,58.0
H0333_P001_202506,H0333,P001,2025-06-01,1,1,26,26.0
H0333_P001_202507,H0333,P001,2025-07-01,1,3,81,27.0
H0333_P001_202509,H0333,P001,2025-09-01,1,1,40,40.0
H0333_P001_202510,H0333,P001,2025-10-01,1,2,108,54.0
H0333_P001_202511,H0333,P001,2025-11-01,1,3,84,28.0
H0333_P001_202512,H0333,P001,2025-12-01,1,1,38,38.0
H0333_P001_202602,H0333,P001,2026-02-01,1,3,84,28.0
H0333_P002_202506,H0333,P002,2025-06-01,1,7,203,29.0
H0333_P002_202507,H0333,P002,2025-07-01,1,6,354,59.0
H0333_P002_202508,H0333,P002,2025-08-01,1,4,200,50.0
H0333_P002_202509,H0333,P002,2025-09-01,1,8,320,40.0
H0333_P002_202510,H0333,P002,2025-10-01,1,1,21,21.0
H0333_P002_202511,H0333,P002,2025-11-01,1,4,164,41.0
H0333_P002_202512,H0333,P002,2025-12-01,1,7,406,58.0
H0333_P002_202601,H0333,P002,2026-01-01,1,5,285,57.0
H0333_P002_202602,H0333,P002,2026-02-01,1,3,81,27.0
H0333_P002_202603,H0333,P002,2026-03-01,1,3,99,33.0
H0333_P003_202506,H0333,P003,2025-06-01,1,4,232,58.0
H0333_P003_202507,H0333,P003,2025-07-01,1,3,144,48.0
H0333_P003_202508,H0333,P003,2025-08-01,1,6,354,59.0
H0333_P003_202509,H0333,P003,2025-09-01,1,3,90,30.0
H0333_P003_202510,H0333,P003,2025-10-01,1,6,348,58.0
H0333_P003_202511,H0333,P003,2025-11-01,1,1,39,39.0
H0333_P003_202512,H0333,P003,2025-12-01,1,5,190,38.0
H0333_P003_202601,H0333,P003,2026-01-01,1,8,424,53.0
H0333_P003_202602,H0333,P003,2026-02-01,1,4,128,32.0
H0333_P003_202603,H0333,P003,2026-03-01,1,5,165,33.0
H0333_P004_202506,H0333,P004,2025-06-01,1,1,36,36.0
H0333_P004_202507,H0333,P004,2025-07-01,1,3,153,51.0
H0333_P004_202508,H0333,P004,2025-08-01,1,3,87,29.0
H0333_P004_202509,H0333,P004,2025-09-01,1,7,301,43.0
H0333_P004_202510,H0333,P004,2025-10-01,1,9,414,46.0
H0333_P004_202511,H0333,P004,2025-11-01,1,5,135,27.0
H0333_P004_202512,H0333,P004,2025-12-01,1,7,252,36.0
H0333_P004_202601,H0333,P004,2026-01-01,1,3,162,54.0
H0333_P004_202602,H0333,P004,2026-02-01,1,4,96,24.0
H0333_P004_202603,H0333,P004,2026-03-01,1,6,264,44.0
H0333_P005_202506,H0333,P005,2025-06-01,1,4,104,26.0
H0333_P005_202507,H0333,P005,2025-07-01,1,3,96,32.0
H0333_P005_202508,H0333,P005,2025-08-01,1,3,111,37.0
H0333_P005_202509,H0333,P005,2025-09-01,1,7,294,42.0
H0333_P005_202510,H0333,P005,2025-10-01,1,6,216,36.0
H0333_P005_202511,H0333,P005,2025-11-01,1,7,259,37.0
H0333_P005_202512,H0333,P005,2025-12-01,1,2,106,53.0
H0333_P005_202601,H0333,P005,2026-01-01,1,2,42,21.0
H0333_P005_202602,H0333,P005,2026-02-01,1,7,357,51.0
H0333_P005_202603,H0333,P005,2026-03-01,1,4,128,32.0
H0334_P001_202506,H0334,P001,2025-06-01,1,1,38,38.0
H0334_P001_202507,H0334,P001,2025-07-01,1,2,106,53.0
H0334_P001_202510,H0334,P001,2025-10-01,1,1,48,48.0
H0334_P001_202511,H0334,P001,2025-11-01,1,1,45,45.0
H0334_P001_202512,H0334,P001,2025-12-01,1,2,84,42.0
H0334_P001_202603,H0334,P001,2026-03-01,1,1,50,50.0
H0334_P002_202506,H0334,P002,2025-06-01,1,5,225,45.0
H0334_P002_202507,H0334,P002,2025-07-01,1,3,105,35.0
H0334_P002_202508,H0334,P002,2025-08-01,1,4,112,28.0
H0334_P002_202509,H0334,P002,2025-09-01,1,1,40,40.0
H0334_P002_202510,H0334,P002,2025-10-01,1,2,56,28.0
H0334_P002_202511,H0334,P002,2025-11-01,1,3,129,43.0
H0334_P002_202512,H0334,P002,2025-12-01,1,2,52,26.0
H0334_P002_202601,H0334,P002,2026-01-01,1,3,72,24.0
H0334_P002_202602,H0334,P002,2026-02-01,1,4,208,52.0
H0334_P002_202603,H0334,P002,2026-03-01,1,3,147,49.0
H0334_P003_202507,H0334,P003,2025-07-01,1,2,40,20.0
H0334_P003_202509,H0334,P003,2025-09-01,1,1,27,27.0
H0334_P003_202510,H0334,P003,2025-10-01,1,3,165,55.0
H0334_P003_202511,H0334,P003,2025-11-01,1,2,68,34.0
H0334_P003_202512,H0334,P003,2025-12-01,1,2,96,48.0
H0334_P003_202602,H0334,P003,2026-02-01,1,2,80,40.0
H0334_P004_202506,H0334,P004,2025-06-01,1,1,51,51.0
H0334_P004_202507,H0334,P004,2025-07-01,1,1,37,37.0
H0334_P004_202508,H0334,P004,2025-08-01,1,1,35,35.0
H0334_P004_202509,H0334,P004,2025-09-01,1,2,68,34.0
H0334_P004_202510,H0334,P004,2025-10-01,1,3,81,27.0
H0334_P004_202511,H0334,P004,2025-11-01,1,3,99,33.0
H0334_P004_202601,H0334,P004,2026-01-01,1,4,88,22.0
H0334_P004_202602,H0334,P004,2026-02-01,1,1,32,32.0
H0334_P004_202603,H0334,P004,2026-03-01,1,1,46,46.0
H0334_P005_202507,H0334,P005,2025-07-01,1,4,236,59.0
H0334_P005_202509,H0334,P005,2025-09-01,1,1,27,27.0
H0334_P005_202510,H0334,P005,2025-10-01,1,3,126,42.0
H0334_P005_202511,H0334,P005,2025-11-01,1,2,118,59.0
H0334_P005_202512,H0334,P005,2025-12-01,1,2,82,41.0
H0334_P005_202601,H0334,P005,2026-01-01,1,2,108,54.0
H0334_P005_202603,H0334,P005,2026-03-01,1,1,26,26.0
H0335_P001_202512,H0335,P001,2025-12-01,1,1,52,52.0
H0335_P001_202601,H0335,P001,2026-01-01,1,1,58,58.0
H0335_P002_202507,H0335,P002,2025-07-01,1,1,56,56.0
H0335_P002_202508,H0335,P002,2025-08-01,1,2,84,42.0
H0335_P002_202512,H0335,P002,2025-12-01,1,1,56,56.0
H0335_P002_202601,H0335,P002,2026-01-01,1,1,51,51.0
H0335_P002_202602,H0335,P002,2026-02-01,1,1,21,21.0
H0335_P003_202507,H0335,P003,2025-07-01,1,1,41,41.0
H0335_P003_202511,H0335,P003,2025-11-01,1,1,21,21.0
H0335_P004_202510,H0335,P004,2025-10-01,1,1,27,27.0
H0335_P004_202603,H0335,P004,2026-03-01,1,1,43,43.0
H0335_P005_202508,H0335,P005,2025-08-01,1,1,47,47.0
H0335_P005_202511,H0335,P005,2025-11-01,1,1,20,20.0
H0336_P001_202506,H0336,P001,2025-06-01,1,1,57,57.0
H0336_P001_202507,H0336,P001,2025-07-01,1,3,72,24.0
H0336_P001_202508,H0336,P001,2025-08-01,1,1,45,45.0
H0336_P001_202509,H0336,P001,2025-09-01,1,1,28,28.0
H0336_P001_202510,H0336,P001,2025-10-01,1,1,53,53.0
H0336_P001_202511,H0336,P001,2025-11-01,1,2,80,40.0
H0336_P001_202512,H0336,P001,2025-12-01,1,1,23,23.0
H0336_P001_202602,H0336,P001,2026-02-01,1,1,22,22.0
H0336_P001_202603,H0336,P001,2026-03-01,1,1,21,21.0
H0336_P003_202507,H0336,P003,2025-07-01,1,2,92,46.0
H0336_P003_202508,H0336,P003,2025-08-01,1,3,156,52.0
H0336_P003_202509,H0336,P003,2025-09-01,1,5,170,34.0
H0336_P003_202510,H0336,P003,2025-10-01,1,1,28,28.0
H0336_P003_202512,H0336,P003,2025-12-01,1,2,102,51.0
H0336_P003_202601,H0336,P003,2026-01-01,1,1,41,41.0
H0336_P003_202602,H0336,P003,2026-02-01,1,1,20,20.0
H0336_P003_202603,H0336,P003,2026-03-01,1,3,60,20.0
H0336_P004_202507,H0336,P004,2025-07-01,1,1,42,42.0
H0336_P004_202508,H0336,P004,2025-08-01,1,1,20,20.0
H0336_P004_202512,H0336,P004,2025-12-01,1,1,56,56.0
H0336_P004_202603,H0336,P004,2026-03-01,1,1,45,45.0
H0336_P005_202506,H0336,P005,2025-06-01,1,2,92,46.0
H0336_P005_202508,H0336,P005,2025-08-01,1,1,53,53.0
H0336_P005_202510,H0336,P005,2025-10-01,1,1,42,42.0
H0336_P005_202511,H0336,P005,2025-11-01,1,2,88,44.0
H0336_P005_202512,H0336,P005,2025-12-01,1,1,37,37.0
H0336_P005_202601,H0336,P005,2026-01-01,1,1,28,28.0
H0336_P005_202603,H0336,P005,2026-03-01,1,1,37,37.0
H0337_P002_202506,H0337,P002,2025-06-01,1,3,123,41.0
H0337_P002_202507,H0337,P002,2025-07-01,1,2,46,23.0
H0337_P002_202509,H0337,P002,2025-09-01,1,1,58,58.0
H0337_P002_202510,H0337,P002,2025-10-01,1,1,45,45.0
H0337_P002_202511,H0337,P002,2025-11-01,1,2,40,20.0
H0337_P002_202512,H0337,P002,2025-12-01,1,1,24,24.0
H0337_P002_202601,H0337,P002,2026-01-01,1,2,94,47.0
H0337_P002_202603,H0337,P002,2026-03-01,1,1,30,30.0
H0337_P003_202510,H0337,P003,2025-10-01,1,1,49,49.0
H0337_P003_202512,H0337,P003,2025-12-01,1,1,33,33.0
H0337_P003_202602,H0337,P003,2026-02-01,1,1,46,46.0
H0337_P004_202510,H0337,P004,2025-10-01,1,1,33,33.0
H0337_P005_202506,H0337,P005,2025-06-01,1,1,43,43.0
H0337_P005_202603,H0337,P005,2026-03-01,1,1,59,59.0
H0338_P001_202508,H0338,P001,2025-08-01,1,1,20,20.0
H0338_P001_202509,H0338,P001,2025-09-01,1,2,56,28.0
H0338_P001_202510,H0338,P001,2025-10-01,1,1,44,44.0
H0338_P001_202511,H0338,P001,2025-11-01,1,1,47,47.0
H0338_P001_202601,H0338,P001,2026-01-01,1,2,44,22.0
H0338_P001_202602,H0338,P001,2026-02-01,1,2,108,54.0
H0338_P001_202603,H0338,P001,2026-03-01,1,3,96,32.0
H0338_P002_202506,H0338,P002,2025-06-01,1,2,92,46.0
H0338_P002_202507,H0338,P002,2025-07-01,1,3,84,28.0
H0338_P002_202508,H0338,P002,2025-08-01,1,1,52,52.0
H0338_P002_202509,H0338,P002,2025-09-01,1,1,37,37.0
H0338_P002_202510,H0338,P002,2025-10-01,1,1,46,46.0
H0338_P002_202512,H0338,P002,2025-12-01,1,2,96,48.0
H0338_P002_202601,H0338,P002,2026-01-01,1,2,44,22.0
H0338_P002_202602,H0338,P002,2026-02-01,1,1,52,52.0
H0338_P003_202508,H0338,P003,2025-08-01,1,1,56,56.0
H0338_P003_202509,H0338,P003,2025-09-01,1,2,112,56.0
H0338_P003_202510,H0338,P003,2025-10-01,1,1,57,57.0
H0338_P003_202512,H0338,P003,2025-12-01,1,1,47,47.0
H0338_P003_202601,H0338,P003,2026-01-01,1,1,51,51.0
H0338_P003_202602,H0338,P003,2026-02-01,1,1,60,60.0
H0338_P003_202603,H0338,P003,2026-03-01,1,4,184,46.0
H0338_P004_202507,H0338,P004,2025-07-01,1,1,28,28.0
H0338_P004_202510,H0338,P004,2025-10-01,1,2,120,60.0
H0338_P004_202603,H0338,P004,2026-03-01,1,3,132,44.0
H0338_P005_202510,H0338,P005,2025-10-01,1,1,48,48.0
H0338_P005_202512,H0338,P005,2025-12-01,1,1,30,30.0
H0338_P005_202601,H0338,P005,2026-01-01,1,1,46,46.0
H0339_P001_202506,H0339,P001,2025-06-01,1,1,46,46.0
H0339_P001_202507,H0339,P001,2025-07-01,1,3,126,42.0
H0339_P001_202508,H0339,P001,2025-08-01,1,7,413,59.0
H0339_P001_202509,H0339,P001,2025-09-01,1,5,245,49.0
H0339_P001_202510,H0339,P001,2025-10-01,1,3,123,41.0
H0339_P001_202511,H0339,P001,2025-11-01,1,6,138,23.0
H0339_P001_202512,H0339,P001,2025-12-01,1,3,66,22.0
H0339_P001_202601,H0339,P001,2026-01-01,1,1,34,34.0
H0339_P001_202602,H0339,P001,2026-02-01,1,1,39,39.0
H0339_P001_202603,H0339,P001,2026-03-01,1,5,195,39.0
H0339_P002_202506,H0339,P002,2025-06-01,1,2,50,25.0
H0339_P002_202507,H0339,P002,2025-07-01,1,3,126,42.0
H0339_P002_202508,H0339,P002,2025-08-01,1,5,175,35.0
H0339_P002_202509,H0339,P002,2025-09-01,1,1,25,25.0
H0339_P002_202510,H0339,P002,2025-10-01,1,1,54,54.0
H0339_P002_202511,H0339,P002,2025-11-01,1,2,98,49.0
H0339_P002_202512,H0339,P002,2025-12-01,1,6,240,40.0
H0339_P002_202602,H0339,P002,2026-02-01,1,5,280,56.0
H0339_P002_202603,H0339,P002,2026-03-01,1,5,220,44.0
H0339_P003_202506,H0339,P003,2025-06-01,1,2,84,42.0
H0339_P003_202508,H0339,P003,2025-08-01,1,2,118,59.0
H0339_P003_202510,H0339,P003,2025-10-01,1,1,39,39.0
H0339_P003_202511,H0339,P003,2025-11-01,1,1,47,47.0
H0339_P003_202512,H0339,P003,2025-12-01,1,3,120,40.0
H0339_P003_202601,H0339,P003,2026-01-01,1,2,90,45.0
H0339_P004_202506,H0339,P004,2025-06-01,1,10,340,34.0
H0339_P004_202507,H0339,P004,2025-07-01,1,13,442,34.0
H0339_P004_202508,H0339,P004,2025-08-01,1,6,246,41.0
H0339_P004_202509,H0339,P004,2025-09-01,1,15,315,21.0
H0339_P004_202510,H0339,P004,2025-10-01,1,7,357,51.0
H0339_P004_202511,H0339,P004,2025-11-01,1,11,440,40.0
H0339_P004_202512,H0339,P004,2025-12-01,1,7,287,41.0
H0339_P004_202601,H0339,P004,2026-01-01,1,14,686,49.0
H0339_P004_202602,H0339,P004,2026-02-01,1,7,420,60.0
H0339_P004_202603,H0339,P004,2026-03-01,1,12,552,46.0
H0339_P005_202506,H0339,P005,2025-06-01,1,3,60,20.0
H0339_P005_202507,H0339,P005,2025-07-01,1,1,46,46.0
H0339_P005_202509,H0339,P005,2025-09-01,1,2,58,29.0
H0339_P005_202510,H0339,P005,2025-10-01,1,2,86,43.0
H0339_P005_202601,H0339,P005,2026-01-01,1,4,160,40.0
H0339_P005_202602,H0339,P005,2026-02-01,1,2,90,45.0
H0339_P005_202603,H0339,P005,2026-03-01,1,2,82,41.0
H0340_P001_202506,H0340,P001,2025-06-01,1,3,90,30.0
H0340_P001_202508,H0340,P001,2025-08-01,1,2,104,52.0
H0340_P001_202509,H0340,P001,2025-09-01,1,1,58,58.0
H0340_P001_202511,H0340,P001,2025-11-01,1,1,21,21.0
H0340_P001_202512,H0340,P001,2025-12-01,1,4,80,20.0
H0340_P001_202602,H0340,P001,2026-02-01,1,1,37,37.0
H0340_P001_202603,H0340,P001,2026-03-01,1,1,40,40.0
H0340_P002_202508,H0340,P002,2025-08-01,1,2,62,31.0
H0340_P002_202509,H0340,P002,2025-09-01,1,1,57,57.0
H0340_P002_202601,H0340,P002,2026-01-01,1,2,114,57.0
H0340_P002_202603,H0340,P002,2026-03-01,1,2,48,24.0
H0340_P003_202506,H0340,P003,2025-06-01,1,5,235,47.0
H0340_P003_202507,H0340,P003,2025-07-01,1,3,90,30.0
H0340_P003_202508,H0340,P003,2025-08-01,1,3,108,36.0
H0340_P003_202509,H0340,P003,2025-09-01,1,2,40,20.0
H0340_P003_202510,H0340,P003,2025-10-01,1,1,24,24.0
H0340_P003_202511,H0340,P003,2025-11-01,1,3,174,58.0
H0340_P003_202512,H0340,P003,2025-12-01,1,3,129,43.0
H0340_P003_202601,H0340,P003,2026-01-01,1,2,100,50.0
H0340_P003_202602,H0340,P003,2026-02-01,1,5,250,50.0
H0340_P003_202603,H0340,P003,2026-03-01,1,1,20,20.0
H0340_P004_202506,H0340,P004,2025-06-01,1,1,20,20.0
H0340_P004_202507,H0340,P004,2025-07-01,1,1,37,37.0
H0340_P004_202508,H0340,P004,2025-08-01,1,2,102,51.0
H0340_P004_202509,H0340,P004,2025-09-01,1,2,56,28.0
H0340_P004_202510,H0340,P004,2025-10-01,1,1,57,57.0
H0340_P004_202511,H0340,P004,2025-11-01,1,3,177,59.0
H0340_P004_202512,H0340,P004,2025-12-01,1,1,46,46.0
H0340_P004_202601,H0340,P004,2026-01-01,1,1,49,49.0
H0340_P004_202602,H0340,P004,2026-02-01,1,3,84,28.0
H0340_P005_202506,H0340,P005,2025-06-01,1,1,23,23.0
H0340_P005_202507,H0340,P005,2025-07-01,1,2,88,44.0
H0340_P005_202510,H0340,P005,2025-10-01,1,1,31,31.0
H0341_P001_202506,H0341,P001,2025-06-01,1,2,74,37.0
H0341_P001_202507,H0341,P001,2025-07-01,1,2,92,46.0
H0341_P001_202508,H0341,P001,2025-08-01,1,2,40,20.0
H0341_P001_202509,H0341,P001,2025-09-01,1,1,23,23.0
H0341_P001_202510,H0341,P001,2025-10-01,1,1,59,59.0
H0341_P001_202511,H0341,P001,2025-11-01,1,2,64,32.0
H0341_P001_202512,H0341,P001,2025-12-01,1,1,41,41.0
H0341_P001_202601,H0341,P001,2026-01-01,1,2,72,36.0
H0341_P001_202602,H0341,P001,2026-02-01,1,1,47,47.0
H0341_P001_202603,H0341,P001,2026-03-01,1,1,49,49.0
H0341_P002_202506,H0341,P002,2025-06-01,1,4,228,57.0
H0341_P002_202508,H0341,P002,2025-08-01,1,3,177,59.0
H0341_P002_202509,H0341,P002,2025-09-01,1,3,81,27.0
H0341_P002_202510,H0341,P002,2025-10-01,1,4,92,23.0
H0341_P002_202511,H0341,P002,2025-11-01,1,1,41,41.0
H0341_P002_202512,H0341,P002,2025-12-01,1,2,46,23.0
H0341_P002_202601,H0341,P002,2026-01-01,1,2,70,35.0
H0341_P002_202602,H0341,P002,2026-02-01,1,1,23,23.0
H0341_P002_202603,H0341,P002,2026-03-01,1,2,108,54.0
H0341_P003_202506,H0341,P003,2025-06-01,1,2,90,45.0
H0341_P003_202507,H0341,P003,2025-07-01,1,4,236,59.0
H0341_P003_202508,H0341,P003,2025-08-01,1,1,27,27.0
H0341_P003_202509,H0341,P003,2025-09-01,1,4,192,48.0
H0341_P003_202510,H0341,P003,2025-10-01,1,1,55,55.0
H0341_P003_202511,H0341,P003,2025-11-01,1,3,66,22.0
H0341_P003_202601,H0341,P003,2026-01-01,1,2,62,31.0
H0341_P003_202602,H0341,P003,2026-02-01,1,1,20,20.0
H0341_P003_202603,H0341,P003,2026-03-01,1,1,27,27.0
H0341_P004_202506,H0341,P004,2025-06-01,1,1,50,50.0
H0341_P004_202507,H0341,P004,2025-07-01,1,2,84,42.0
H0341_P004_202508,H0341,P004,2025-08-01,1,1,21,21.0
H0341_P004_202509,H0341,P004,2025-09-01,1,2,102,51.0
H0341_P004_202510,H0341,P004,2025-10-01,1,2,116,58.0
H0341_P004_202511,H0341,P004,2025-11-01,1,1,34,34.0
H0341_P004_202512,H0341,P004,2025-12-01,1,4,132,33.0
H0341_P004_202601,H0341,P004,2026-01-01,1,3,81,27.0
H0341_P004_202602,H0341,P004,2026-02-01,1,1,45,45.0
H0341_P004_202603,H0341,P004,2026-03-01,1,1,50,50.0
H0341_P005_202506,H0341,P005,2025-06-01,1,2,98,49.0
H0341_P005_202508,H0341,P005,2025-08-01,1,3,66,22.0
H0341_P005_202509,H0341,P005,2025-09-01,1,1,58,58.0
H0341_P005_202510,H0341,P005,2025-10-01,1,4,132,33.0
H0341_P005_202511,H0341,P005,2025-11-01,1,1,21,21.0
H0341_P005_202512,H0341,P005,2025-12-01,1,2,92,46.0
H0341_P005_202601,H0341,P005,2026-01-01,1,2,92,46.0
H0341_P005_202603,H0341,P005,2026-03-01,1,3,141,47.0
H0342_P001_202506,H0342,P001,2025-06-01,1,2,102,51.0
H0342_P001_202508,H0342,P001,2025-08-01,1,4,92,23.0
H0342_P001_202509,H0342,P001,2025-09-01,1,2,112,56.0
H0342_P001_202510,H0342,P001,2025-10-01,1,1,30,30.0
H0342_P001_202511,H0342,P001,2025-11-01,1,2,112,56.0
H0342_P001_202512,H0342,P001,2025-12-01,1,1,27,27.0
H0342_P001_202601,H0342,P001,2026-01-01,1,1,47,47.0
H0342_P001_202602,H0342,P001,2026-02-01,1,1,31,31.0
H0342_P001_202603,H0342,P001,2026-03-01,1,2,120,60.0
H0342_P002_202506,H0342,P002,2025-06-01,1,3,93,31.0
H0342_P002_202507,H0342,P002,2025-07-01,1,4,196,49.0
H0342_P002_202508,H0342,P002,2025-08-01,1,5,175,35.0
H0342_P002_202509,H0342,P002,2025-09-01,1,5,185,37.0
H0342_P002_202510,H0342,P002,2025-10-01,1,3,108,36.0
H0342_P002_202511,H0342,P002,2025-11-01,1,3,147,49.0
H0342_P002_202512,H0342,P002,2025-12-01,1,3,90,30.0
H0342_P002_202601,H0342,P002,2026-01-01,1,2,112,56.0
H0342_P002_202602,H0342,P002,2026-02-01,1,6,192,32.0
H0342_P002_202603,H0342,P002,2026-03-01,1,5,150,30.0
H0342_P003_202506,H0342,P003,2025-06-01,1,1,38,38.0
H0342_P003_202507,H0342,P003,2025-07-01,1,3,129,43.0
H0342_P003_202508,H0342,P003,2025-08-01,1,3,120,40.0
H0342_P003_202509,H0342,P003,2025-09-01,1,1,42,42.0
H0342_P003_202510,H0342,P003,2025-10-01,1,2,74,37.0
H0342_P003_202511,H0342,P003,2025-11-01,1,2,64,32.0
H0342_P003_202512,H0342,P003,2025-12-01,1,1,29,29.0
H0342_P003_202601,H0342,P003,2026-01-01,1,1,21,21.0
H0342_P003_202602,H0342,P003,2026-02-01,1,4,164,41.0
H0342_P003_202603,H0342,P003,2026-03-01,1,2,76,38.0
H0342_P004_202506,H0342,P004,2025-06-01,1,4,88,22.0
H0342_P004_202507,H0342,P004,2025-07-01,1,3,99,33.0
H0342_P004_202508,H0342,P004,2025-08-01,1,4,216,54.0
H0342_P004_202509,H0342,P004,2025-09-01,1,3,144,48.0
H0342_P004_202510,H0342,P004,2025-10-01,1,2,40,20.0
H0342_P004_202511,H0342,P004,2025-11-01,1,4,188,47.0
H0342_P004_202512,H0342,P004,2025-12-01,1,3,162,54.0
H0342_P004_202601,H0342,P004,2026-01-01,1,7,364,52.0
H0342_P004_202602,H0342,P004,2026-02-01,1,4,120,30.0
H0342_P005_202506,H0342,P005,2025-06-01,1,1,50,50.0
H0342_P005_202507,H0342,P005,2025-07-01,1,2,88,44.0
H0342_P005_202508,H0342,P005,2025-08-01,1,2,74,37.0
H0342_P005_202509,H0342,P005,2025-09-01,1,1,38,38.0
H0342_P005_202510,H0342,P005,2025-10-01,1,1,21,21.0
H0342_P005_202511,H0342,P005,2025-11-01,1,3,96,32.0
H0342_P005_202512,H0342,P005,2025-12-01,1,1,26,26.0
H0342_P005_202601,H0342,P005,2026-01-01,1,1,40,40.0
H0342_P005_202602,H0342,P005,2026-02-01,1,4,184,46.0
H0343_P001_202508,H0343,P001,2025-08-01,1,1,57,57.0
H0343_P001_202509,H0343,P001,2025-09-01,1,1,45,45.0
H0343_P001_202512,H0343,P001,2025-12-01,1,1,47,47.0
H0343_P002_202509,H0343,P002,2025-09-01,1,1,60,60.0
H0343_P002_202511,H0343,P002,2025-11-01,1,1,47,47.0
H0343_P002_202602,H0343,P002,2026-02-01,1,2,66,33.0
H0343_P003_202507,H0343,P003,2025-07-01,1,1,50,50.0
H0343_P003_202602,H0343,P003,2026-02-01,1,1,60,60.0
H0343_P003_202603,H0343,P003,2026-03-01,1,1,39,39.0
H0343_P004_202506,H0343,P004,2025-06-01,1,3,144,48.0
H0343_P004_202507,H0343,P004,2025-07-01,1,4,104,26.0
H0343_P004_202508,H0343,P004,2025-08-01,1,3,84,28.0
H0343_P004_202510,H0343,P004,2025-10-01,1,4,232,58.0
H0343_P004_202511,H0343,P004,2025-11-01,1,2,120,60.0
H0343_P004_202512,H0343,P004,2025-12-01,1,4,132,33.0
H0343_P004_202601,H0343,P004,2026-01-01,1,6,264,44.0
H0343_P004_202602,H0343,P004,2026-02-01,1,4,188,47.0
H0343_P004_202603,H0343,P004,2026-03-01,1,3,180,60.0
H0343_P005_202506,H0343,P005,2025-06-01,1,2,50,25.0
H0343_P005_202507,H0343,P005,2025-07-01,1,1,38,38.0
H0343_P005_202509,H0343,P005,2025-09-01,1,1,43,43.0
H0343_P005_202510,H0343,P005,2025-10-01,1,1,56,56.0
H0343_P005_202511,H0343,P005,2025-11-01,1,1,22,22.0
H0343_P005_202512,H0343,P005,2025-12-01,1,5,135,27.0
H0343_P005_202601,H0343,P005,2026-01-01,1,1,25,25.0
H0343_P005_202602,H0343,P005,2026-02-01,1,2,74,37.0
H0343_P005_202603,H0343,P005,2026-03-01,1,1,58,58.0
H0344_P001_202506,H0344,P001,2025-06-01,1,8,368,46.0
H0344_P001_202507,H0344,P001,2025-07-01,1,7,392,56.0
H0344_P001_202508,H0344,P001,2025-08-01,1,11,374,34.0
H0344_P001_202509,H0344,P001,2025-09-01,1,7,140,20.0
H0344_P001_202510,H0344,P001,2025-10-01,1,3,171,57.0
H0344_P001_202511,H0344,P001,2025-11-01,1,7,343,49.0
H0344_P001_202512,H0344,P001,2025-12-01,1,3,177,59.0
H0344_P001_202601,H0344,P001,2026-01-01,1,3,63,21.0
H0344_P001_202602,H0344,P001,2026-02-01,1,5,110,22.0
H0344_P001_202603,H0344,P001,2026-03-01,1,8,400,50.0
H0344_P002_202506,H0344,P002,2025-06-01,1,1,53,53.0
H0344_P002_202508,H0344,P002,2025-08-01,1,3,174,58.0
H0344_P002_202509,H0344,P002,2025-09-01,1,2,100,50.0
H0344_P002_202510,H0344,P002,2025-10-01,1,2,116,58.0
H0344_P002_202601,H0344,P002,2026-01-01,1,1,30,30.0
H0344_P002_202602,H0344,P002,2026-02-01,1,1,31,31.0
H0344_P002_202603,H0344,P002,2026-03-01,1,1,48,48.0
H0344_P003_202506,H0344,P003,2025-06-01,1,4,220,55.0
H0344_P003_202507,H0344,P003,2025-07-01,1,6,300,50.0
H0344_P003_202508,H0344,P003,2025-08-01,1,4,156,39.0
H0344_P003_202509,H0344,P003,2025-09-01,1,1,24,24.0
H0344_P003_202510,H0344,P003,2025-10-01,1,4,192,48.0
H0344_P003_202511,H0344,P003,2025-11-01,1,4,120,30.0
H0344_P003_202512,H0344,P003,2025-12-01,1,4,180,45.0
H0344_P003_202601,H0344,P003,2026-01-01,1,4,96,24.0
H0344_P003_202602,H0344,P003,2026-02-01,1,4,236,59.0
H0344_P003_202603,H0344,P003,2026-03-01,1,6,222,37.0
H0344_P004_202506,H0344,P004,2025-06-01,1,1,57,57.0
H0344_P004_202507,H0344,P004,2025-07-01,1,1,22,22.0
H0344_P004_202508,H0344,P004,2025-08-01,1,2,120,60.0
H0344_P004_202509,H0344,P004,2025-09-01,1,2,84,42.0
H0344_P004_202510,H0344,P004,2025-10-01,1,2,58,29.0
H0344_P004_202512,H0344,P004,2025-12-01,1,2,86,43.0
H0344_P004_202603,H0344,P004,2026-03-01,1,1,56,56.0
H0344_P005_202506,H0344,P005,2025-06-01,1,2,76,38.0
H0344_P005_202507,H0344,P005,2025-07-01,1,5,170,34.0
H0344_P005_202508,H0344,P005,2025-08-01,1,7,350,50.0
H0344_P005_202509,H0344,P005,2025-09-01,1,1,38,38.0
H0344_P005_202510,H0344,P005,2025-10-01,1,6,276,46.0
H0344_P005_202511,H0344,P005,2025-11-01,1,2,90,45.0
H0344_P005_202512,H0344,P005,2025-12-01,1,6,294,49.0
H0344_P005_202601,H0344,P005,2026-01-01,1,7,385,55.0
H0344_P005_202602,H0344,P005,2026-02-01,1,8,376,47.0
H0344_P005_202603,H0344,P005,2026-03-01,1,6,210,35.0
H0345_P001_202506,H0345,P001,2025-06-01,1,2,120,60.0
H0345_P001_202507,H0345,P001,2025-07-01,1,10,360,36.0
H0345_P001_202508,H0345,P001,2025-08-01,1,5,265,53.0
H0345_P001_202509,H0345,P001,2025-09-01,1,4,224,56.0
H0345_P001_202510,H0345,P001,2025-10-01,1,2,100,50.0
H0345_P001_202511,H0345,P001,2025-11-01,1,3,141,47.0
H0345_P001_202512,H0345,P001,2025-12-01,1,2,104,52.0
H0345_P001_202601,H0345,P001,2026-01-01,1,5,255,51.0
H0345_P001_202602,H0345,P001,2026-02-01,1,3,120,40.0
H0345_P001_202603,H0345,P001,2026-03-01,1,2,74,37.0
H0345_P002_202506,H0345,P002,2025-06-01,1,2,40,20.0
H0345_P002_202507,H0345,P002,2025-07-01,1,4,128,32.0
H0345_P002_202508,H0345,P002,2025-08-01,1,1,49,49.0
H0345_P002_202509,H0345,P002,2025-09-01,1,2,110,55.0
H0345_P002_202510,H0345,P002,2025-10-01,1,4,148,37.0
H0345_P002_202511,H0345,P002,2025-11-01,1,3,111,37.0
H0345_P002_202512,H0345,P002,2025-12-01,1,1,25,25.0
H0345_P002_202602,H0345,P002,2026-02-01,1,2,52,26.0
H0345_P002_202603,H0345,P002,2026-03-01,1,2,92,46.0
H0345_P003_202507,H0345,P003,2025-07-01,1,2,46,23.0
H0345_P003_202508,H0345,P003,2025-08-01,1,1,46,46.0
H0345_P003_202509,H0345,P003,2025-09-01,1,1,50,50.0
H0345_P003_202510,H0345,P003,2025-10-01,1,1,40,40.0
H0345_P003_202601,H0345,P003,2026-01-01,1,1,27,27.0
H0345_P004_202506,H0345,P004,2025-06-01,1,2,118,59.0
H0345_P004_202507,H0345,P004,2025-07-01,1,2,74,37.0
H0345_P004_202508,H0345,P004,2025-08-01,1,2,64,32.0
H0345_P004_202509,H0345,P004,2025-09-01,1,1,55,55.0
H0345_P004_202511,H0345,P004,2025-11-01,1,3,108,36.0
H0345_P004_202512,H0345,P004,2025-12-01,1,1,57,57.0
H0345_P004_202601,H0345,P004,2026-01-01,1,2,98,49.0
H0345_P004_202602,H0345,P004,2026-02-01,1,2,42,21.0
H0345_P004_202603,H0345,P004,2026-03-01,1,3,84,28.0
H0345_P005_202506,H0345,P005,2025-06-01,1,5,110,22.0
H0345_P005_202507,H0345,P005,2025-07-01,1,4,104,26.0
H0345_P005_202508,H0345,P005,2025-08-01,1,7,231,33.0
H0345_P005_202509,H0345,P005,2025-09-01,1,5,215,43.0
H0345_P005_202510,H0345,P005,2025-10-01,1,8,272,34.0
H0345_P005_202511,H0345,P005,2025-11-01,1,4,156,39.0
H0345_P005_202512,H0345,P005,2025-12-01,1,4,172,43.0
H0345_P005_202601,H0345,P005,2026-01-01,1,9,279,31.0
H0345_P005_202602,H0345,P005,2026-02-01,1,4,232,58.0
H0345_P005_202603,H0345,P005,2026-03-01,1,3,111,37.0
H0346_P001_202506,H0346,P001,2025-06-01,1,2,68,34.0
H0346_P001_202507,H0346,P001,2025-07-01,1,1,23,23.0
H0346_P001_202508,H0346,P001,2025-08-01,1,1,21,21.0
H0346_P001_202510,H0346,P001,2025-10-01,1,3,105,35.0
H0346_P001_202511,H0346,P001,2025-11-01,1,2,90,45.0
H0346_P001_202512,H0346,P001,2025-12-01,1,4,140,35.0
H0346_P001_202601,H0346,P001,2026-01-01,1,2,104,52.0
H0346_P001_202602,H0346,P001,2026-02-01,1,3,66,22.0
H0346_P001_202603,H0346,P001,2026-03-01,1,4,120,30.0
H0346_P002_202506,H0346,P002,2025-06-01,1,1,51,51.0
H0346_P002_202507,H0346,P002,2025-07-01,1,2,92,46.0
H0346_P002_202508,H0346,P002,2025-08-01,1,4,96,24.0
H0346_P002_202509,H0346,P002,2025-09-01,1,4,80,20.0
H0346_P002_202510,H0346,P002,2025-10-01,1,1,23,23.0
H0346_P002_202511,H0346,P002,2025-11-01,1,2,56,28.0
H0346_P002_202601,H0346,P002,2026-01-01,1,5,235,47.0
H0346_P002_202602,H0346,P002,2026-02-01,1,4,84,21.0
H0346_P002_202603,H0346,P002,2026-03-01,1,3,111,37.0
H0346_P003_202506,H0346,P003,2025-06-01,1,1,36,36.0
H0346_P003_202507,H0346,P003,2025-07-01,1,6,222,37.0
H0346_P003_202508,H0346,P003,2025-08-01,1,4,176,44.0
H0346_P003_202509,H0346,P003,2025-09-01,1,7,301,43.0
H0346_P003_202510,H0346,P003,2025-10-01,1,2,88,44.0
H0346_P003_202511,H0346,P003,2025-11-01,1,4,164,41.0
H0346_P003_202512,H0346,P003,2025-12-01,1,5,175,35.0
H0346_P003_202601,H0346,P003,2026-01-01,1,6,288,48.0
H0346_P003_202602,H0346,P003,2026-02-01,1,8,208,26.0
H0346_P003_202603,H0346,P003,2026-03-01,1,5,105,21.0
H0346_P004_202506,H0346,P004,2025-06-01,1,1,39,39.0
H0346_P004_202507,H0346,P004,2025-07-01,1,1,38,38.0
H0346_P004_202508,H0346,P004,2025-08-01,1,1,35,35.0
H0346_P004_202509,H0346,P004,2025-09-01,1,2,80,40.0
H0346_P004_202511,H0346,P004,2025-11-01,1,1,41,41.0
H0346_P004_202512,H0346,P004,2025-12-01,1,1,52,52.0
H0346_P004_202601,H0346,P004,2026-01-01,1,1,43,43.0
H0346_P005_202506,H0346,P005,2025-06-01,1,4,148,37.0
H0346_P005_202507,H0346,P005,2025-07-01,1,1,40,40.0
H0346_P005_202508,H0346,P005,2025-08-01,1,3,87,29.0
H0346_P005_202509,H0346,P005,2025-09-01,1,3,156,52.0
H0346_P005_202510,H0346,P005,2025-10-01,1,1,52,52.0
H0346_P005_202511,H0346,P005,2025-11-01,1,5,145,29.0
H0346_P005_202512,H0346,P005,2025-12-01,1,2,48,24.0
H0346_P005_202601,H0346,P005,2026-01-01,1,2,46,23.0
H0346_P005_202602,H0346,P005,2026-02-01,1,1,55,55.0
H0346_P005_202603,H0346,P005,2026-03-01,1,4,160,40.0
H0347_P001_202506,H0347,P001,2025-06-01,1,2,54,27.0
H0347_P001_202507,H0347,P001,2025-07-01,1,4,184,46.0
H0347_P001_202508,H0347,P001,2025-08-01,1,4,176,44.0
H0347_P001_202509,H0347,P001,2025-09-01,1,3,81,27.0
H0347_P001_202510,H0347,P001,2025-10-01,1,5,120,24.0
H0347_P001_202511,H0347,P001,2025-11-01,1,5,120,24.0
H0347_P001_202512,H0347,P001,2025-12-01,1,5,130,26.0
H0347_P001_202601,H0347,P001,2026-01-01,1,2,42,21.0
H0347_P001_202602,H0347,P001,2026-02-01,1,3,99,33.0
H0347_P001_202603,H0347,P001,2026-03-01,1,5,265,53.0
H0347_P002_202507,H0347,P002,2025-07-01,1,2,86,43.0
H0347_P002_202508,H0347,P002,2025-08-01,1,2,104,52.0
H0347_P002_202509,H0347,P002,2025-09-01,1,1,47,47.0
H0347_P002_202510,H0347,P002,2025-10-01,1,1,42,42.0
H0347_P002_202511,H0347,P002,2025-11-01,1,3,66,22.0
H0347_P002_202601,H0347,P002,2026-01-01,1,1,45,45.0
H0347_P003_202506,H0347,P003,2025-06-01,1,2,46,23.0
H0347_P003_202507,H0347,P003,2025-07-01,1,4,96,24.0
H0347_P003_202508,H0347,P003,2025-08-01,1,6,210,35.0
H0347_P003_202509,H0347,P003,2025-09-01,1,2,114,57.0
H0347_P003_202510,H0347,P003,2025-10-01,1,3,75,25.0
H0347_P003_202511,H0347,P003,2025-11-01,1,5,205,41.0
H0347_P003_202512,H0347,P003,2025-12-01,1,1,26,26.0
H0347_P003_202601,H0347,P003,2026-01-01,1,1,24,24.0
H0347_P003_202602,H0347,P003,2026-02-01,1,3,81,27.0
H0347_P004_202507,H0347,P004,2025-07-01,1,3,123,41.0
H0347_P004_202508,H0347,P004,2025-08-01,1,1,53,53.0
H0347_P004_202509,H0347,P004,2025-09-01,1,3,108,36.0
H0347_P004_202601,H0347,P004,2026-01-01,1,1,44,44.0
H0347_P004_202602,H0347,P004,2026-02-01,1,1,28,28.0
H0347_P005_202506,H0347,P005,2025-06-01,1,1,20,20.0
H0347_P005_202508,H0347,P005,2025-08-01,1,2,62,31.0
H0347_P005_202509,H0347,P005,2025-09-01,1,2,72,36.0
H0347_P005_202511,H0347,P005,2025-11-01,1,2,86,43.0
H0347_P005_202512,H0347,P005,2025-12-01,1,2,108,54.0
H0347_P005_202601,H0347,P005,2026-01-01,1,3,144,48.0
H0347_P005_202602,H0347,P005,2026-02-01,1,1,41,41.0
H0348_P001_202507,H0348,P001,2025-07-01,1,1,44,44.0
H0348_P001_202508,H0348,P001,2025-08-01,1,3,180,60.0
H0348_P001_202509,H0348,P001,2025-09-01,1,1,57,57.0
H0348_P001_202510,H0348,P001,2025-10-01,1,3,87,29.0
H0348_P001_202512,H0348,P001,2025-12-01,1,3,144,48.0
H0348_P001_202601,H0348,P001,2026-01-01,1,2,54,27.0
H0348_P001_202602,H0348,P001,2026-02-01,1,2,110,55.0
H0348_P001_202603,H0348,P001,2026-03-01,1,2,82,41.0
H0348_P002_202507,H0348,P002,2025-07-01,1,1,23,23.0
H0348_P002_202508,H0348,P002,2025-08-01,1,1,23,23.0
H0348_P002_202509,H0348,P002,2025-09-01,1,1,27,27.0
H0348_P002_202512,H0348,P002,2025-12-01,1,1,56,56.0
H0348_P002_202601,H0348,P002,2026-01-01,1,1,30,30.0
H0348_P002_202602,H0348,P002,2026-02-01,1,1,49,49.0
H0348_P002_202603,H0348,P002,2026-03-01,1,1,25,25.0
H0348_P003_202506,H0348,P003,2025-06-01,1,1,55,55.0
H0348_P003_202509,H0348,P003,2025-09-01,1,1,36,36.0
H0348_P003_202512,H0348,P003,2025-12-01,1,1,25,25.0
H0348_P003_202602,H0348,P003,2026-02-01,1,1,37,37.0
H0348_P003_202603,H0348,P003,2026-03-01,1,1,25,25.0
H0348_P004_202506,H0348,P004,2025-06-01,1,1,51,51.0
H0348_P004_202509,H0348,P004,2025-09-01,1,2,64,32.0
H0348_P004_202510,H0348,P004,2025-10-01,1,1,55,55.0
H0348_P004_202512,H0348,P004,2025-12-01,1,1,42,42.0
H0348_P004_202603,H0348,P004,2026-03-01,1,3,93,31.0
H0348_P005_202506,H0348,P005,2025-06-01,1,1,41,41.0
H0348_P005_202508,H0348,P005,2025-08-01,1,3,138,46.0
H0348_P005_202509,H0348,P005,2025-09-01,1,3,81,27.0
H0348_P005_202510,H0348,P005,2025-10-01,1,2,42,21.0
H0348_P005_202511,H0348,P005,2025-11-01,1,1,57,57.0
H0348_P005_202512,H0348,P005,2025-12-01,1,3,147,49.0
H0348_P005_202601,H0348,P005,2026-01-01,1,6,234,39.0
H0348_P005_202602,H0348,P005,2026-02-01,1,3,87,29.0
H0348_P005_202603,H0348,P005,2026-03-01,1,1,58,58.0
H0349_P001_202506,H0349,P001,2025-06-01,1,1,47,47.0
H0349_P001_202507,H0349,P001,2025-07-01,1,1,37,37.0
H0349_P001_202510,H0349,P001,2025-10-01,1,1,40,40.0
H0349_P001_202512,H0349,P001,2025-12-01,1,1,20,20.0
H0349_P001_202601,H0349,P001,2026-01-01,1,1,44,44.0
H0349_P002_202506,H0349,P002,2025-06-01,1,1,60,60.0
H0349_P002_202507,H0349,P002,2025-07-01,1,1,54,54.0
H0349_P002_202509,H0349,P002,2025-09-01,1,1,55,55.0
H0349_P002_202510,H0349,P002,2025-10-01,1,2,52,26.0
H0349_P003_202506,H0349,P003,2025-06-01,1,7,399,57.0
H0349_P003_202507,H0349,P003,2025-07-01,1,3,174,58.0
H0349_P003_202508,H0349,P003,2025-08-01,1,5,125,25.0
H0349_P003_202509,H0349,P003,2025-09-01,1,3,147,49.0
H0349_P003_202510,H0349,P003,2025-10-01,1,9,207,23.0
H0349_P003_202511,H0349,P003,2025-11-01,1,3,63,21.0
H0349_P003_202512,H0349,P003,2025-12-01,1,5,235,47.0
H0349_P003_202601,H0349,P003,2026-01-01,1,8,240,30.0
H0349_P003_202602,H0349,P003,2026-02-01,1,5,270,54.0
H0349_P003_202603,H0349,P003,2026-03-01,1,10,300,30.0
H0349_P004_202506,H0349,P004,2025-06-01,1,1,49,49.0
H0349_P004_202507,H0349,P004,2025-07-01,1,5,245,49.0
H0349_P004_202508,H0349,P004,2025-08-01,1,1,30,30.0
H0349_P004_202509,H0349,P004,2025-09-01,1,1,56,56.0
H0349_P004_202510,H0349,P004,2025-10-01,1,2,78,39.0
H0349_P004_202511,H0349,P004,2025-11-01,1,2,80,40.0
H0349_P004_202512,H0349,P004,2025-12-01,1,2,42,21.0
H0349_P004_202601,H0349,P004,2026-01-01,1,2,106,53.0
H0349_P004_202602,H0349,P004,2026-02-01,1,1,59,59.0
H0349_P004_202603,H0349,P004,2026-03-01,1,2,66,33.0
H0349_P005_202506,H0349,P005,2025-06-01,1,6,348,58.0
H0349_P005_202507,H0349,P005,2025-07-01,1,7,364,52.0
H0349_P005_202508,H0349,P005,2025-08-01,1,10,550,55.0
H0349_P005_202509,H0349,P005,2025-09-01,1,7,231,33.0
H0349_P005_202510,H0349,P005,2025-10-01,1,3,120,40.0
H0349_P005_202511,H0349,P005,2025-11-01,1,4,120,30.0
H0349_P005_202512,H0349,P005,2025-12-01,1,2,112,56.0
H0349_P005_202601,H0349,P005,2026-01-01,1,6,174,29.0
H0349_P005_202602,H0349,P005,2026-02-01,1,4,204,51.0
H0349_P005_202603,H0349,P005,2026-03-01,1,8,280,35.0
H0350_P001_202506,H0350,P001,2025-06-01,1,1,34,34.0
H0350_P001_202507,H0350,P001,2025-07-01,1,1,40,40.0
H0350_P001_202509,H0350,P001,2025-09-01,1,1,59,59.0
H0350_P001_202510,H0350,P001,2025-10-01,1,1,54,54.0
H0350_P001_202512,H0350,P001,2025-12-01,1,1,55,55.0
H0350_P001_202601,H0350,P001,2026-01-01,1,1,56,56.0
H0350_P001_202602,H0350,P001,2026-02-01,1,1,51,51.0
H0350_P002_202506,H0350,P002,2025-06-01,1,2,110,55.0
H0350_P002_202507,H0350,P002,2025-07-01,1,2,84,42.0
H0350_P002_202508,H0350,P002,2025-08-01,1,1,54,54.0
H0350_P002_202509,H0350,P002,2025-09-01,1,2,50,25.0
H0350_P002_202511,H0350,P002,2025-11-01,1,1,20,20.0
H0350_P002_202512,H0350,P002,2025-12-01,1,2,52,26.0
H0350_P002_202602,H0350,P002,2026-02-01,1,3,171,57.0
H0350_P002_202603,H0350,P002,2026-03-01,1,2,52,26.0
H0350_P003_202507,H0350,P003,2025-07-01,1,1,49,49.0
H0350_P003_202508,H0350,P003,2025-08-01,1,2,112,56.0
H0350_P003_202510,H0350,P003,2025-10-01,1,2,92,46.0
H0350_P003_202512,H0350,P003,2025-12-01,1,1,31,31.0
H0350_P003_202601,H0350,P003,2026-01-01,1,1,54,54.0
H0350_P003_202602,H0350,P003,2026-02-01,1,1,59,59.0
H0350_P004_202506,H0350,P004,2025-06-01,1,2,46,23.0
H0350_P004_202507,H0350,P004,2025-07-01,1,4,240,60.0
H0350_P004_202508,H0350,P004,2025-08-01,1,3,117,39.0
H0350_P004_202509,H0350,P004,2025-09-01,1,1,33,33.0
H0350_P004_202510,H0350,P004,2025-10-01,1,1,22,22.0
H0350_P004_202511,H0350,P004,2025-11-01,1,1,52,52.0
H0350_P004_202512,H0350,P004,2025-12-01,1,2,70,35.0
H0350_P004_202601,H0350,P004,2026-01-01,1,3,84,28.0
H0350_P004_202602,H0350,P004,2026-02-01,1,2,104,52.0
H0350_P004_202603,H0350,P004,2026-03-01,1,5,220,44.0
H0350_P005_202506,H0350,P005,2025-06-01,1,1,36,36.0
H0350_P005_202507,H0350,P005,2025-07-01,1,1,54,54.0
H0350_P005_202509,H0350,P005,2025-09-01,1,2,64,32.0
H0350_P005_202512,H0350,P005,2025-12-01,1,1,46,46.0
H0350_P005_202602,H0350,P005,2026-02-01,1,1,60,60.0
H0350_P005_202603,H0350,P005,2026-03-01,1,2,68,34.0
H0351_P001_202506,H0351,P001,2025-06-01,1,1,41,41.0
H0351_P001_202508,H0351,P001,2025-08-01,1,1,44,44.0
H0351_P001_202509,H0351,P001,2025-09-01,1,2,64,32.0
H0351_P001_202510,H0351,P001,2025-10-01,1,1,60,60.0
H0351_P001_202511,H0351,P001,2025-11-01,1,1,21,21.0
H0351_P001_202512,H0351,P001,2025-12-01,1,1,29,29.0
H0351_P001_202601,H0351,P001,2026-01-01,1,2,56,28.0
H0351_P001_202603,H0351,P001,2026-03-01,1,1,28,28.0
H0351_P002_202506,H0351,P002,2025-06-01,1,1,48,48.0
H0351_P002_202508,H0351,P002,2025-08-01,1,1,25,25.0
H0351_P002_202510,H0351,P002,2025-10-01,1,2,102,51.0
H0351_P002_202512,H0351,P002,2025-12-01,1,2,60,30.0
H0351_P002_202601,H0351,P002,2026-01-01,1,2,108,54.0
H0351_P002_202602,H0351,P002,2026-02-01,1,3,141,47.0
H0351_P003_202506,H0351,P003,2025-06-01,1,1,42,42.0
H0351_P003_202508,H0351,P003,2025-08-01,1,1,26,26.0
H0351_P003_202509,H0351,P003,2025-09-01,1,2,76,38.0
H0351_P003_202512,H0351,P003,2025-12-01,1,1,24,24.0
H0351_P003_202601,H0351,P003,2026-01-01,1,1,37,37.0
H0351_P003_202602,H0351,P003,2026-02-01,1,1,25,25.0
H0351_P005_202508,H0351,P005,2025-08-01,1,2,60,30.0
H0351_P005_202509,H0351,P005,2025-09-01,1,3,159,53.0
H0351_P005_202510,H0351,P005,2025-10-01,1,1,58,58.0
H0351_P005_202511,H0351,P005,2025-11-01,1,2,108,54.0
H0351_P005_202512,H0351,P005,2025-12-01,1,1,55,55.0
H0351_P005_202601,H0351,P005,2026-01-01,1,1,25,25.0
H0351_P005_202602,H0351,P005,2026-02-01,1,2,54,27.0
H0351_P005_202603,H0351,P005,2026-03-01,1,2,88,44.0
H0352_P001_202507,H0352,P001,2025-07-01,1,2,46,23.0
H0352_P001_202508,H0352,P001,2025-08-01,1,2,100,50.0
H0352_P001_202512,H0352,P001,2025-12-01,1,1,58,58.0
H0352_P001_202601,H0352,P001,2026-01-01,1,1,45,45.0
H0352_P002_202507,H0352,P002,2025-07-01,1,2,84,42.0
H0352_P002_202512,H0352,P002,2025-12-01,1,1,33,33.0
H0352_P003_202509,H0352,P003,2025-09-01,1,1,38,38.0
H0352_P003_202510,H0352,P003,2025-10-01,1,2,76,38.0
H0352_P003_202603,H0352,P003,2026-03-01,1,1,43,43.0
H0352_P004_202506,H0352,P004,2025-06-01,1,1,23,23.0
H0352_P005_202601,H0352,P005,2026-01-01,1,1,47,47.0
H0353_P001_202506,H0353,P001,2025-06-01,1,2,58,29.0
H0353_P001_202507,H0353,P001,2025-07-01,1,4,160,40.0
H0353_P001_202508,H0353,P001,2025-08-01,1,1,42,42.0
H0353_P001_202509,H0353,P001,2025-09-01,1,2,50,25.0
H0353_P001_202510,H0353,P001,2025-10-01,1,2,76,38.0
H0353_P001_202511,H0353,P001,2025-11-01,1,2,94,47.0
H0353_P001_202512,H0353,P001,2025-12-01,1,1,27,27.0
H0353_P001_202601,H0353,P001,2026-01-01,1,2,116,58.0
H0353_P001_202602,H0353,P001,2026-02-01,1,1,54,54.0
H0353_P001_202603,H0353,P001,2026-03-01,1,3,102,34.0
H0353_P002_202506,H0353,P002,2025-06-01,1,2,88,44.0
H0353_P002_202507,H0353,P002,2025-07-01,1,3,180,60.0
H0353_P002_202508,H0353,P002,2025-08-01,1,4,84,21.0
H0353_P002_202509,H0353,P002,2025-09-01,1,4,220,55.0
H0353_P002_202511,H0353,P002,2025-11-01,1,3,120,40.0
H0353_P002_202512,H0353,P002,2025-12-01,1,1,42,42.0
H0353_P002_202601,H0353,P002,2026-01-01,1,1,34,34.0
H0353_P002_202603,H0353,P002,2026-03-01,1,1,36,36.0
H0353_P003_202509,H0353,P003,2025-09-01,1,1,42,42.0
H0353_P003_202510,H0353,P003,2025-10-01,1,1,59,59.0
H0353_P003_202601,H0353,P003,2026-01-01,1,1,49,49.0
H0353_P003_202602,H0353,P003,2026-02-01,1,1,51,51.0
H0353_P003_202603,H0353,P003,2026-03-01,1,1,40,40.0
H0353_P004_202506,H0353,P004,2025-06-01,1,1,57,57.0
H0353_P004_202508,H0353,P004,2025-08-01,1,1,34,34.0
H0353_P004_202512,H0353,P004,2025-12-01,1,3,129,43.0
H0353_P004_202601,H0353,P004,2026-01-01,1,2,90,45.0
H0353_P004_202603,H0353,P004,2026-03-01,1,1,55,55.0
H0353_P005_202507,H0353,P005,2025-07-01,1,1,38,38.0
H0353_P005_202508,H0353,P005,2025-08-01,1,1,41,41.0
H0353_P005_202509,H0353,P005,2025-09-01,1,2,116,58.0
H0353_P005_202511,H0353,P005,2025-11-01,1,1,51,51.0
H0353_P005_202512,H0353,P005,2025-12-01,1,1,29,29.0
H0353_P005_202603,H0353,P005,2026-03-01,1,2,92,46.0
H0354_P001_202509,H0354,P001,2025-09-01,1,3,105,35.0
H0354_P001_202511,H0354,P001,2025-11-01,1,1,38,38.0
H0354_P001_202512,H0354,P001,2025-12-01,1,1,33,33.0
H0354_P002_202506,H0354,P002,2025-06-01,1,2,120,60.0
H0354_P002_202507,H0354,P002,2025-07-01,1,4,172,43.0
H0354_P002_202508,H0354,P002,2025-08-01,1,1,39,39.0
H0354_P002_202509,H0354,P002,2025-09-01,1,4,144,36.0
H0354_P002_202511,H0354,P002,2025-11-01,1,1,59,59.0
H0354_P002_202512,H0354,P002,2025-12-01,1,1,33,33.0
H0354_P002_202601,H0354,P002,2026-01-01,1,2,54,27.0
H0354_P002_202602,H0354,P002,2026-02-01,1,1,50,50.0
H0354_P002_202603,H0354,P002,2026-03-01,1,2,80,40.0
H0354_P004_202509,H0354,P004,2025-09-01,1,3,90,30.0
H0354_P004_202512,H0354,P004,2025-12-01,1,1,33,33.0
H0354_P005_202507,H0354,P005,2025-07-01,1,1,44,44.0
H0355_P001_202506,H0355,P001,2025-06-01,1,1,29,29.0
H0355_P001_202507,H0355,P001,2025-07-01,1,1,36,36.0
H0355_P001_202508,H0355,P001,2025-08-01,1,2,62,31.0
H0355_P001_202509,H0355,P001,2025-09-01,1,3,144,48.0
H0355_P001_202510,H0355,P001,2025-10-01,1,2,112,56.0
H0355_P001_202511,H0355,P001,2025-11-01,1,3,72,24.0
H0355_P001_202512,H0355,P001,2025-12-01,1,1,57,57.0
H0355_P001_202601,H0355,P001,2026-01-01,1,1,28,28.0
H0355_P001_202602,H0355,P001,2026-02-01,1,1,40,40.0
H0355_P001_202603,H0355,P001,2026-03-01,1,1,26,26.0
H0355_P002_202506,H0355,P002,2025-06-01,1,1,54,54.0
H0355_P002_202601,H0355,P002,2026-01-01,1,1,60,60.0
H0355_P002_202602,H0355,P002,2026-02-01,1,1,31,31.0
H0355_P003_202507,H0355,P003,2025-07-01,1,1,43,43.0
H0355_P003_202508,H0355,P003,2025-08-01,1,2,84,42.0
H0355_P003_202511,H0355,P003,2025-11-01,1,1,50,50.0
H0355_P003_202602,H0355,P003,2026-02-01,1,1,28,28.0
H0355_P003_202603,H0355,P003,2026-03-01,1,2,40,20.0
H0355_P004_202506,H0355,P004,2025-06-01,1,2,108,54.0
H0355_P004_202507,H0355,P004,2025-07-01,1,1,23,23.0
H0355_P004_202508,H0355,P004,2025-08-01,1,1,50,50.0
H0355_P004_202509,H0355,P004,2025-09-01,1,2,68,34.0
H0355_P004_202510,H0355,P004,2025-10-01,1,1,52,52.0
H0355_P004_202601,H0355,P004,2026-01-01,1,1,44,44.0
H0355_P004_202602,H0355,P004,2026-02-01,1,1,29,29.0
H0355_P004_202603,H0355,P004,2026-03-01,1,1,24,24.0
H0355_P005_202512,H0355,P005,2025-12-01,1,1,36,36.0
H0355_P005_202601,H0355,P005,2026-01-01,1,1,51,51.0
H0355_P005_202602,H0355,P005,2026-02-01,1,1,30,30.0
H0355_P005_202603,H0355,P005,2026-03-01,1,1,53,53.0
H0356_P001_202506,H0356,P001,2025-06-01,1,2,116,58.0
H0356_P001_202507,H0356,P001,2025-07-01,1,3,108,36.0
H0356_P001_202508,H0356,P001,2025-08-01,1,2,44,22.0
H0356_P001_202509,H0356,P001,2025-09-01,1,3,72,24.0
H0356_P001_202511,H0356,P001,2025-11-01,1,2,50,25.0
H0356_P001_202512,H0356,P001,2025-12-01,1,2,76,38.0
H0356_P001_202601,H0356,P001,2026-01-01,1,3,138,46.0
H0356_P001_202602,H0356,P001,2026-02-01,1,4,192,48.0
H0356_P001_202603,H0356,P001,2026-03-01,1,2,50,25.0
H0356_P002_202506,H0356,P002,2025-06-01,1,3,111,37.0
H0356_P002_202507,H0356,P002,2025-07-01,1,3,93,31.0
H0356_P002_202508,H0356,P002,2025-08-01,1,1,40,40.0
H0356_P002_202509,H0356,P002,2025-09-01,1,1,46,46.0
H0356_P002_202510,H0356,P002,2025-10-01,1,1,22,22.0
H0356_P002_202511,H0356,P002,2025-11-01,1,2,48,24.0
H0356_P002_202512,H0356,P002,2025-12-01,1,4,168,42.0
H0356_P002_202602,H0356,P002,2026-02-01,1,2,56,28.0
H0356_P002_202603,H0356,P002,2026-03-01,1,4,224,56.0
H0356_P003_202506,H0356,P003,2025-06-01,1,5,245,49.0
H0356_P003_202507,H0356,P003,2025-07-01,1,6,324,54.0
H0356_P003_202508,H0356,P003,2025-08-01,1,4,96,24.0
H0356_P003_202509,H0356,P003,2025-09-01,1,3,168,56.0
H0356_P003_202510,H0356,P003,2025-10-01,1,6,210,35.0
H0356_P003_202511,H0356,P003,2025-11-01,1,6,210,35.0
H0356_P003_202512,H0356,P003,2025-12-01,1,4,124,31.0
H0356_P003_202601,H0356,P003,2026-01-01,1,4,240,60.0
H0356_P003_202602,H0356,P003,2026-02-01,1,3,180,60.0
H0356_P003_202603,H0356,P003,2026-03-01,1,3,150,50.0
H0356_P004_202509,H0356,P004,2025-09-01,1,2,50,25.0
H0356_P004_202511,H0356,P004,2025-11-01,1,3,69,23.0
H0356_P004_202512,H0356,P004,2025-12-01,1,2,42,21.0
H0356_P004_202602,H0356,P004,2026-02-01,1,1,27,27.0
H0356_P005_202506,H0356,P005,2025-06-01,1,7,161,23.0
H0356_P005_202508,H0356,P005,2025-08-01,1,1,26,26.0
H0356_P005_202509,H0356,P005,2025-09-01,1,7,378,54.0
H0356_P005_202510,H0356,P005,2025-10-01,1,1,36,36.0
H0356_P005_202511,H0356,P005,2025-11-01,1,4,180,45.0
H0356_P005_202512,H0356,P005,2025-12-01,1,3,159,53.0
H0356_P005_202601,H0356,P005,2026-01-01,1,4,208,52.0
H0356_P005_202602,H0356,P005,2026-02-01,1,3,99,33.0
H0356_P005_202603,H0356,P005,2026-03-01,1,5,210,42.0
H0357_P001_202506,H0357,P001,2025-06-01,1,1,52,52.0
H0357_P001_202507,H0357,P001,2025-07-01,1,3,165,55.0
H0357_P001_202508,H0357,P001,2025-08-01,1,1,54,54.0
H0357_P001_202509,H0357,P001,2025-09-01,1,2,102,51.0
H0357_P001_202511,H0357,P001,2025-11-01,1,1,44,44.0
H0357_P001_202512,H0357,P001,2025-12-01,1,4,140,35.0
H0357_P001_202601,H0357,P001,2026-01-01,1,1,30,30.0
H0357_P001_202602,H0357,P001,2026-02-01,1,3,63,21.0
H0357_P001_202603,H0357,P001,2026-03-01,1,2,80,40.0
H0357_P002_202506,H0357,P002,2025-06-01,1,2,104,52.0
H0357_P002_202507,H0357,P002,2025-07-01,1,2,82,41.0
H0357_P002_202508,H0357,P002,2025-08-01,1,2,112,56.0
H0357_P002_202509,H0357,P002,2025-09-01,1,4,124,31.0
H0357_P002_202510,H0357,P002,2025-10-01,1,2,94,47.0
H0357_P002_202511,H0357,P002,2025-11-01,1,3,147,49.0
H0357_P002_202512,H0357,P002,2025-12-01,1,5,280,56.0
H0357_P002_202602,H0357,P002,2026-02-01,1,1,27,27.0
H0357_P002_202603,H0357,P002,2026-03-01,1,2,70,35.0
H0357_P005_202509,H0357,P005,2025-09-01,1,1,41,41.0
H0357_P005_202602,H0357,P005,2026-02-01,1,1,47,47.0
H0358_P001_202506,H0358,P001,2025-06-01,1,3,144,48.0
H0358_P001_202507,H0358,P001,2025-07-01,1,3,126,42.0
H0358_P001_202508,H0358,P001,2025-08-01,1,2,54,27.0
H0358_P001_202510,H0358,P001,2025-10-01,1,1,43,43.0
H0358_P001_202511,H0358,P001,2025-11-01,1,1,30,30.0
H0358_P001_202601,H0358,P001,2026-01-01,1,3,162,54.0
H0358_P001_202602,H0358,P001,2026-02-01,1,2,56,28.0
H0358_P001_202603,H0358,P001,2026-03-01,1,1,30,30.0
H0358_P002_202506,H0358,P002,2025-06-01,1,1,40,40.0
H0358_P002_202508,H0358,P002,2025-08-01,1,2,106,53.0
H0358_P002_202512,H0358,P002,2025-12-01,1,2,50,25.0
H0358_P002_202603,H0358,P002,2026-03-01,1,1,49,49.0
H0358_P003_202506,H0358,P003,2025-06-01,1,5,115,23.0
H0358_P003_202507,H0358,P003,2025-07-01,1,1,59,59.0
H0358_P003_202508,H0358,P003,2025-08-01,1,5,130,26.0
H0358_P003_202509,H0358,P003,2025-09-01,1,2,106,53.0
H0358_P003_202510,H0358,P003,2025-10-01,1,5,290,58.0
H0358_P003_202512,H0358,P003,2025-12-01,1,1,38,38.0
H0358_P003_202601,H0358,P003,2026-01-01,1,1,48,48.0
H0358_P003_202602,H0358,P003,2026-02-01,1,3,141,47.0
H0358_P003_202603,H0358,P003,2026-03-01,1,4,188,47.0
H0358_P004_202506,H0358,P004,2025-06-01,1,2,86,43.0
H0358_P004_202507,H0358,P004,2025-07-01,1,1,21,21.0
H0358_P004_202509,H0358,P004,2025-09-01,1,1,45,45.0
H0358_P004_202510,H0358,P004,2025-10-01,1,2,58,29.0
H0358_P004_202511,H0358,P004,2025-11-01,1,1,36,36.0
H0358_P004_202512,H0358,P004,2025-12-01,1,1,33,33.0
H0358_P004_202601,H0358,P004,2026-01-01,1,2,108,54.0
H0358_P004_202603,H0358,P004,2026-03-01,1,1,29,29.0
H0358_P005_202512,H0358,P005,2025-12-01,1,1,56,56.0
H0359_P001_202506,H0359,P001,2025-06-01,1,1,54,54.0
H0359_P001_202507,H0359,P001,2025-07-01,1,1,31,31.0
H0359_P001_202508,H0359,P001,2025-08-01,1,2,82,41.0
H0359_P001_202509,H0359,P001,2025-09-01,1,2,66,33.0
H0359_P001_202511,H0359,P001,2025-11-01,1,3,90,30.0
H0359_P001_202602,H0359,P001,2026-02-01,1,1,47,47.0
H0359_P002_202507,H0359,P002,2025-07-01,1,1,37,37.0
H0359_P003_202507,H0359,P003,2025-07-01,1,1,23,23.0
H0359_P003_202510,H0359,P003,2025-10-01,1,1,37,37.0
H0359_P003_202512,H0359,P003,2025-12-01,1,2,104,52.0
H0359_P004_202507,H0359,P004,2025-07-01,1,1,36,36.0
H0359_P005_202506,H0359,P005,2025-06-01,1,2,64,32.0
H0359_P005_202508,H0359,P005,2025-08-01,1,1,40,40.0
H0359_P005_202511,H0359,P005,2025-11-01,1,1,33,33.0
H0359_P005_202603,H0359,P005,2026-03-01,1,1,39,39.0
H0360_P001_202506,H0360,P001,2025-06-01,1,1,39,39.0
H0360_P001_202507,H0360,P001,2025-07-01,1,1,21,21.0
H0360_P001_202509,H0360,P001,2025-09-01,1,1,48,48.0
H0360_P001_202601,H0360,P001,2026-01-01,1,1,26,26.0
H0360_P001_202602,H0360,P001,2026-02-01,1,1,33,33.0
H0360_P004_202506,H0360,P004,2025-06-01,1,2,62,31.0
H0360_P004_202507,H0360,P004,2025-07-01,1,1,23,23.0
H0360_P004_202508,H0360,P004,2025-08-01,1,1,58,58.0
H0360_P004_202509,H0360,P004,2025-09-01,1,2,46,23.0
H0360_P004_202510,H0360,P004,2025-10-01,1,3,156,52.0
H0360_P004_202511,H0360,P004,2025-11-01,1,2,102,51.0
H0360_P004_202601,H0360,P004,2026-01-01,1,1,54,54.0
H0360_P004_202602,H0360,P004,2026-02-01,1,2,44,22.0
H0360_P004_202603,H0360,P004,2026-03-01,1,1,51,51.0
H0360_P005_202506,H0360,P005,2025-06-01,1,2,108,54.0
H0360_P005_202507,H0360,P005,2025-07-01,1,1,24,24.0
H0360_P005_202508,H0360,P005,2025-08-01,1,3,129,43.0
H0360_P005_202509,H0360,P005,2025-09-01,1,2,102,51.0
H0360_P005_202511,H0360,P005,2025-11-01,1,2,118,59.0
H0360_P005_202512,H0360,P005,2025-12-01,1,1,59,59.0
H0360_P005_202601,H0360,P005,2026-01-01,1,2,100,50.0
H0360_P005_202602,H0360,P005,2026-02-01,1,2,94,47.0
H0361_P001_202506,H0361,P001,2025-06-01,1,1,28,28.0
H0361_P001_202507,H0361,P001,2025-07-01,1,2,44,22.0
H0361_P001_202508,H0361,P001,2025-08-01,1,1,20,20.0
H0361_P001_202509,H0361,P001,2025-09-01,1,3,114,38.0
H0361_P001_202510,H0361,P001,2025-10-01,1,3,135,45.0
H0361_P001_202511,H0361,P001,2025-11-01,1,2,50,25.0
H0361_P001_202512,H0361,P001,2025-12-01,1,4,196,49.0
H0361_P001_202601,H0361,P001,2026-01-01,1,3,153,51.0
H0361_P001_202602,H0361,P001,2026-02-01,1,1,47,47.0
H0361_P001_202603,H0361,P001,2026-03-01,1,4,176,44.0
H0361_P002_202511,H0361,P002,2025-11-01,1,1,30,30.0
H0361_P002_202512,H0361,P002,2025-12-01,1,2,84,42.0
H0361_P002_202601,H0361,P002,2026-01-01,1,2,86,43.0
H0361_P002_202602,H0361,P002,2026-02-01,1,1,25,25.0
H0361_P002_202603,H0361,P002,2026-03-01,1,3,162,54.0
H0361_P003_202506,H0361,P003,2025-06-01,1,4,108,27.0
H0361_P003_202507,H0361,P003,2025-07-01,1,1,52,52.0
H0361_P003_202508,H0361,P003,2025-08-01,1,2,74,37.0
H0361_P003_202509,H0361,P003,2025-09-01,1,3,78,26.0
H0361_P003_202510,H0361,P003,2025-10-01,1,4,196,49.0
H0361_P003_202511,H0361,P003,2025-11-01,1,1,54,54.0
H0361_P003_202512,H0361,P003,2025-12-01,1,4,128,32.0
H0361_P003_202602,H0361,P003,2026-02-01,1,5,165,33.0
H0361_P003_202603,H0361,P003,2026-03-01,1,2,96,48.0
H0361_P004_202506,H0361,P004,2025-06-01,1,1,27,27.0
H0361_P004_202507,H0361,P004,2025-07-01,1,1,25,25.0
H0361_P004_202510,H0361,P004,2025-10-01,1,2,82,41.0
H0361_P004_202511,H0361,P004,2025-11-01,1,1,39,39.0
H0361_P004_202512,H0361,P004,2025-12-01,1,4,80,20.0
H0361_P004_202603,H0361,P004,2026-03-01,1,1,28,28.0
H0361_P005_202506,H0361,P005,2025-06-01,1,2,108,54.0
H0361_P005_202507,H0361,P005,2025-07-01,1,3,75,25.0
H0361_P005_202508,H0361,P005,2025-08-01,1,4,156,39.0
H0361_P005_202509,H0361,P005,2025-09-01,1,3,159,53.0
H0361_P005_202510,H0361,P005,2025-10-01,1,3,129,43.0
H0361_P005_202511,H0361,P005,2025-11-01,1,3,117,39.0
H0361_P005_202512,H0361,P005,2025-12-01,1,1,50,50.0
H0361_P005_202602,H0361,P005,2026-02-01,1,1,20,20.0
H0361_P005_202603,H0361,P005,2026-03-01,1,1,59,59.0
H0362_P001_202506,H0362,P001,2025-06-01,1,2,108,54.0
H0362_P001_202507,H0362,P001,2025-07-01,1,3,108,36.0
H0362_P001_202509,H0362,P001,2025-09-01,1,2,110,55.0
H0362_P001_202510,H0362,P001,2025-10-01,1,7,336,48.0
H0362_P001_202511,H0362,P001,2025-11-01,1,1,52,52.0
H0362_P001_202601,H0362,P001,2026-01-01,1,2,100,50.0
H0362_P001_202602,H0362,P001,2026-02-01,1,2,98,49.0
H0362_P001_202603,H0362,P001,2026-03-01,1,2,82,41.0
H0362_P002_202506,H0362,P002,2025-06-01,1,2,110,55.0
H0362_P002_202507,H0362,P002,2025-07-01,1,2,54,27.0
H0362_P002_202508,H0362,P002,2025-08-01,1,1,24,24.0
H0362_P002_202509,H0362,P002,2025-09-01,1,1,34,34.0
H0362_P002_202510,H0362,P002,2025-10-01,1,2,102,51.0
H0362_P002_202511,H0362,P002,2025-11-01,1,2,78,39.0
H0362_P002_202512,H0362,P002,2025-12-01,1,2,66,33.0
H0362_P002_202601,H0362,P002,2026-01-01,1,2,98,49.0
H0362_P002_202602,H0362,P002,2026-02-01,1,2,96,48.0
H0362_P003_202507,H0362,P003,2025-07-01,1,2,52,26.0
H0362_P003_202508,H0362,P003,2025-08-01,1,1,24,24.0
H0362_P003_202509,H0362,P003,2025-09-01,1,1,21,21.0
H0362_P003_202601,H0362,P003,2026-01-01,1,1,42,42.0
H0362_P003_202602,H0362,P003,2026-02-01,1,3,177,59.0
H0362_P003_202603,H0362,P003,2026-03-01,1,3,87,29.0
H0362_P004_202506,H0362,P004,2025-06-01,1,4,232,58.0
H0362_P004_202507,H0362,P004,2025-07-01,1,3,75,25.0
H0362_P004_202508,H0362,P004,2025-08-01,1,4,124,31.0
H0362_P004_202509,H0362,P004,2025-09-01,1,3,141,47.0
H0362_P004_202511,H0362,P004,2025-11-01,1,2,66,33.0
H0362_P004_202512,H0362,P004,2025-12-01,1,2,120,60.0
H0362_P004_202601,H0362,P004,2026-01-01,1,7,322,46.0
H0362_P004_202602,H0362,P004,2026-02-01,1,1,31,31.0
H0362_P004_202603,H0362,P004,2026-03-01,1,4,132,33.0
H0362_P005_202506,H0362,P005,2025-06-01,1,1,46,46.0
H0362_P005_202507,H0362,P005,2025-07-01,1,2,100,50.0
H0362_P005_202508,H0362,P005,2025-08-01,1,1,37,37.0
H0362_P005_202509,H0362,P005,2025-09-01,1,2,54,27.0
H0362_P005_202510,H0362,P005,2025-10-01,1,1,29,29.0
H0362_P005_202511,H0362,P005,2025-11-01,1,2,66,33.0
H0362_P005_202601,H0362,P005,2026-01-01,1,2,112,56.0
H0362_P005_202602,H0362,P005,2026-02-01,1,1,49,49.0
H0362_P005_202603,H0362,P005,2026-03-01,1,2,110,55.0
H0363_P001_202507,H0363,P001,2025-07-01,1,2,116,58.0
H0363_P001_202508,H0363,P001,2025-08-01,1,1,52,52.0
H0363_P001_202509,H0363,P001,2025-09-01,1,1,49,49.0
H0363_P001_202510,H0363,P001,2025-10-01,1,1,46,46.0
H0363_P001_202601,H0363,P001,2026-01-01,1,1,21,21.0
H0363_P001_202602,H0363,P001,2026-02-01,1,2,46,23.0
H0363_P001_202603,H0363,P001,2026-03-01,1,2,116,58.0
H0363_P002_202509,H0363,P002,2025-09-01,1,3,126,42.0
H0363_P002_202510,H0363,P002,2025-10-01,1,1,57,57.0
H0363_P002_202601,H0363,P002,2026-01-01,1,1,37,37.0
H0363_P002_202602,H0363,P002,2026-02-01,1,1,45,45.0
H0363_P003_202506,H0363,P003,2025-06-01,1,2,120,60.0
H0363_P003_202507,H0363,P003,2025-07-01,1,3,144,48.0
H0363_P003_202508,H0363,P003,2025-08-01,1,3,147,49.0
H0363_P003_202509,H0363,P003,2025-09-01,1,4,88,22.0
H0363_P003_202510,H0363,P003,2025-10-01,1,4,220,55.0
H0363_P003_202511,H0363,P003,2025-11-01,1,1,41,41.0
H0363_P003_202512,H0363,P003,2025-12-01,1,7,357,51.0
H0363_P003_202601,H0363,P003,2026-01-01,1,3,66,22.0
H0363_P003_202602,H0363,P003,2026-02-01,1,7,357,51.0
H0363_P003_202603,H0363,P003,2026-03-01,1,2,72,36.0
H0363_P004_202507,H0363,P004,2025-07-01,1,3,150,50.0
H0363_P004_202508,H0363,P004,2025-08-01,1,1,30,30.0
H0363_P004_202509,H0363,P004,2025-09-01,1,2,114,57.0
H0363_P004_202510,H0363,P004,2025-10-01,1,1,42,42.0
H0363_P004_202512,H0363,P004,2025-12-01,1,3,111,37.0
H0363_P004_202601,H0363,P004,2026-01-01,1,2,86,43.0
H0363_P004_202602,H0363,P004,2026-02-01,1,3,93,31.0
H0363_P004_202603,H0363,P004,2026-03-01,1,1,37,37.0
H0363_P005_202509,H0363,P005,2025-09-01,1,2,42,21.0
H0363_P005_202510,H0363,P005,2025-10-01,1,1,44,44.0
H0363_P005_202511,H0363,P005,2025-11-01,1,1,43,43.0
H0364_P001_202506,H0364,P001,2025-06-01,1,1,54,54.0
H0364_P001_202508,H0364,P001,2025-08-01,1,1,26,26.0
H0364_P001_202509,H0364,P001,2025-09-01,1,2,96,48.0
H0364_P001_202511,H0364,P001,2025-11-01,1,3,114,38.0
H0364_P001_202512,H0364,P001,2025-12-01,1,2,66,33.0
H0364_P001_202602,H0364,P001,2026-02-01,1,1,36,36.0
H0364_P001_202603,H0364,P001,2026-03-01,1,1,28,28.0
H0364_P003_202507,H0364,P003,2025-07-01,1,2,58,29.0
H0364_P003_202509,H0364,P003,2025-09-01,1,1,36,36.0
H0364_P003_202512,H0364,P003,2025-12-01,1,2,62,31.0
H0364_P003_202603,H0364,P003,2026-03-01,1,3,162,54.0
H0364_P004_202506,H0364,P004,2025-06-01,1,1,59,59.0
H0364_P004_202512,H0364,P004,2025-12-01,1,1,44,44.0
H0364_P004_202603,H0364,P004,2026-03-01,1,2,42,21.0
H0364_P005_202506,H0364,P005,2025-06-01,1,1,28,28.0
H0364_P005_202507,H0364,P005,2025-07-01,1,3,126,42.0
H0364_P005_202508,H0364,P005,2025-08-01,1,2,48,24.0
H0364_P005_202510,H0364,P005,2025-10-01,1,1,57,57.0
H0364_P005_202511,H0364,P005,2025-11-01,1,1,27,27.0
H0364_P005_202512,H0364,P005,2025-12-01,1,1,26,26.0
H0364_P005_202601,H0364,P005,2026-01-01,1,1,22,22.0
H0365_P001_202506,H0365,P001,2025-06-01,1,1,47,47.0
H0365_P001_202510,H0365,P001,2025-10-01,1,2,48,24.0
H0365_P001_202511,H0365,P001,2025-11-01,1,2,98,49.0
H0365_P002_202508,H0365,P002,2025-08-01,1,1,34,34.0
H0365_P002_202512,H0365,P002,2025-12-01,1,1,45,45.0
H0365_P003_202510,H0365,P003,2025-10-01,1,1,33,33.0
H0365_P003_202602,H0365,P003,2026-02-01,1,1,38,38.0
H0365_P004_202602,H0365,P004,2026-02-01,1,1,29,29.0
H0365_P005_202510,H0365,P005,2025-10-01,1,1,24,24.0
H0365_P005_202511,H0365,P005,2025-11-01,1,1,51,51.0
H0365_P005_202512,H0365,P005,2025-12-01,1,1,58,58.0
H0365_P005_202601,H0365,P005,2026-01-01,1,1,43,43.0
H0366_P001_202506,H0366,P001,2025-06-01,1,1,41,41.0
H0366_P001_202508,H0366,P001,2025-08-01,1,1,31,31.0
H0366_P001_202509,H0366,P001,2025-09-01,1,1,30,30.0
H0366_P001_202511,H0366,P001,2025-11-01,1,2,48,24.0
H0366_P001_202512,H0366,P001,2025-12-01,1,1,52,52.0
H0366_P001_202602,H0366,P001,2026-02-01,1,1,28,28.0
H0366_P002_202508,H0366,P002,2025-08-01,1,1,20,20.0
H0366_P002_202510,H0366,P002,2025-10-01,1,1,32,32.0
H0366_P002_202512,H0366,P002,2025-12-01,1,1,44,44.0
H0366_P003_202506,H0366,P003,2025-06-01,1,1,29,29.0
H0366_P003_202510,H0366,P003,2025-10-01,1,1,52,52.0
H0366_P003_202511,H0366,P003,2025-11-01,1,2,108,54.0
H0366_P003_202512,H0366,P003,2025-12-01,1,1,51,51.0
H0366_P003_202601,H0366,P003,2026-01-01,1,3,174,58.0
H0366_P004_202507,H0366,P004,2025-07-01,1,1,39,39.0
H0366_P004_202508,H0366,P004,2025-08-01,1,1,34,34.0
H0366_P004_202509,H0366,P004,2025-09-01,1,1,45,45.0
H0366_P004_202510,H0366,P004,2025-10-01,1,1,43,43.0
H0366_P004_202601,H0366,P004,2026-01-01,1,2,46,23.0
H0366_P004_202603,H0366,P004,2026-03-01,1,1,33,33.0
H0366_P005_202507,H0366,P005,2025-07-01,1,1,57,57.0
H0366_P005_202510,H0366,P005,2025-10-01,1,1,26,26.0
H0366_P005_202602,H0366,P005,2026-02-01,1,1,48,48.0
H0368_P001_202506,H0368,P001,2025-06-01,1,2,88,44.0
H0368_P001_202507,H0368,P001,2025-07-01,1,1,60,60.0
H0368_P001_202510,H0368,P001,2025-10-01,1,1,30,30.0
H0368_P001_202511,H0368,P001,2025-11-01,1,4,96,24.0
H0368_P001_202603,H0368,P001,2026-03-01,1,1,58,58.0
H0368_P002_202509,H0368,P002,2025-09-01,1,1,59,59.0
H0368_P002_202510,H0368,P002,2025-10-01,1,1,35,35.0
H0368_P002_202511,H0368,P002,2025-11-01,1,2,120,60.0
H0368_P002_202512,H0368,P002,2025-12-01,1,1,52,52.0
H0368_P002_202602,H0368,P002,2026-02-01,1,1,35,35.0
H0368_P002_202603,H0368,P002,2026-03-01,1,1,53,53.0
H0368_P003_202507,H0368,P003,2025-07-01,1,1,54,54.0
H0368_P003_202509,H0368,P003,2025-09-01,1,2,58,29.0
H0368_P003_202510,H0368,P003,2025-10-01,1,2,96,48.0
H0368_P003_202511,H0368,P003,2025-11-01,1,1,37,37.0
H0368_P003_202601,H0368,P003,2026-01-01,1,2,68,34.0
H0368_P003_202602,H0368,P003,2026-02-01,1,1,34,34.0
H0368_P003_202603,H0368,P003,2026-03-01,1,2,120,60.0
H0368_P004_202511,H0368,P004,2025-11-01,1,1,20,20.0
H0368_P004_202512,H0368,P004,2025-12-01,1,1,49,49.0
H0368_P004_202602,H0368,P004,2026-02-01,1,1,20,20.0
H0368_P005_202506,H0368,P005,2025-06-01,1,1,31,31.0
H0368_P005_202509,H0368,P005,2025-09-01,1,1,22,22.0
H0369_P001_202507,H0369,P001,2025-07-01,1,1,48,48.0
H0369_P001_202509,H0369,P001,2025-09-01,1,1,49,49.0
H0369_P001_202510,H0369,P001,2025-10-01,1,2,60,30.0
H0369_P001_202511,H0369,P001,2025-11-01,1,1,27,27.0
H0369_P001_202602,H0369,P001,2026-02-01,1,1,47,47.0
H0369_P001_202603,H0369,P001,2026-03-01,1,3,177,59.0
H0369_P002_202506,H0369,P002,2025-06-01,1,4,116,29.0
H0369_P002_202507,H0369,P002,2025-07-01,1,1,52,52.0
H0369_P002_202508,H0369,P002,2025-08-01,1,1,42,42.0
H0369_P002_202509,H0369,P002,2025-09-01,1,1,50,50.0
H0369_P002_202510,H0369,P002,2025-10-01,1,1,32,32.0
H0369_P002_202511,H0369,P002,2025-11-01,1,1,53,53.0
H0369_P002_202512,H0369,P002,2025-12-01,1,4,180,45.0
H0369_P002_202603,H0369,P002,2026-03-01,1,1,38,38.0
H0369_P003_202506,H0369,P003,2025-06-01,1,1,56,56.0
H0369_P003_202507,H0369,P003,2025-07-01,1,1,20,20.0
H0369_P003_202508,H0369,P003,2025-08-01,1,1,55,55.0
H0369_P003_202510,H0369,P003,2025-10-01,1,1,33,33.0
H0369_P004_202506,H0369,P004,2025-06-01,1,4,208,52.0
H0369_P004_202507,H0369,P004,2025-07-01,1,7,203,29.0
H0369_P004_202508,H0369,P004,2025-08-01,1,4,136,34.0
H0369_P004_202509,H0369,P004,2025-09-01,1,3,78,26.0
H0369_P004_202510,H0369,P004,2025-10-01,1,2,66,33.0
H0369_P004_202511,H0369,P004,2025-11-01,1,1,31,31.0
H0369_P004_202512,H0369,P004,2025-12-01,1,5,275,55.0
H0369_P004_202601,H0369,P004,2026-01-01,1,2,104,52.0
H0369_P005_202506,H0369,P005,2025-06-01,1,10,340,34.0
H0369_P005_202507,H0369,P005,2025-07-01,1,10,590,59.0
H0369_P005_202508,H0369,P005,2025-08-01,1,6,168,28.0
H0369_P005_202509,H0369,P005,2025-09-01,1,9,432,48.0
H0369_P005_202510,H0369,P005,2025-10-01,1,5,270,54.0
H0369_P005_202511,H0369,P005,2025-11-01,1,6,144,24.0
H0369_P005_202512,H0369,P005,2025-12-01,1,7,280,40.0
H0369_P005_202601,H0369,P005,2026-01-01,1,7,210,30.0
H0369_P005_202602,H0369,P005,2026-02-01,1,7,280,40.0
H0369_P005_202603,H0369,P005,2026-03-01,1,8,376,47.0
H0370_P001_202506,H0370,P001,2025-06-01,1,4,200,50.0
H0370_P001_202507,H0370,P001,2025-07-01,1,3,162,54.0
H0370_P001_202508,H0370,P001,2025-08-01,1,6,300,50.0
H0370_P001_202509,H0370,P001,2025-09-01,1,4,156,39.0
H0370_P001_202510,H0370,P001,2025-10-01,1,5,285,57.0
H0370_P001_202511,H0370,P001,2025-11-01,1,6,144,24.0
H0370_P001_202512,H0370,P001,2025-12-01,1,4,164,41.0
H0370_P001_202601,H0370,P001,2026-01-01,1,4,228,57.0
H0370_P001_202602,H0370,P001,2026-02-01,1,2,116,58.0
H0370_P001_202603,H0370,P001,2026-03-01,1,6,210,35.0
H0370_P002_202506,H0370,P002,2025-06-01,1,6,120,20.0
H0370_P002_202507,H0370,P002,2025-07-01,1,3,129,43.0
H0370_P002_202508,H0370,P002,2025-08-01,1,8,232,29.0
H0370_P002_202509,H0370,P002,2025-09-01,1,3,63,21.0
H0370_P002_202510,H0370,P002,2025-10-01,1,4,176,44.0
H0370_P002_202511,H0370,P002,2025-11-01,1,5,115,23.0
H0370_P002_202512,H0370,P002,2025-12-01,1,5,130,26.0
H0370_P002_202601,H0370,P002,2026-01-01,1,5,100,20.0
H0370_P002_202602,H0370,P002,2026-02-01,1,5,230,46.0
H0370_P002_202603,H0370,P002,2026-03-01,1,3,180,60.0
H0370_P003_202506,H0370,P003,2025-06-01,1,2,80,40.0
H0370_P003_202508,H0370,P003,2025-08-01,1,1,39,39.0
H0370_P003_202509,H0370,P003,2025-09-01,1,5,220,44.0
H0370_P003_202510,H0370,P003,2025-10-01,1,2,114,57.0
H0370_P003_202511,H0370,P003,2025-11-01,1,2,120,60.0
H0370_P003_202602,H0370,P003,2026-02-01,1,1,32,32.0
H0370_P003_202603,H0370,P003,2026-03-01,1,3,141,47.0
H0370_P004_202506,H0370,P004,2025-06-01,1,2,48,24.0
H0370_P004_202508,H0370,P004,2025-08-01,1,2,118,59.0
H0370_P004_202509,H0370,P004,2025-09-01,1,1,48,48.0
H0370_P004_202511,H0370,P004,2025-11-01,1,2,116,58.0
H0370_P004_202512,H0370,P004,2025-12-01,1,2,120,60.0
H0370_P004_202602,H0370,P004,2026-02-01,1,2,46,23.0
H0370_P004_202603,H0370,P004,2026-03-01,1,3,156,52.0
H0370_P005_202506,H0370,P005,2025-06-01,1,2,48,24.0
H0370_P005_202507,H0370,P005,2025-07-01,1,3,138,46.0
H0370_P005_202508,H0370,P005,2025-08-01,1,1,20,20.0
H0370_P005_202510,H0370,P005,2025-10-01,1,1,53,53.0
H0371_P001_202506,H0371,P001,2025-06-01,1,2,44,22.0
H0371_P001_202507,H0371,P001,2025-07-01,1,3,105,35.0
H0371_P001_202509,H0371,P001,2025-09-01,1,1,36,36.0
H0371_P001_202510,H0371,P001,2025-10-01,1,2,84,42.0
H0371_P001_202511,H0371,P001,2025-11-01,1,1,59,59.0
H0371_P001_202512,H0371,P001,2025-12-01,1,2,116,58.0
H0371_P001_202601,H0371,P001,2026-01-01,1,4,212,53.0
H0371_P001_202602,H0371,P001,2026-02-01,1,2,106,53.0
H0371_P001_202603,H0371,P001,2026-03-01,1,2,92,46.0
H0371_P002_202506,H0371,P002,2025-06-01,1,4,156,39.0
H0371_P002_202507,H0371,P002,2025-07-01,1,3,114,38.0
H0371_P002_202508,H0371,P002,2025-08-01,1,1,56,56.0
H0371_P002_202509,H0371,P002,2025-09-01,1,2,112,56.0
H0371_P002_202510,H0371,P002,2025-10-01,1,3,123,41.0
H0371_P002_202511,H0371,P002,2025-11-01,1,2,106,53.0
H0371_P002_202512,H0371,P002,2025-12-01,1,1,32,32.0
H0371_P002_202601,H0371,P002,2026-01-01,1,2,74,37.0
H0371_P002_202602,H0371,P002,2026-02-01,1,1,21,21.0
H0371_P003_202506,H0371,P003,2025-06-01,1,1,58,58.0
H0371_P003_202507,H0371,P003,2025-07-01,1,2,98,49.0
H0371_P003_202508,H0371,P003,2025-08-01,1,2,98,49.0
H0371_P003_202510,H0371,P003,2025-10-01,1,1,56,56.0
H0371_P003_202512,H0371,P003,2025-12-01,1,2,42,21.0
H0371_P003_202601,H0371,P003,2026-01-01,1,2,58,29.0
H0371_P003_202602,H0371,P003,2026-02-01,1,5,115,23.0
H0371_P003_202603,H0371,P003,2026-03-01,1,3,174,58.0
H0371_P004_202506,H0371,P004,2025-06-01,1,6,234,39.0
H0371_P004_202507,H0371,P004,2025-07-01,1,4,184,46.0
H0371_P004_202508,H0371,P004,2025-08-01,1,1,55,55.0
H0371_P004_202509,H0371,P004,2025-09-01,1,1,37,37.0
H0371_P004_202510,H0371,P004,2025-10-01,1,3,84,28.0
H0371_P004_202511,H0371,P004,2025-11-01,1,1,48,48.0
H0371_P004_202512,H0371,P004,2025-12-01,1,6,180,30.0
H0371_P004_202601,H0371,P004,2026-01-01,1,7,147,21.0
H0371_P004_202602,H0371,P004,2026-02-01,1,2,90,45.0
H0371_P005_202506,H0371,P005,2025-06-01,1,2,40,20.0
H0371_P005_202507,H0371,P005,2025-07-01,1,1,26,26.0
H0371_P005_202508,H0371,P005,2025-08-01,1,1,25,25.0
H0371_P005_202509,H0371,P005,2025-09-01,1,2,48,24.0
H0371_P005_202510,H0371,P005,2025-10-01,1,3,81,27.0
H0371_P005_202511,H0371,P005,2025-11-01,1,2,92,46.0
H0371_P005_202512,H0371,P005,2025-12-01,1,1,40,40.0
H0371_P005_202601,H0371,P005,2026-01-01,1,4,144,36.0
H0371_P005_202602,H0371,P005,2026-02-01,1,2,44,22.0
H0371_P005_202603,H0371,P005,2026-03-01,1,1,60,60.0
H0372_P002_202507,H0372,P002,2025-07-01,1,3,75,25.0
H0372_P002_202509,H0372,P002,2025-09-01,1,1,47,47.0
H0372_P002_202511,H0372,P002,2025-11-01,1,1,32,32.0
H0372_P002_202602,H0372,P002,2026-02-01,1,1,50,50.0
H0372_P003_202506,H0372,P003,2025-06-01,1,1,30,30.0
H0372_P003_202507,H0372,P003,2025-07-01,1,4,168,42.0
H0372_P003_202508,H0372,P003,2025-08-01,1,1,44,44.0
H0372_P003_202510,H0372,P003,2025-10-01,1,3,135,45.0
H0372_P003_202511,H0372,P003,2025-11-01,1,1,24,24.0
H0372_P003_202512,H0372,P003,2025-12-01,1,4,228,57.0
H0372_P003_202601,H0372,P003,2026-01-01,1,3,156,52.0
H0372_P003_202602,H0372,P003,2026-02-01,1,2,106,53.0
H0372_P003_202603,H0372,P003,2026-03-01,1,5,180,36.0
H0372_P004_202506,H0372,P004,2025-06-01,1,4,232,58.0
H0372_P004_202507,H0372,P004,2025-07-01,1,1,54,54.0
H0372_P004_202508,H0372,P004,2025-08-01,1,3,72,24.0
H0372_P004_202511,H0372,P004,2025-11-01,1,1,29,29.0
H0372_P004_202512,H0372,P004,2025-12-01,1,2,40,20.0
H0372_P004_202601,H0372,P004,2026-01-01,1,2,102,51.0
H0372_P004_202602,H0372,P004,2026-02-01,1,3,141,47.0
H0372_P004_202603,H0372,P004,2026-03-01,1,2,90,45.0
H0372_P005_202506,H0372,P005,2025-06-01,1,2,78,39.0
H0372_P005_202508,H0372,P005,2025-08-01,1,1,42,42.0
H0372_P005_202509,H0372,P005,2025-09-01,1,2,90,45.0
H0372_P005_202510,H0372,P005,2025-10-01,1,1,30,30.0
H0372_P005_202511,H0372,P005,2025-11-01,1,1,27,27.0
H0372_P005_202512,H0372,P005,2025-12-01,1,1,48,48.0
H0372_P005_202601,H0372,P005,2026-01-01,1,2,76,38.0
H0372_P005_202603,H0372,P005,2026-03-01,1,1,53,53.0
H0373_P001_202506,H0373,P001,2025-06-01,1,5,290,58.0
H0373_P001_202507,H0373,P001,2025-07-01,1,5,140,28.0
H0373_P001_202508,H0373,P001,2025-08-01,1,6,306,51.0
H0373_P001_202509,H0373,P001,2025-09-01,1,4,84,21.0
H0373_P001_202510,H0373,P001,2025-10-01,1,11,462,42.0
H0373_P001_202511,H0373,P001,2025-11-01,1,7,420,60.0
H0373_P001_202512,H0373,P001,2025-12-01,1,3,132,44.0
H0373_P001_202601,H0373,P001,2026-01-01,1,6,270,45.0
H0373_P001_202602,H0373,P001,2026-02-01,1,4,188,47.0
H0373_P001_202603,H0373,P001,2026-03-01,1,6,342,57.0
H0373_P002_202506,H0373,P002,2025-06-01,1,2,102,51.0
H0373_P002_202507,H0373,P002,2025-07-01,1,2,92,46.0
H0373_P002_202508,H0373,P002,2025-08-01,1,4,144,36.0
H0373_P002_202509,H0373,P002,2025-09-01,1,4,176,44.0
H0373_P002_202510,H0373,P002,2025-10-01,1,2,108,54.0
H0373_P002_202511,H0373,P002,2025-11-01,1,3,129,43.0
H0373_P002_202512,H0373,P002,2025-12-01,1,4,108,27.0
H0373_P002_202601,H0373,P002,2026-01-01,1,3,177,59.0
H0373_P002_202602,H0373,P002,2026-02-01,1,2,54,27.0
H0373_P003_202506,H0373,P003,2025-06-01,1,5,240,48.0
H0373_P003_202507,H0373,P003,2025-07-01,1,2,118,59.0
H0373_P003_202508,H0373,P003,2025-08-01,1,5,230,46.0
H0373_P003_202509,H0373,P003,2025-09-01,1,4,80,20.0
H0373_P003_202510,H0373,P003,2025-10-01,1,1,48,48.0
H0373_P003_202512,H0373,P003,2025-12-01,1,1,54,54.0
H0373_P003_202601,H0373,P003,2026-01-01,1,3,75,25.0
H0373_P003_202602,H0373,P003,2026-02-01,1,3,117,39.0
H0373_P003_202603,H0373,P003,2026-03-01,1,2,50,25.0
H0373_P004_202506,H0373,P004,2025-06-01,1,1,31,31.0
H0373_P004_202507,H0373,P004,2025-07-01,1,1,32,32.0
H0373_P004_202508,H0373,P004,2025-08-01,1,3,171,57.0
H0373_P004_202509,H0373,P004,2025-09-01,1,1,51,51.0
H0373_P004_202510,H0373,P004,2025-10-01,1,4,116,29.0
H0373_P004_202511,H0373,P004,2025-11-01,1,4,164,41.0
H0373_P004_202512,H0373,P004,2025-12-01,1,2,106,53.0
H0373_P004_202601,H0373,P004,2026-01-01,1,2,98,49.0
H0373_P004_202602,H0373,P004,2026-02-01,1,1,58,58.0
H0373_P004_202603,H0373,P004,2026-03-01,1,1,60,60.0
H0373_P005_202506,H0373,P005,2025-06-01,1,7,357,51.0
H0373_P005_202507,H0373,P005,2025-07-01,1,5,145,29.0
H0373_P005_202508,H0373,P005,2025-08-01,1,6,216,36.0
H0373_P005_202509,H0373,P005,2025-09-01,1,11,561,51.0
H0373_P005_202510,H0373,P005,2025-10-01,1,3,138,46.0
H0373_P005_202511,H0373,P005,2025-11-01,1,9,495,55.0
H0373_P005_202512,H0373,P005,2025-12-01,1,5,240,48.0
H0373_P005_202601,H0373,P005,2026-01-01,1,5,285,57.0
H0373_P005_202602,H0373,P005,2026-02-01,1,8,256,32.0
H0373_P005_202603,H0373,P005,2026-03-01,1,3,159,53.0
H0374_P001_202507,H0374,P001,2025-07-01,1,1,22,22.0
H0374_P001_202508,H0374,P001,2025-08-01,1,1,49,49.0
H0374_P001_202509,H0374,P001,2025-09-01,1,1,48,48.0
H0374_P001_202511,H0374,P001,2025-11-01,1,2,66,33.0
H0374_P001_202512,H0374,P001,2025-12-01,1,2,54,27.0
H0374_P001_202602,H0374,P001,2026-02-01,1,2,48,24.0
H0374_P002_202506,H0374,P002,2025-06-01,1,1,20,20.0
H0374_P002_202508,H0374,P002,2025-08-01,1,2,88,44.0
H0374_P002_202509,H0374,P002,2025-09-01,1,1,47,47.0
H0374_P002_202510,H0374,P002,2025-10-01,1,1,22,22.0
H0374_P002_202512,H0374,P002,2025-12-01,1,2,116,58.0
H0374_P002_202603,H0374,P002,2026-03-01,1,2,66,33.0
H0374_P003_202509,H0374,P003,2025-09-01,1,2,112,56.0
H0374_P003_202511,H0374,P003,2025-11-01,1,1,36,36.0
H0374_P003_202601,H0374,P003,2026-01-01,1,1,23,23.0
H0374_P003_202602,H0374,P003,2026-02-01,1,3,69,23.0
H0374_P004_202506,H0374,P004,2025-06-01,1,2,114,57.0
H0374_P004_202507,H0374,P004,2025-07-01,1,3,87,29.0
H0374_P004_202508,H0374,P004,2025-08-01,1,3,144,48.0
H0374_P004_202509,H0374,P004,2025-09-01,1,1,33,33.0
H0374_P004_202510,H0374,P004,2025-10-01,1,6,198,33.0
H0374_P004_202511,H0374,P004,2025-11-01,1,2,86,43.0
H0374_P004_202512,H0374,P004,2025-12-01,1,4,204,51.0
H0374_P004_202601,H0374,P004,2026-01-01,1,3,153,51.0
H0374_P004_202602,H0374,P004,2026-02-01,1,4,184,46.0
H0374_P004_202603,H0374,P004,2026-03-01,1,3,102,34.0
H0374_P005_202510,H0374,P005,2025-10-01,1,1,34,34.0
H0374_P005_202511,H0374,P005,2025-11-01,1,2,50,25.0
H0374_P005_202601,H0374,P005,2026-01-01,1,1,45,45.0
H0375_P001_202511,H0375,P001,2025-11-01,1,1,35,35.0
H0375_P001_202512,H0375,P001,2025-12-01,1,1,46,46.0
H0375_P001_202601,H0375,P001,2026-01-01,1,1,50,50.0
H0375_P001_202603,H0375,P001,2026-03-01,1,2,54,27.0
H0375_P005_202507,H0375,P005,2025-07-01,1,1,41,41.0
H0375_P005_202509,H0375,P005,2025-09-01,1,1,27,27.0
H0375_P005_202510,H0375,P005,2025-10-01,1,1,48,48.0
H0375_P005_202601,H0375,P005,2026-01-01,1,1,32,32.0
H0376_P001_202506,H0376,P001,2025-06-01,1,1,35,35.0
H0376_P001_202507,H0376,P001,2025-07-01,1,2,92,46.0
H0376_P001_202508,H0376,P001,2025-08-01,1,1,43,43.0
H0376_P002_202507,H0376,P002,2025-07-01,1,1,23,23.0
H0376_P002_202508,H0376,P002,2025-08-01,1,2,116,58.0
H0376_P002_202510,H0376,P002,2025-10-01,1,1,21,21.0
H0376_P002_202511,H0376,P002,2025-11-01,1,1,41,41.0
H0376_P002_202603,H0376,P002,2026-03-01,1,1,22,22.0
H0376_P003_202506,H0376,P003,2025-06-01,1,3,93,31.0
H0376_P003_202507,H0376,P003,2025-07-01,1,1,56,56.0
H0376_P003_202510,H0376,P003,2025-10-01,1,2,88,44.0
H0376_P003_202511,H0376,P003,2025-11-01,1,1,38,38.0
H0376_P003_202512,H0376,P003,2025-12-01,1,2,94,47.0
H0376_P003_202602,H0376,P003,2026-02-01,1,1,26,26.0
H0376_P003_202603,H0376,P003,2026-03-01,1,2,116,58.0
H0376_P004_202508,H0376,P004,2025-08-01,1,3,75,25.0
H0376_P004_202509,H0376,P004,2025-09-01,1,2,56,28.0
H0376_P004_202510,H0376,P004,2025-10-01,1,1,26,26.0
H0376_P004_202511,H0376,P004,2025-11-01,1,4,84,21.0
H0376_P004_202512,H0376,P004,2025-12-01,1,2,40,20.0
H0376_P004_202601,H0376,P004,2026-01-01,1,3,63,21.0
H0376_P004_202602,H0376,P004,2026-02-01,1,2,104,52.0
H0376_P004_202603,H0376,P004,2026-03-01,1,1,51,51.0
H0376_P005_202507,H0376,P005,2025-07-01,1,1,23,23.0
H0376_P005_202510,H0376,P005,2025-10-01,1,1,28,28.0
H0376_P005_202512,H0376,P005,2025-12-01,1,3,174,58.0
H0376_P005_202601,H0376,P005,2026-01-01,1,2,118,59.0
H0377_P001_202506,H0377,P001,2025-06-01,1,2,68,34.0
H0377_P001_202507,H0377,P001,2025-07-01,1,1,27,27.0
H0377_P001_202508,H0377,P001,2025-08-01,1,4,180,45.0
H0377_P001_202510,H0377,P001,2025-10-01,1,1,44,44.0
H0377_P001_202511,H0377,P001,2025-11-01,1,1,58,58.0
H0377_P001_202512,H0377,P001,2025-12-01,1,1,56,56.0
H0377_P001_202601,H0377,P001,2026-01-01,1,2,110,55.0
H0377_P001_202602,H0377,P001,2026-02-01,1,1,37,37.0
H0377_P001_202603,H0377,P001,2026-03-01,1,1,44,44.0
H0377_P002_202506,H0377,P002,2025-06-01,1,1,42,42.0
H0377_P002_202507,H0377,P002,2025-07-01,1,1,37,37.0
H0377_P002_202508,H0377,P002,2025-08-01,1,1,26,26.0
H0377_P002_202601,H0377,P002,2026-01-01,1,1,52,52.0
H0377_P002_202603,H0377,P002,2026-03-01,1,1,36,36.0
H0377_P003_202506,H0377,P003,2025-06-01,1,3,174,58.0
H0377_P003_202507,H0377,P003,2025-07-01,1,1,38,38.0
H0377_P003_202508,H0377,P003,2025-08-01,1,1,54,54.0
H0377_P003_202510,H0377,P003,2025-10-01,1,2,68,34.0
H0377_P003_202601,H0377,P003,2026-01-01,1,2,84,42.0
H0377_P004_202507,H0377,P004,2025-07-01,1,1,21,21.0
H0377_P004_202509,H0377,P004,2025-09-01,1,1,31,31.0
H0377_P004_202510,H0377,P004,2025-10-01,1,1,34,34.0
H0377_P004_202511,H0377,P004,2025-11-01,1,1,41,41.0
H0377_P004_202601,H0377,P004,2026-01-01,1,1,40,40.0
H0377_P004_202602,H0377,P004,2026-02-01,1,2,86,43.0
H0377_P004_202603,H0377,P004,2026-03-01,1,1,36,36.0
H0377_P005_202506,H0377,P005,2025-06-01,1,3,132,44.0
H0377_P005_202507,H0377,P005,2025-07-01,1,1,22,22.0
H0377_P005_202508,H0377,P005,2025-08-01,1,5,175,35.0
H0377_P005_202509,H0377,P005,2025-09-01,1,3,69,23.0
H0377_P005_202510,H0377,P005,2025-10-01,1,2,98,49.0
H0377_P005_202511,H0377,P005,2025-11-01,1,3,63,21.0
H0377_P005_202601,H0377,P005,2026-01-01,1,3,138,46.0
H0377_P005_202602,H0377,P005,2026-02-01,1,2,82,41.0
H0377_P005_202603,H0377,P005,2026-03-01,1,3,171,57.0
H0378_P001_202506,H0378,P001,2025-06-01,1,3,156,52.0
H0378_P001_202507,H0378,P001,2025-07-01,1,2,76,38.0
H0378_P001_202508,H0378,P001,2025-08-01,1,2,64,32.0
H0378_P001_202509,H0378,P001,2025-09-01,1,2,76,38.0
H0378_P001_202511,H0378,P001,2025-11-01,1,5,180,36.0
H0378_P001_202512,H0378,P001,2025-12-01,1,2,60,30.0
H0378_P001_202601,H0378,P001,2026-01-01,1,2,116,58.0
H0378_P001_202602,H0378,P001,2026-02-01,1,3,111,37.0
H0378_P001_202603,H0378,P001,2026-03-01,1,1,60,60.0
H0378_P002_202506,H0378,P002,2025-06-01,1,2,86,43.0
H0378_P002_202507,H0378,P002,2025-07-01,1,2,68,34.0
H0378_P002_202508,H0378,P002,2025-08-01,1,2,70,35.0
H0378_P002_202509,H0378,P002,2025-09-01,1,2,64,32.0
H0378_P002_202510,H0378,P002,2025-10-01,1,4,216,54.0
H0378_P002_202512,H0378,P002,2025-12-01,1,1,40,40.0
H0378_P002_202601,H0378,P002,2026-01-01,1,1,35,35.0
H0378_P002_202602,H0378,P002,2026-02-01,1,2,58,29.0
H0378_P002_202603,H0378,P002,2026-03-01,1,2,96,48.0
H0378_P003_202506,H0378,P003,2025-06-01,1,8,376,47.0
H0378_P003_202507,H0378,P003,2025-07-01,1,5,215,43.0
H0378_P003_202509,H0378,P003,2025-09-01,1,9,360,40.0
H0378_P003_202510,H0378,P003,2025-10-01,1,5,280,56.0
H0378_P003_202511,H0378,P003,2025-11-01,1,5,120,24.0
H0378_P003_202512,H0378,P003,2025-12-01,1,4,216,54.0
H0378_P003_202601,H0378,P003,2026-01-01,1,7,301,43.0
H0378_P003_202602,H0378,P003,2026-02-01,1,7,371,53.0
H0378_P003_202603,H0378,P003,2026-03-01,1,6,306,51.0
H0378_P004_202506,H0378,P004,2025-06-01,1,2,46,23.0
H0378_P004_202507,H0378,P004,2025-07-01,1,5,115,23.0
H0378_P004_202508,H0378,P004,2025-08-01,1,3,180,60.0
H0378_P004_202509,H0378,P004,2025-09-01,1,6,150,25.0
H0378_P004_202510,H0378,P004,2025-10-01,1,4,104,26.0
H0378_P004_202511,H0378,P004,2025-11-01,1,3,99,33.0
H0378_P004_202512,H0378,P004,2025-12-01,1,2,108,54.0
H0378_P004_202601,H0378,P004,2026-01-01,1,1,58,58.0
H0378_P004_202602,H0378,P004,2026-02-01,1,3,126,42.0
H0378_P004_202603,H0378,P004,2026-03-01,1,4,156,39.0
H0378_P005_202506,H0378,P005,2025-06-01,1,3,156,52.0
H0378_P005_202507,H0378,P005,2025-07-01,1,2,108,54.0
H0378_P005_202508,H0378,P005,2025-08-01,1,4,136,34.0
H0378_P005_202509,H0378,P005,2025-09-01,1,1,45,45.0
H0378_P005_202510,H0378,P005,2025-10-01,1,2,86,43.0
H0378_P005_202511,H0378,P005,2025-11-01,1,1,37,37.0
H0378_P005_202512,H0378,P005,2025-12-01,1,1,41,41.0
H0378_P005_202601,H0378,P005,2026-01-01,1,5,230,46.0
H0378_P005_202602,H0378,P005,2026-02-01,1,2,74,37.0
H0379_P001_202506,H0379,P001,2025-06-01,1,6,300,50.0
H0379_P001_202507,H0379,P001,2025-07-01,1,2,92,46.0
H0379_P001_202509,H0379,P001,2025-09-01,1,2,80,40.0
H0379_P001_202510,H0379,P001,2025-10-01,1,1,48,48.0
H0379_P001_202511,H0379,P001,2025-11-01,1,1,28,28.0
H0379_P001_202601,H0379,P001,2026-01-01,1,1,36,36.0
H0379_P001_202602,H0379,P001,2026-02-01,1,2,114,57.0
H0379_P001_202603,H0379,P001,2026-03-01,1,3,102,34.0
H0379_P002_202506,H0379,P002,2025-06-01,1,2,118,59.0
H0379_P002_202509,H0379,P002,2025-09-01,1,1,56,56.0
H0379_P002_202510,H0379,P002,2025-10-01,1,1,48,48.0
H0379_P002_202511,H0379,P002,2025-11-01,1,2,54,27.0
H0379_P002_202512,H0379,P002,2025-12-01,1,2,78,39.0
H0379_P002_202601,H0379,P002,2026-01-01,1,2,48,24.0
H0379_P002_202602,H0379,P002,2026-02-01,1,1,22,22.0
H0379_P002_202603,H0379,P002,2026-03-01,1,2,68,34.0
H0379_P003_202506,H0379,P003,2025-06-01,1,2,98,49.0
H0379_P003_202507,H0379,P003,2025-07-01,1,1,27,27.0
H0379_P003_202508,H0379,P003,2025-08-01,1,2,62,31.0
H0379_P003_202509,H0379,P003,2025-09-01,1,5,200,40.0
H0379_P003_202511,H0379,P003,2025-11-01,1,3,144,48.0
H0379_P003_202512,H0379,P003,2025-12-01,1,4,120,30.0
H0379_P003_202601,H0379,P003,2026-01-01,1,3,99,33.0
H0379_P003_202602,H0379,P003,2026-02-01,1,5,190,38.0
H0379_P003_202603,H0379,P003,2026-03-01,1,3,159,53.0
H0379_P004_202507,H0379,P004,2025-07-01,1,2,78,39.0
H0379_P004_202508,H0379,P004,2025-08-01,1,1,39,39.0
H0379_P004_202509,H0379,P004,2025-09-01,1,2,102,51.0
H0379_P004_202510,H0379,P004,2025-10-01,1,2,68,34.0
H0379_P004_202601,H0379,P004,2026-01-01,1,1,52,52.0
H0379_P004_202602,H0379,P004,2026-02-01,1,1,24,24.0
H0379_P004_202603,H0379,P004,2026-03-01,1,1,37,37.0
H0379_P005_202507,H0379,P005,2025-07-01,1,1,41,41.0
H0379_P005_202508,H0379,P005,2025-08-01,1,1,58,58.0
H0379_P005_202509,H0379,P005,2025-09-01,1,1,39,39.0
H0379_P005_202511,H0379,P005,2025-11-01,1,3,177,59.0
H0379_P005_202512,H0379,P005,2025-12-01,1,1,38,38.0
H0379_P005_202601,H0379,P005,2026-01-01,1,1,35,35.0
H0379_P005_202602,H0379,P005,2026-02-01,1,2,58,29.0
H0379_P005_202603,H0379,P005,2026-03-01,1,1,32,32.0
H0381_P001_202506,H0381,P001,2025-06-01,1,3,93,31.0
H0381_P001_202507,H0381,P001,2025-07-01,1,4,96,24.0
H0381_P001_202508,H0381,P001,2025-08-01,1,3,159,53.0
H0381_P001_202509,H0381,P001,2025-09-01,1,2,88,44.0
H0381_P001_202510,H0381,P001,2025-10-01,1,5,300,60.0
H0381_P001_202511,H0381,P001,2025-11-01,1,4,212,53.0
H0381_P001_202512,H0381,P001,2025-12-01,1,2,58,29.0
H0381_P001_202601,H0381,P001,2026-01-01,1,6,168,28.0
H0381_P001_202602,H0381,P001,2026-02-01,1,2,110,55.0
H0381_P001_202603,H0381,P001,2026-03-01,1,3,99,33.0
H0381_P002_202508,H0381,P002,2025-08-01,1,1,29,29.0
H0381_P002_202511,H0381,P002,2025-11-01,1,2,74,37.0
H0381_P002_202602,H0381,P002,2026-02-01,1,1,29,29.0
H0381_P002_202603,H0381,P002,2026-03-01,1,1,58,58.0
H0381_P003_202601,H0381,P003,2026-01-01,1,1,41,41.0
H0381_P003_202603,H0381,P003,2026-03-01,1,1,54,54.0
H0381_P005_202506,H0381,P005,2025-06-01,1,3,96,32.0
H0381_P005_202507,H0381,P005,2025-07-01,1,5,195,39.0
H0381_P005_202508,H0381,P005,2025-08-01,1,3,138,46.0
H0381_P005_202509,H0381,P005,2025-09-01,1,1,45,45.0
H0381_P005_202510,H0381,P005,2025-10-01,1,4,96,24.0
H0381_P005_202511,H0381,P005,2025-11-01,1,2,108,54.0
H0381_P005_202512,H0381,P005,2025-12-01,1,6,210,35.0
H0381_P005_202601,H0381,P005,2026-01-01,1,5,125,25.0
H0381_P005_202602,H0381,P005,2026-02-01,1,5,295,59.0
H0381_P005_202603,H0381,P005,2026-03-01,1,2,74,37.0
H0382_P001_202511,H0382,P001,2025-11-01,1,1,50,50.0
H0382_P001_202601,H0382,P001,2026-01-01,1,1,52,52.0
H0382_P001_202603,H0382,P001,2026-03-01,1,1,41,41.0
H0382_P002_202507,H0382,P002,2025-07-01,1,1,24,24.0
H0382_P002_202509,H0382,P002,2025-09-01,1,1,24,24.0
H0382_P002_202510,H0382,P002,2025-10-01,1,1,34,34.0
H0382_P004_202506,H0382,P004,2025-06-01,1,1,21,21.0
H0382_P004_202507,H0382,P004,2025-07-01,1,2,76,38.0
H0382_P004_202508,H0382,P004,2025-08-01,1,4,108,27.0
H0382_P004_202509,H0382,P004,2025-09-01,1,4,96,24.0
H0382_P004_202510,H0382,P004,2025-10-01,1,1,56,56.0
H0382_P004_202511,H0382,P004,2025-11-01,1,3,150,50.0
H0382_P004_202512,H0382,P004,2025-12-01,1,4,240,60.0
H0382_P004_202601,H0382,P004,2026-01-01,1,2,100,50.0
H0382_P004_202602,H0382,P004,2026-02-01,1,1,26,26.0
H0382_P004_202603,H0382,P004,2026-03-01,1,1,44,44.0
H0382_P005_202508,H0382,P005,2025-08-01,1,1,29,29.0
H0382_P005_202509,H0382,P005,2025-09-01,1,1,27,27.0
H0382_P005_202511,H0382,P005,2025-11-01,1,2,56,28.0
H0382_P005_202512,H0382,P005,2025-12-01,1,1,21,21.0
H0383_P001_202506,H0383,P001,2025-06-01,1,1,43,43.0
H0383_P001_202509,H0383,P001,2025-09-01,1,1,42,42.0
H0383_P001_202510,H0383,P001,2025-10-01,1,2,42,21.0
H0383_P001_202511,H0383,P001,2025-11-01,1,2,88,44.0
H0383_P001_202512,H0383,P001,2025-12-01,1,1,22,22.0
H0383_P001_202602,H0383,P001,2026-02-01,1,4,96,24.0
H0383_P001_202603,H0383,P001,2026-03-01,1,1,44,44.0
H0383_P002_202507,H0383,P002,2025-07-01,1,2,100,50.0
H0383_P002_202508,H0383,P002,2025-08-01,1,1,23,23.0
H0383_P002_202509,H0383,P002,2025-09-01,1,2,86,43.0
H0383_P002_202510,H0383,P002,2025-10-01,1,2,104,52.0
H0383_P002_202511,H0383,P002,2025-11-01,1,2,76,38.0
H0383_P002_202512,H0383,P002,2025-12-01,1,2,52,26.0
H0383_P002_202601,H0383,P002,2026-01-01,1,2,80,40.0
H0383_P002_202602,H0383,P002,2026-02-01,1,2,82,41.0
H0383_P002_202603,H0383,P002,2026-03-01,1,2,78,39.0
H0383_P003_202506,H0383,P003,2025-06-01,1,4,212,53.0
H0383_P003_202507,H0383,P003,2025-07-01,1,2,114,57.0
H0383_P003_202508,H0383,P003,2025-08-01,1,1,52,52.0
H0383_P003_202509,H0383,P003,2025-09-01,1,3,102,34.0
H0383_P003_202510,H0383,P003,2025-10-01,1,6,336,56.0
H0383_P003_202511,H0383,P003,2025-11-01,1,2,114,57.0
H0383_P003_202512,H0383,P003,2025-12-01,1,2,64,32.0
H0383_P003_202601,H0383,P003,2026-01-01,1,3,93,31.0
H0383_P004_202506,H0383,P004,2025-06-01,1,2,90,45.0
H0383_P004_202507,H0383,P004,2025-07-01,1,2,114,57.0
H0383_P004_202508,H0383,P004,2025-08-01,1,1,55,55.0
H0383_P004_202509,H0383,P004,2025-09-01,1,6,222,37.0
H0383_P004_202510,H0383,P004,2025-10-01,1,3,60,20.0
H0383_P004_202511,H0383,P004,2025-11-01,1,1,40,40.0
H0383_P004_202512,H0383,P004,2025-12-01,1,1,21,21.0
H0383_P004_202602,H0383,P004,2026-02-01,1,4,148,37.0
H0383_P004_202603,H0383,P004,2026-03-01,1,2,92,46.0
H0383_P005_202506,H0383,P005,2025-06-01,1,2,68,34.0
H0383_P005_202507,H0383,P005,2025-07-01,1,2,80,40.0
H0383_P005_202508,H0383,P005,2025-08-01,1,2,98,49.0
H0383_P005_202509,H0383,P005,2025-09-01,1,3,99,33.0
H0383_P005_202510,H0383,P005,2025-10-01,1,1,60,60.0
H0383_P005_202512,H0383,P005,2025-12-01,1,3,120,40.0
H0383_P005_202601,H0383,P005,2026-01-01,1,2,88,44.0
H0383_P005_202602,H0383,P005,2026-02-01,1,5,230,46.0
H0383_P005_202603,H0383,P005,2026-03-01,1,2,120,60.0
H0385_P001_202507,H0385,P001,2025-07-01,1,1,33,33.0
H0385_P001_202508,H0385,P001,2025-08-01,1,1,45,45.0
H0385_P001_202509,H0385,P001,2025-09-01,1,1,22,22.0
H0385_P001_202511,H0385,P001,2025-11-01,1,1,42,42.0
H0385_P001_202601,H0385,P001,2026-01-01,1,1,55,55.0
H0385_P001_202602,H0385,P001,2026-02-01,1,1,52,52.0
H0385_P002_202506,H0385,P002,2025-06-01,1,1,47,47.0
H0385_P002_202507,H0385,P002,2025-07-01,1,2,58,29.0
H0385_P002_202510,H0385,P002,2025-10-01,1,1,51,51.0
H0385_P002_202511,H0385,P002,2025-11-01,1,3,132,44.0
H0385_P002_202601,H0385,P002,2026-01-01,1,1,50,50.0
H0385_P002_202603,H0385,P002,2026-03-01,1,2,40,20.0
H0385_P003_202506,H0385,P003,2025-06-01,1,1,30,30.0
H0385_P003_202508,H0385,P003,2025-08-01,1,1,24,24.0
H0385_P003_202510,H0385,P003,2025-10-01,1,3,72,24.0
H0385_P003_202511,H0385,P003,2025-11-01,1,1,40,40.0
H0385_P003_202512,H0385,P003,2025-12-01,1,1,20,20.0
H0385_P003_202601,H0385,P003,2026-01-01,1,2,102,51.0
H0385_P003_202602,H0385,P003,2026-02-01,1,2,70,35.0
H0385_P003_202603,H0385,P003,2026-03-01,1,3,84,28.0
H0385_P004_202507,H0385,P004,2025-07-01,1,1,39,39.0
H0385_P004_202508,H0385,P004,2025-08-01,1,2,82,41.0
H0385_P004_202509,H0385,P004,2025-09-01,1,4,92,23.0
H0385_P004_202510,H0385,P004,2025-10-01,1,5,190,38.0
H0385_P004_202511,H0385,P004,2025-11-01,1,3,129,43.0
H0385_P004_202512,H0385,P004,2025-12-01,1,1,28,28.0
H0385_P004_202601,H0385,P004,2026-01-01,1,5,300,60.0
H0385_P004_202602,H0385,P004,2026-02-01,1,5,220,44.0
H0385_P004_202603,H0385,P004,2026-03-01,1,4,160,40.0
H0385_P005_202506,H0385,P005,2025-06-01,1,4,228,57.0
H0385_P005_202507,H0385,P005,2025-07-01,1,2,42,21.0
H0385_P005_202508,H0385,P005,2025-08-01,1,3,99,33.0
H0385_P005_202509,H0385,P005,2025-09-01,1,2,66,33.0
H0385_P005_202510,H0385,P005,2025-10-01,1,3,84,28.0
H0385_P005_202512,H0385,P005,2025-12-01,1,1,45,45.0
H0385_P005_202601,H0385,P005,2026-01-01,1,2,108,54.0
H0385_P005_202602,H0385,P005,2026-02-01,1,2,84,42.0
H0385_P005_202603,H0385,P005,2026-03-01,1,1,49,49.0
H0386_P001_202506,H0386,P001,2025-06-01,1,1,55,55.0
H0386_P001_202508,H0386,P001,2025-08-01,1,3,111,37.0
H0386_P001_202509,H0386,P001,2025-09-01,1,2,118,59.0
H0386_P001_202511,H0386,P001,2025-11-01,1,1,48,48.0
H0386_P001_202601,H0386,P001,2026-01-01,1,2,44,22.0
H0386_P001_202603,H0386,P001,2026-03-01,1,1,37,37.0
H0386_P002_202506,H0386,P002,2025-06-01,1,1,41,41.0
H0386_P002_202509,H0386,P002,2025-09-01,1,1,31,31.0
H0386_P002_202510,H0386,P002,2025-10-01,1,1,59,59.0
H0386_P002_202511,H0386,P002,2025-11-01,1,1,40,40.0
H0386_P002_202512,H0386,P002,2025-12-01,1,1,54,54.0
H0386_P002_202601,H0386,P002,2026-01-01,1,1,58,58.0
H0386_P002_202602,H0386,P002,2026-02-01,1,1,48,48.0
H0386_P003_202507,H0386,P003,2025-07-01,1,1,41,41.0
H0386_P003_202512,H0386,P003,2025-12-01,1,1,51,51.0
H0386_P003_202601,H0386,P003,2026-01-01,1,1,21,21.0
H0386_P003_202602,H0386,P003,2026-02-01,1,3,165,55.0
H0386_P003_202603,H0386,P003,2026-03-01,1,2,86,43.0
H0386_P005_202506,H0386,P005,2025-06-01,1,1,54,54.0
H0386_P005_202507,H0386,P005,2025-07-01,1,1,30,30.0
H0386_P005_202508,H0386,P005,2025-08-01,1,1,55,55.0
H0386_P005_202512,H0386,P005,2025-12-01,1,1,43,43.0
H0386_P005_202602,H0386,P005,2026-02-01,1,1,60,60.0
H0386_P005_202603,H0386,P005,2026-03-01,1,1,56,56.0
H0387_P001_202506,H0387,P001,2025-06-01,1,4,208,52.0
H0387_P001_202508,H0387,P001,2025-08-01,1,1,56,56.0
H0387_P001_202509,H0387,P001,2025-09-01,1,1,59,59.0
H0387_P001_202510,H0387,P001,2025-10-01,1,1,43,43.0
H0387_P001_202511,H0387,P001,2025-11-01,1,2,114,57.0
H0387_P001_202512,H0387,P001,2025-12-01,1,2,104,52.0
H0387_P001_202601,H0387,P001,2026-01-01,1,2,72,36.0
H0387_P001_202602,H0387,P001,2026-02-01,1,1,51,51.0
H0387_P001_202603,H0387,P001,2026-03-01,1,1,30,30.0
H0387_P002_202506,H0387,P002,2025-06-01,1,1,56,56.0
H0387_P002_202507,H0387,P002,2025-07-01,1,4,220,55.0
H0387_P002_202508,H0387,P002,2025-08-01,1,4,176,44.0
H0387_P002_202509,H0387,P002,2025-09-01,1,4,200,50.0
H0387_P002_202510,H0387,P002,2025-10-01,1,5,230,46.0
H0387_P002_202511,H0387,P002,2025-11-01,1,7,364,52.0
H0387_P002_202512,H0387,P002,2025-12-01,1,6,276,46.0
H0387_P002_202601,H0387,P002,2026-01-01,1,7,413,59.0
H0387_P002_202602,H0387,P002,2026-02-01,1,5,135,27.0
H0387_P002_202603,H0387,P002,2026-03-01,1,5,115,23.0
H0387_P003_202506,H0387,P003,2025-06-01,1,2,78,39.0
H0387_P003_202507,H0387,P003,2025-07-01,1,1,21,21.0
H0387_P003_202508,H0387,P003,2025-08-01,1,4,176,44.0
H0387_P003_202509,H0387,P003,2025-09-01,1,1,42,42.0
H0387_P003_202511,H0387,P003,2025-11-01,1,3,63,21.0
H0387_P003_202512,H0387,P003,2025-12-01,1,1,33,33.0
H0387_P003_202601,H0387,P003,2026-01-01,1,2,70,35.0
H0387_P003_202603,H0387,P003,2026-03-01,1,1,32,32.0
H0387_P004_202506,H0387,P004,2025-06-01,1,1,41,41.0
H0387_P004_202508,H0387,P004,2025-08-01,1,1,32,32.0
H0387_P004_202510,H0387,P004,2025-10-01,1,3,75,25.0
H0387_P004_202512,H0387,P004,2025-12-01,1,1,35,35.0
H0387_P004_202602,H0387,P004,2026-02-01,1,2,100,50.0
H0387_P004_202603,H0387,P004,2026-03-01,1,1,25,25.0
H0387_P005_202506,H0387,P005,2025-06-01,1,1,45,45.0
H0387_P005_202507,H0387,P005,2025-07-01,1,5,265,53.0
H0387_P005_202508,H0387,P005,2025-08-01,1,2,72,36.0
H0387_P005_202509,H0387,P005,2025-09-01,1,6,120,20.0
H0387_P005_202510,H0387,P005,2025-10-01,1,5,145,29.0
H0387_P005_202512,H0387,P005,2025-12-01,1,2,98,49.0
H0387_P005_202601,H0387,P005,2026-01-01,1,7,364,52.0
H0387_P005_202602,H0387,P005,2026-02-01,1,5,230,46.0
H0387_P005_202603,H0387,P005,2026-03-01,1,2,110,55.0
H0388_P001_202506,H0388,P001,2025-06-01,1,2,72,36.0
H0388_P001_202509,H0388,P001,2025-09-01,1,1,56,56.0
H0388_P001_202510,H0388,P001,2025-10-01,1,1,21,21.0
H0388_P001_202602,H0388,P001,2026-02-01,1,1,45,45.0
H0388_P001_202603,H0388,P001,2026-03-01,1,1,46,46.0
H0388_P002_202506,H0388,P002,2025-06-01,1,1,51,51.0
H0388_P002_202507,H0388,P002,2025-07-01,1,1,41,41.0
H0388_P002_202510,H0388,P002,2025-10-01,1,3,84,28.0
H0388_P002_202511,H0388,P002,2025-11-01,1,1,34,34.0
H0388_P002_202512,H0388,P002,2025-12-01,1,2,76,38.0
H0388_P002_202602,H0388,P002,2026-02-01,1,2,60,30.0
H0388_P003_202507,H0388,P003,2025-07-01,1,1,33,33.0
H0388_P003_202508,H0388,P003,2025-08-01,1,1,50,50.0
H0388_P003_202510,H0388,P003,2025-10-01,1,4,224,56.0
H0388_P003_202512,H0388,P003,2025-12-01,1,1,29,29.0
H0388_P003_202602,H0388,P003,2026-02-01,1,1,29,29.0
H0388_P004_202506,H0388,P004,2025-06-01,1,3,75,25.0
H0388_P004_202507,H0388,P004,2025-07-01,1,4,120,30.0
H0388_P004_202508,H0388,P004,2025-08-01,1,1,54,54.0
H0388_P004_202509,H0388,P004,2025-09-01,1,4,172,43.0
H0388_P004_202510,H0388,P004,2025-10-01,1,6,216,36.0
H0388_P004_202511,H0388,P004,2025-11-01,1,3,129,43.0
H0388_P004_202512,H0388,P004,2025-12-01,1,3,174,58.0
H0388_P004_202601,H0388,P004,2026-01-01,1,2,84,42.0
H0388_P004_202602,H0388,P004,2026-02-01,1,4,120,30.0
H0388_P004_202603,H0388,P004,2026-03-01,1,3,72,24.0
H0388_P005_202506,H0388,P005,2025-06-01,1,4,196,49.0
H0388_P005_202508,H0388,P005,2025-08-01,1,4,124,31.0
H0388_P005_202509,H0388,P005,2025-09-01,1,4,104,26.0
H0388_P005_202510,H0388,P005,2025-10-01,1,5,300,60.0
H0388_P005_202511,H0388,P005,2025-11-01,1,3,69,23.0
H0388_P005_202512,H0388,P005,2025-12-01,1,5,255,51.0
H0388_P005_202601,H0388,P005,2026-01-01,1,3,84,28.0
H0388_P005_202602,H0388,P005,2026-02-01,1,3,99,33.0
H0388_P005_202603,H0388,P005,2026-03-01,1,4,104,26.0
H0389_P001_202507,H0389,P001,2025-07-01,1,1,59,59.0
H0389_P001_202508,H0389,P001,2025-08-01,1,2,80,40.0
H0389_P001_202510,H0389,P001,2025-10-01,1,1,59,59.0
H0389_P001_202512,H0389,P001,2025-12-01,1,2,76,38.0
H0389_P001_202601,H0389,P001,2026-01-01,1,1,57,57.0
H0389_P001_202603,H0389,P001,2026-03-01,1,1,47,47.0
H0389_P002_202508,H0389,P002,2025-08-01,1,1,58,58.0
H0389_P002_202509,H0389,P002,2025-09-01,1,1,60,60.0
H0389_P002_202511,H0389,P002,2025-11-01,1,1,35,35.0
H0389_P002_202603,H0389,P002,2026-03-01,1,1,23,23.0
H0389_P003_202601,H0389,P003,2026-01-01,1,1,31,31.0
H0389_P003_202603,H0389,P003,2026-03-01,1,2,118,59.0
H0389_P004_202507,H0389,P004,2025-07-01,1,1,57,57.0
H0389_P004_202509,H0389,P004,2025-09-01,1,1,56,56.0
H0389_P004_202512,H0389,P004,2025-12-01,1,1,51,51.0
H0389_P005_202509,H0389,P005,2025-09-01,1,1,56,56.0
H0389_P005_202512,H0389,P005,2025-12-01,1,1,59,59.0
H0389_P005_202602,H0389,P005,2026-02-01,1,3,66,22.0
H0390_P001_202506,H0390,P001,2025-06-01,1,1,21,21.0
H0390_P001_202507,H0390,P001,2025-07-01,1,1,51,51.0
H0390_P001_202510,H0390,P001,2025-10-01,1,1,37,37.0
H0390_P001_202603,H0390,P001,2026-03-01,1,1,58,58.0
H0390_P002_202508,H0390,P002,2025-08-01,1,1,20,20.0
H0390_P002_202510,H0390,P002,2025-10-01,1,1,56,56.0
H0390_P002_202511,H0390,P002,2025-11-01,1,1,35,35.0
H0390_P002_202602,H0390,P002,2026-02-01,1,1,39,39.0
H0390_P003_202507,H0390,P003,2025-07-01,1,1,47,47.0
H0390_P003_202509,H0390,P003,2025-09-01,1,1,32,32.0
H0390_P003_202510,H0390,P003,2025-10-01,1,2,60,30.0
H0390_P003_202511,H0390,P003,2025-11-01,1,1,35,35.0
H0390_P003_202602,H0390,P003,2026-02-01,1,1,38,38.0
H0390_P004_202511,H0390,P004,2025-11-01,1,1,26,26.0
H0390_P004_202602,H0390,P004,2026-02-01,1,1,27,27.0
H0390_P004_202603,H0390,P004,2026-03-01,1,1,50,50.0
H0390_P005_202507,H0390,P005,2025-07-01,1,1,33,33.0
H0390_P005_202510,H0390,P005,2025-10-01,1,1,29,29.0
H0390_P005_202511,H0390,P005,2025-11-01,1,1,53,53.0
H0392_P001_202506,H0392,P001,2025-06-01,1,3,138,46.0
H0392_P001_202507,H0392,P001,2025-07-01,1,1,60,60.0
H0392_P001_202508,H0392,P001,2025-08-01,1,2,50,25.0
H0392_P001_202509,H0392,P001,2025-09-01,1,1,31,31.0
H0392_P001_202510,H0392,P001,2025-10-01,1,2,88,44.0
H0392_P001_202511,H0392,P001,2025-11-01,1,3,174,58.0
H0392_P001_202512,H0392,P001,2025-12-01,1,4,228,57.0
H0392_P001_202601,H0392,P001,2026-01-01,1,5,275,55.0
H0392_P001_202602,H0392,P001,2026-02-01,1,1,57,57.0
H0392_P001_202603,H0392,P001,2026-03-01,1,3,150,50.0
H0392_P002_202506,H0392,P002,2025-06-01,1,1,47,47.0
H0392_P002_202509,H0392,P002,2025-09-01,1,2,112,56.0
H0392_P002_202510,H0392,P002,2025-10-01,1,1,45,45.0
H0392_P002_202511,H0392,P002,2025-11-01,1,2,68,34.0
H0392_P002_202512,H0392,P002,2025-12-01,1,2,64,32.0
H0392_P002_202601,H0392,P002,2026-01-01,1,1,48,48.0
H0392_P002_202602,H0392,P002,2026-02-01,1,1,59,59.0
H0392_P003_202506,H0392,P003,2025-06-01,1,1,38,38.0
H0392_P003_202509,H0392,P003,2025-09-01,1,2,44,22.0
H0392_P003_202512,H0392,P003,2025-12-01,1,2,88,44.0
H0392_P003_202602,H0392,P003,2026-02-01,1,2,88,44.0
H0392_P004_202506,H0392,P004,2025-06-01,1,1,27,27.0
H0392_P004_202507,H0392,P004,2025-07-01,1,2,88,44.0
H0392_P004_202601,H0392,P004,2026-01-01,1,1,36,36.0
H0392_P004_202602,H0392,P004,2026-02-01,1,1,55,55.0
H0392_P004_202603,H0392,P004,2026-03-01,1,1,38,38.0
H0392_P005_202506,H0392,P005,2025-06-01,1,1,35,35.0
H0392_P005_202507,H0392,P005,2025-07-01,1,2,48,24.0
H0392_P005_202511,H0392,P005,2025-11-01,1,1,43,43.0
H0392_P005_202512,H0392,P005,2025-12-01,1,1,54,54.0
H0392_P005_202601,H0392,P005,2026-01-01,1,1,40,40.0
H0392_P005_202602,H0392,P005,2026-02-01,1,1,28,28.0
H0393_P001_202507,H0393,P001,2025-07-01,1,4,88,22.0
H0393_P001_202508,H0393,P001,2025-08-01,1,4,220,55.0
H0393_P001_202509,H0393,P001,2025-09-01,1,3,150,50.0
H0393_P001_202510,H0393,P001,2025-10-01,1,1,43,43.0
H0393_P001_202511,H0393,P001,2025-11-01,1,4,232,58.0
H0393_P001_202512,H0393,P001,2025-12-01,1,3,96,32.0
H0393_P001_202601,H0393,P001,2026-01-01,1,6,342,57.0
H0393_P001_202602,H0393,P001,2026-02-01,1,3,78,26.0
H0393_P001_202603,H0393,P001,2026-03-01,1,3,69,23.0
H0393_P002_202506,H0393,P002,2025-06-01,1,4,236,59.0
H0393_P002_202507,H0393,P002,2025-07-01,1,1,24,24.0
H0393_P002_202508,H0393,P002,2025-08-01,1,4,112,28.0
H0393_P002_202509,H0393,P002,2025-09-01,1,3,78,26.0
H0393_P002_202510,H0393,P002,2025-10-01,1,1,32,32.0
H0393_P002_202511,H0393,P002,2025-11-01,1,6,300,50.0
H0393_P002_202512,H0393,P002,2025-12-01,1,1,59,59.0
H0393_P002_202601,H0393,P002,2026-01-01,1,3,129,43.0
H0393_P002_202602,H0393,P002,2026-02-01,1,3,63,21.0
H0393_P002_202603,H0393,P002,2026-03-01,1,1,60,60.0
H0393_P003_202506,H0393,P003,2025-06-01,1,3,177,59.0
H0393_P003_202508,H0393,P003,2025-08-01,1,2,48,24.0
H0393_P003_202509,H0393,P003,2025-09-01,1,2,42,21.0
H0393_P003_202510,H0393,P003,2025-10-01,1,2,114,57.0
H0393_P003_202511,H0393,P003,2025-11-01,1,1,43,43.0
H0393_P003_202512,H0393,P003,2025-12-01,1,2,116,58.0
H0393_P003_202601,H0393,P003,2026-01-01,1,2,94,47.0
H0393_P003_202602,H0393,P003,2026-02-01,1,1,42,42.0
H0393_P003_202603,H0393,P003,2026-03-01,1,1,47,47.0
H0393_P004_202506,H0393,P004,2025-06-01,1,3,174,58.0
H0393_P004_202508,H0393,P004,2025-08-01,1,3,126,42.0
H0393_P004_202509,H0393,P004,2025-09-01,1,2,96,48.0
H0393_P004_202510,H0393,P004,2025-10-01,1,1,42,42.0
H0393_P004_202511,H0393,P004,2025-11-01,1,1,39,39.0
H0393_P004_202512,H0393,P004,2025-12-01,1,4,180,45.0
H0393_P004_202601,H0393,P004,2026-01-01,1,2,56,28.0
H0393_P004_202602,H0393,P004,2026-02-01,1,1,26,26.0
H0393_P004_202603,H0393,P004,2026-03-01,1,4,180,45.0
H0393_P005_202506,H0393,P005,2025-06-01,1,1,54,54.0
H0393_P005_202507,H0393,P005,2025-07-01,1,2,70,35.0
H0393_P005_202508,H0393,P005,2025-08-01,1,1,40,40.0
H0393_P005_202509,H0393,P005,2025-09-01,1,1,57,57.0
H0393_P005_202512,H0393,P005,2025-12-01,1,2,42,21.0
H0394_P001_202506,H0394,P001,2025-06-01,1,2,44,22.0
H0394_P001_202507,H0394,P001,2025-07-01,1,1,37,37.0
H0394_P001_202509,H0394,P001,2025-09-01,1,1,39,39.0
H0394_P001_202512,H0394,P001,2025-12-01,1,1,39,39.0
H0394_P001_202601,H0394,P001,2026-01-01,1,1,54,54.0
H0394_P001_202602,H0394,P001,2026-02-01,1,3,180,60.0
H0394_P001_202603,H0394,P001,2026-03-01,1,1,23,23.0
H0394_P002_202506,H0394,P002,2025-06-01,1,1,44,44.0
H0394_P002_202507,H0394,P002,2025-07-01,1,1,58,58.0
H0394_P002_202602,H0394,P002,2026-02-01,1,1,37,37.0
H0394_P004_202506,H0394,P004,2025-06-01,1,2,96,48.0
H0394_P004_202508,H0394,P004,2025-08-01,1,1,52,52.0
H0394_P004_202509,H0394,P004,2025-09-01,1,1,51,51.0
H0394_P004_202510,H0394,P004,2025-10-01,1,2,100,50.0
H0394_P004_202511,H0394,P004,2025-11-01,1,2,96,48.0
H0394_P004_202512,H0394,P004,2025-12-01,1,1,45,45.0
H0394_P004_202601,H0394,P004,2026-01-01,1,1,25,25.0
H0394_P005_202506,H0394,P005,2025-06-01,1,1,57,57.0
H0394_P005_202507,H0394,P005,2025-07-01,1,3,144,48.0
H0394_P005_202508,H0394,P005,2025-08-01,1,3,72,24.0
H0394_P005_202510,H0394,P005,2025-10-01,1,1,44,44.0
H0394_P005_202512,H0394,P005,2025-12-01,1,1,40,40.0
H0394_P005_202602,H0394,P005,2026-02-01,1,1,24,24.0
H0394_P005_202603,H0394,P005,2026-03-01,1,1,46,46.0
H0395_P002_202510,H0395,P002,2025-10-01,1,1,42,42.0
H0395_P002_202602,H0395,P002,2026-02-01,1,1,35,35.0
H0395_P005_202509,H0395,P005,2025-09-01,1,1,37,37.0
H0396_P001_202506,H0396,P001,2025-06-01,1,2,110,55.0
H0396_P001_202508,H0396,P001,2025-08-01,1,1,26,26.0
H0396_P001_202509,H0396,P001,2025-09-01,1,2,58,29.0
H0396_P001_202601,H0396,P001,2026-01-01,1,1,23,23.0
H0396_P001_202602,H0396,P001,2026-02-01,1,1,21,21.0
H0396_P002_202506,H0396,P002,2025-06-01,1,1,60,60.0
H0396_P002_202507,H0396,P002,2025-07-01,1,1,53,53.0
H0396_P002_202508,H0396,P002,2025-08-01,1,1,45,45.0
H0396_P002_202509,H0396,P002,2025-09-01,1,1,42,42.0
H0396_P002_202510,H0396,P002,2025-10-01,1,1,40,40.0
H0396_P002_202512,H0396,P002,2025-12-01,1,3,66,22.0
H0396_P002_202601,H0396,P002,2026-01-01,1,2,66,33.0
H0396_P002_202602,H0396,P002,2026-02-01,1,2,78,39.0
H0396_P003_202506,H0396,P003,2025-06-01,1,1,32,32.0
H0396_P003_202510,H0396,P003,2025-10-01,1,1,45,45.0
H0396_P003_202602,H0396,P003,2026-02-01,1,1,43,43.0
H0396_P003_202603,H0396,P003,2026-03-01,1,3,126,42.0
H0396_P004_202508,H0396,P004,2025-08-01,1,1,46,46.0
H0396_P004_202510,H0396,P004,2025-10-01,1,1,40,40.0
H0396_P004_202602,H0396,P004,2026-02-01,1,1,41,41.0
H0396_P004_202603,H0396,P004,2026-03-01,1,1,45,45.0
H0396_P005_202507,H0396,P005,2025-07-01,1,1,26,26.0
H0396_P005_202509,H0396,P005,2025-09-01,1,1,42,42.0
H0396_P005_202510,H0396,P005,2025-10-01,1,1,42,42.0
H0396_P005_202512,H0396,P005,2025-12-01,1,1,48,48.0
H0397_P001_202506,H0397,P001,2025-06-01,1,2,60,30.0
H0397_P001_202507,H0397,P001,2025-07-01,1,1,45,45.0
H0397_P001_202508,H0397,P001,2025-08-01,1,3,156,52.0
H0397_P001_202511,H0397,P001,2025-11-01,1,2,84,42.0
H0397_P002_202506,H0397,P002,2025-06-01,1,2,82,41.0
H0397_P002_202509,H0397,P002,2025-09-01,1,1,52,52.0
H0397_P002_202511,H0397,P002,2025-11-01,1,1,36,36.0
H0397_P002_202601,H0397,P002,2026-01-01,1,2,110,55.0
H0397_P003_202506,H0397,P003,2025-06-01,1,2,110,55.0
H0397_P003_202510,H0397,P003,2025-10-01,1,2,48,24.0
H0397_P003_202601,H0397,P003,2026-01-01,1,3,111,37.0
H0397_P003_202602,H0397,P003,2026-02-01,1,3,90,30.0
H0397_P004_202507,H0397,P004,2025-07-01,1,1,40,40.0
H0397_P004_202508,H0397,P004,2025-08-01,1,1,27,27.0
H0397_P004_202509,H0397,P004,2025-09-01,1,1,27,27.0
H0397_P004_202510,H0397,P004,2025-10-01,1,1,55,55.0
H0397_P004_202512,H0397,P004,2025-12-01,1,1,22,22.0
H0397_P004_202601,H0397,P004,2026-01-01,1,1,51,51.0
H0397_P005_202506,H0397,P005,2025-06-01,1,1,42,42.0
H0397_P005_202507,H0397,P005,2025-07-01,1,1,23,23.0
H0397_P005_202512,H0397,P005,2025-12-01,1,2,120,60.0
H0397_P005_202602,H0397,P005,2026-02-01,1,1,39,39.0
H0397_P005_202603,H0397,P005,2026-03-01,1,1,41,41.0
H0398_P001_202506,H0398,P001,2025-06-01,1,5,300,60.0
H0398_P001_202507,H0398,P001,2025-07-01,1,1,35,35.0
H0398_P001_202509,H0398,P001,2025-09-01,1,2,84,42.0
H0398_P001_202510,H0398,P001,2025-10-01,1,2,118,59.0
H0398_P001_202511,H0398,P001,2025-11-01,1,3,72,24.0
H0398_P001_202512,H0398,P001,2025-12-01,1,3,75,25.0
H0398_P001_202601,H0398,P001,2026-01-01,1,2,72,36.0
H0398_P001_202602,H0398,P001,2026-02-01,1,1,45,45.0
H0398_P001_202603,H0398,P001,2026-03-01,1,2,40,20.0
H0398_P002_202508,H0398,P002,2025-08-01,1,1,32,32.0
H0398_P002_202510,H0398,P002,2025-10-01,1,1,44,44.0
H0398_P002_202601,H0398,P002,2026-01-01,1,1,31,31.0
H0398_P002_202602,H0398,P002,2026-02-01,1,1,51,51.0
H0398_P003_202507,H0398,P003,2025-07-01,1,2,68,34.0
H0398_P003_202508,H0398,P003,2025-08-01,1,4,200,50.0
H0398_P003_202509,H0398,P003,2025-09-01,1,1,37,37.0
H0398_P003_202510,H0398,P003,2025-10-01,1,3,72,24.0
H0398_P003_202601,H0398,P003,2026-01-01,1,1,36,36.0
H0398_P003_202602,H0398,P003,2026-02-01,1,1,23,23.0
H0398_P003_202603,H0398,P003,2026-03-01,1,1,45,45.0
H0398_P004_202506,H0398,P004,2025-06-01,1,7,175,25.0
H0398_P004_202507,H0398,P004,2025-07-01,1,8,240,30.0
H0398_P004_202508,H0398,P004,2025-08-01,1,5,235,47.0
H0398_P004_202509,H0398,P004,2025-09-01,1,6,258,43.0
H0398_P004_202510,H0398,P004,2025-10-01,1,10,230,23.0
H0398_P004_202511,H0398,P004,2025-11-01,1,4,232,58.0
H0398_P004_202512,H0398,P004,2025-12-01,1,4,84,21.0
H0398_P004_202601,H0398,P004,2026-01-01,1,7,287,41.0
H0398_P004_202602,H0398,P004,2026-02-01,1,5,245,49.0
H0398_P004_202603,H0398,P004,2026-03-01,1,6,228,38.0
H0398_P005_202506,H0398,P005,2025-06-01,1,3,63,21.0
H0398_P005_202507,H0398,P005,2025-07-01,1,2,116,58.0
H0398_P005_202508,H0398,P005,2025-08-01,1,1,25,25.0
H0398_P005_202509,H0398,P005,2025-09-01,1,5,255,51.0
H0398_P005_202510,H0398,P005,2025-10-01,1,2,60,30.0
H0398_P005_202511,H0398,P005,2025-11-01,1,1,48,48.0
H0398_P005_202512,H0398,P005,2025-12-01,1,1,51,51.0
H0398_P005_202601,H0398,P005,2026-01-01,1,4,104,26.0
H0398_P005_202602,H0398,P005,2026-02-01,1,3,153,51.0
H0398_P005_202603,H0398,P005,2026-03-01,1,2,58,29.0
H0399_P001_202508,H0399,P001,2025-08-01,1,1,55,55.0
H0399_P001_202602,H0399,P001,2026-02-01,1,1,25,25.0
H0399_P002_202508,H0399,P002,2025-08-01,1,1,48,48.0
H0399_P002_202512,H0399,P002,2025-12-01,1,2,116,58.0
H0399_P002_202603,H0399,P002,2026-03-01,1,1,36,36.0
H0399_P003_202507,H0399,P003,2025-07-01,1,1,44,44.0
H0399_P003_202601,H0399,P003,2026-01-01,1,1,20,20.0
H0399_P004_202506,H0399,P004,2025-06-01,1,1,26,26.0
H0399_P004_202507,H0399,P004,2025-07-01,1,2,66,33.0
H0399_P004_202508,H0399,P004,2025-08-01,1,1,27,27.0
H0399_P004_202509,H0399,P004,2025-09-01,1,3,162,54.0
H0399_P004_202601,H0399,P004,2026-01-01,1,2,70,35.0
H0399_P004_202602,H0399,P004,2026-02-01,1,1,49,49.0
H0399_P004_202603,H0399,P004,2026-03-01,1,2,64,32.0
H0399_P005_202510,H0399,P005,2025-10-01,1,2,62,31.0
H0399_P005_202511,H0399,P005,2025-11-01,1,1,48,48.0
H0399_P005_202602,H0399,P005,2026-02-01,1,1,53,53.0
H0400_P001_202507,H0400,P001,2025-07-01,1,1,28,28.0
H0400_P001_202508,H0400,P001,2025-08-01,1,2,52,26.0
H0400_P001_202510,H0400,P001,2025-10-01,1,1,60,60.0
H0400_P001_202512,H0400,P001,2025-12-01,1,2,98,49.0
H0400_P001_202601,H0400,P001,2026-01-01,1,1,21,21.0
H0400_P001_202602,H0400,P001,2026-02-01,1,2,46,23.0
H0400_P001_202603,H0400,P001,2026-03-01,1,1,58,58.0
H0400_P002_202512,H0400,P002,2025-12-01,1,1,60,60.0
H0400_P003_202508,H0400,P003,2025-08-01,1,1,49,49.0
H0400_P003_202509,H0400,P003,2025-09-01,1,1,39,39.0
H0400_P003_202601,H0400,P003,2026-01-01,1,1,42,42.0
H0400_P003_202602,H0400,P003,2026-02-01,1,1,51,51.0
H0400_P003_202603,H0400,P003,2026-03-01,1,1,24,24.0
H0400_P004_202509,H0400,P004,2025-09-01,1,1,36,36.0
H0400_P004_202511,H0400,P004,2025-11-01,1,1,49,49.0
H0400_P004_202512,H0400,P004,2025-12-01,1,1,39,39.0
H0400_P004_202602,H0400,P004,2026-02-01,1,1,28,28.0
H0400_P005_202601,H0400,P005,2026-01-01,1,1,50,50.0
H0400_P005_202602,H0400,P005,2026-02-01,1,1,56,56.0
H0401_P001_202507,H0401,P001,2025-07-01,1,2,100,50.0
H0401_P001_202508,H0401,P001,2025-08-01,1,3,87,29.0
H0401_P001_202509,H0401,P001,2025-09-01,1,4,204,51.0
H0401_P001_202510,H0401,P001,2025-10-01,1,2,68,34.0
H0401_P001_202511,H0401,P001,2025-11-01,1,4,124,31.0
H0401_P001_202512,H0401,P001,2025-12-01,1,3,132,44.0
H0401_P001_202601,H0401,P001,2026-01-01,1,3,132,44.0
H0401_P001_202602,H0401,P001,2026-02-01,1,5,165,33.0
H0401_P001_202603,H0401,P001,2026-03-01,1,3,84,28.0
H0401_P002_202507,H0401,P002,2025-07-01,1,1,51,51.0
H0401_P002_202510,H0401,P002,2025-10-01,1,1,35,35.0
H0401_P002_202512,H0401,P002,2025-12-01,1,1,38,38.0
H0401_P002_202601,H0401,P002,2026-01-01,1,3,144,48.0
H0401_P002_202602,H0401,P002,2026-02-01,1,1,43,43.0
H0401_P002_202603,H0401,P002,2026-03-01,1,1,54,54.0
H0401_P003_202510,H0401,P003,2025-10-01,1,2,52,26.0
H0401_P003_202601,H0401,P003,2026-01-01,1,1,30,30.0
H0401_P004_202506,H0401,P004,2025-06-01,1,4,204,51.0
H0401_P004_202507,H0401,P004,2025-07-01,1,5,235,47.0
H0401_P004_202508,H0401,P004,2025-08-01,1,5,125,25.0
H0401_P004_202509,H0401,P004,2025-09-01,1,2,100,50.0
H0401_P004_202510,H0401,P004,2025-10-01,1,3,75,25.0
H0401_P004_202511,H0401,P004,2025-11-01,1,4,88,22.0
H0401_P004_202512,H0401,P004,2025-12-01,1,7,315,45.0
H0401_P004_202601,H0401,P004,2026-01-01,1,2,80,40.0
H0401_P004_202602,H0401,P004,2026-02-01,1,3,132,44.0
H0401_P004_202603,H0401,P004,2026-03-01,1,1,50,50.0
H0401_P005_202506,H0401,P005,2025-06-01,1,2,120,60.0
H0401_P005_202507,H0401,P005,2025-07-01,1,1,37,37.0
H0401_P005_202508,H0401,P005,2025-08-01,1,1,42,42.0
H0401_P005_202509,H0401,P005,2025-09-01,1,3,63,21.0
H0401_P005_202510,H0401,P005,2025-10-01,1,2,44,22.0
H0401_P005_202511,H0401,P005,2025-11-01,1,4,192,48.0
H0401_P005_202512,H0401,P005,2025-12-01,1,6,144,24.0
H0401_P005_202601,H0401,P005,2026-01-01,1,6,204,34.0
H0401_P005_202602,H0401,P005,2026-02-01,1,3,126,42.0
H0401_P005_202603,H0401,P005,2026-03-01,1,3,153,51.0
H0402_P001_202510,H0402,P001,2025-10-01,1,1,49,49.0
H0402_P001_202511,H0402,P001,2025-11-01,1,1,36,36.0
H0402_P001_202512,H0402,P001,2025-12-01,1,4,212,53.0
H0402_P001_202603,H0402,P001,2026-03-01,1,2,112,56.0
H0402_P002_202510,H0402,P002,2025-10-01,1,1,22,22.0
H0402_P002_202511,H0402,P002,2025-11-01,1,1,28,28.0
H0402_P002_202512,H0402,P002,2025-12-01,1,1,35,35.0
H0402_P002_202601,H0402,P002,2026-01-01,1,1,45,45.0
H0402_P002_202602,H0402,P002,2026-02-01,1,1,55,55.0
H0402_P003_202508,H0402,P003,2025-08-01,1,1,54,54.0
H0402_P004_202511,H0402,P004,2025-11-01,1,1,28,28.0
H0402_P004_202512,H0402,P004,2025-12-01,1,1,58,58.0
H0402_P004_202602,H0402,P004,2026-02-01,1,1,57,57.0
H0402_P005_202506,H0402,P005,2025-06-01,1,1,45,45.0
H0402_P005_202603,H0402,P005,2026-03-01,1,1,25,25.0
H0403_P001_202506,H0403,P001,2025-06-01,1,2,68,34.0
H0403_P001_202507,H0403,P001,2025-07-01,1,4,160,40.0
H0403_P001_202508,H0403,P001,2025-08-01,1,7,322,46.0
H0403_P001_202509,H0403,P001,2025-09-01,1,4,112,28.0
H0403_P001_202510,H0403,P001,2025-10-01,1,5,195,39.0
H0403_P001_202511,H0403,P001,2025-11-01,1,4,100,25.0
H0403_P001_202512,H0403,P001,2025-12-01,1,2,120,60.0
H0403_P001_202601,H0403,P001,2026-01-01,1,11,649,59.0
H0403_P001_202602,H0403,P001,2026-02-01,1,8,176,22.0
H0403_P001_202603,H0403,P001,2026-03-01,1,3,60,20.0
H0403_P002_202506,H0403,P002,2025-06-01,1,8,176,22.0
H0403_P002_202507,H0403,P002,2025-07-01,1,5,195,39.0
H0403_P002_202508,H0403,P002,2025-08-01,1,4,164,41.0
H0403_P002_202509,H0403,P002,2025-09-01,1,6,138,23.0
H0403_P002_202510,H0403,P002,2025-10-01,1,9,405,45.0
H0403_P002_202511,H0403,P002,2025-11-01,1,4,200,50.0
H0403_P002_202512,H0403,P002,2025-12-01,1,3,108,36.0
H0403_P002_202601,H0403,P002,2026-01-01,1,15,615,41.0
H0403_P002_202602,H0403,P002,2026-02-01,1,10,540,54.0
H0403_P002_202603,H0403,P002,2026-03-01,1,11,308,28.0
H0403_P003_202506,H0403,P003,2025-06-01,1,1,37,37.0
H0403_P003_202507,H0403,P003,2025-07-01,1,2,86,43.0
H0403_P003_202508,H0403,P003,2025-08-01,1,7,350,50.0
H0403_P003_202509,H0403,P003,2025-09-01,1,4,124,31.0
H0403_P003_202510,H0403,P003,2025-10-01,1,3,174,58.0
H0403_P003_202511,H0403,P003,2025-11-01,1,4,124,31.0
H0403_P003_202512,H0403,P003,2025-12-01,1,4,200,50.0
H0403_P003_202601,H0403,P003,2026-01-01,1,2,84,42.0
H0403_P003_202602,H0403,P003,2026-02-01,1,1,53,53.0
H0403_P003_202603,H0403,P003,2026-03-01,1,3,90,30.0
H0403_P004_202506,H0403,P004,2025-06-01,1,4,108,27.0
H0403_P004_202507,H0403,P004,2025-07-01,1,4,84,21.0
H0403_P004_202508,H0403,P004,2025-08-01,1,7,161,23.0
H0403_P004_202509,H0403,P004,2025-09-01,1,3,135,45.0
H0403_P004_202510,H0403,P004,2025-10-01,1,3,105,35.0
H0403_P004_202511,H0403,P004,2025-11-01,1,6,240,40.0
H0403_P004_202512,H0403,P004,2025-12-01,1,7,210,30.0
H0403_P004_202601,H0403,P004,2026-01-01,1,3,114,38.0
H0403_P004_202602,H0403,P004,2026-02-01,1,5,195,39.0
H0403_P004_202603,H0403,P004,2026-03-01,1,7,364,52.0
H0403_P005_202506,H0403,P005,2025-06-01,1,1,34,34.0
H0403_P005_202507,H0403,P005,2025-07-01,1,1,49,49.0
H0403_P005_202509,H0403,P005,2025-09-01,1,1,27,27.0
H0403_P005_202510,H0403,P005,2025-10-01,1,1,20,20.0
H0403_P005_202512,H0403,P005,2025-12-01,1,1,42,42.0
H0403_P005_202601,H0403,P005,2026-01-01,1,2,58,29.0
H0403_P005_202602,H0403,P005,2026-02-01,1,2,110,55.0
H0403_P005_202603,H0403,P005,2026-03-01,1,2,70,35.0
H0404_P001_202507,H0404,P001,2025-07-01,1,1,49,49.0
H0404_P001_202511,H0404,P001,2025-11-01,1,1,43,43.0
H0404_P001_202602,H0404,P001,2026-02-01,1,1,27,27.0
H0404_P002_202507,H0404,P002,2025-07-01,1,1,47,47.0
H0404_P002_202508,H0404,P002,2025-08-01,1,1,58,58.0
H0404_P002_202509,H0404,P002,2025-09-01,1,1,39,39.0
H0404_P002_202511,H0404,P002,2025-11-01,1,1,26,26.0
H0404_P002_202512,H0404,P002,2025-12-01,1,1,49,49.0
H0404_P002_202601,H0404,P002,2026-01-01,1,3,60,20.0
H0404_P003_202506,H0404,P003,2025-06-01,1,1,44,44.0
H0404_P003_202507,H0404,P003,2025-07-01,1,1,41,41.0
H0404_P003_202508,H0404,P003,2025-08-01,1,2,82,41.0
H0404_P003_202511,H0404,P003,2025-11-01,1,2,72,36.0
H0404_P003_202512,H0404,P003,2025-12-01,1,1,48,48.0
H0404_P003_202602,H0404,P003,2026-02-01,1,1,32,32.0
H0404_P003_202603,H0404,P003,2026-03-01,1,1,37,37.0
H0404_P004_202506,H0404,P004,2025-06-01,1,1,30,30.0
H0404_P004_202507,H0404,P004,2025-07-01,1,2,110,55.0
H0404_P004_202508,H0404,P004,2025-08-01,1,2,82,41.0
H0404_P004_202510,H0404,P004,2025-10-01,1,2,120,60.0
H0404_P004_202511,H0404,P004,2025-11-01,1,2,64,32.0
H0404_P004_202512,H0404,P004,2025-12-01,1,2,66,33.0
H0404_P004_202601,H0404,P004,2026-01-01,1,2,90,45.0
H0404_P004_202603,H0404,P004,2026-03-01,1,1,57,57.0
H0404_P005_202506,H0404,P005,2025-06-01,1,2,52,26.0
H0404_P005_202507,H0404,P005,2025-07-01,1,1,52,52.0
H0404_P005_202509,H0404,P005,2025-09-01,1,1,38,38.0
H0404_P005_202510,H0404,P005,2025-10-01,1,2,100,50.0
H0404_P005_202512,H0404,P005,2025-12-01,1,4,80,20.0
H0404_P005_202601,H0404,P005,2026-01-01,1,2,92,46.0
H0404_P005_202603,H0404,P005,2026-03-01,1,2,92,46.0
H0405_P001_202507,H0405,P001,2025-07-01,1,1,57,57.0
H0405_P001_202603,H0405,P001,2026-03-01,1,1,54,54.0
H0405_P002_202510,H0405,P002,2025-10-01,1,2,84,42.0
H0405_P002_202511,H0405,P002,2025-11-01,1,1,25,25.0
H0405_P003_202506,H0405,P003,2025-06-01,1,5,105,21.0
H0405_P003_202507,H0405,P003,2025-07-01,1,2,74,37.0
H0405_P003_202508,H0405,P003,2025-08-01,1,1,21,21.0
H0405_P003_202509,H0405,P003,2025-09-01,1,2,96,48.0
H0405_P003_202510,H0405,P003,2025-10-01,1,1,60,60.0
H0405_P003_202511,H0405,P003,2025-11-01,1,1,22,22.0
H0405_P003_202512,H0405,P003,2025-12-01,1,1,48,48.0
H0405_P003_202601,H0405,P003,2026-01-01,1,2,120,60.0
H0405_P003_202602,H0405,P003,2026-02-01,1,4,224,56.0
H0405_P003_202603,H0405,P003,2026-03-01,1,2,70,35.0
H0405_P004_202510,H0405,P004,2025-10-01,1,1,37,37.0
H0405_P004_202511,H0405,P004,2025-11-01,1,3,87,29.0
H0405_P004_202512,H0405,P004,2025-12-01,1,2,78,39.0
H0405_P004_202601,H0405,P004,2026-01-01,1,1,26,26.0
H0405_P005_202508,H0405,P005,2025-08-01,1,1,27,27.0
H0405_P005_202601,H0405,P005,2026-01-01,1,2,90,45.0
H0406_P001_202508,H0406,P001,2025-08-01,1,2,120,60.0
H0406_P001_202510,H0406,P001,2025-10-01,1,2,84,42.0
H0406_P001_202511,H0406,P001,2025-11-01,1,3,93,31.0
H0406_P001_202601,H0406,P001,2026-01-01,1,1,58,58.0
H0406_P001_202602,H0406,P001,2026-02-01,1,3,177,59.0
H0406_P001_202603,H0406,P001,2026-03-01,1,1,55,55.0
H0406_P002_202508,H0406,P002,2025-08-01,1,1,41,41.0
H0406_P002_202509,H0406,P002,2025-09-01,1,1,21,21.0
H0406_P003_202508,H0406,P003,2025-08-01,1,1,43,43.0
H0406_P003_202510,H0406,P003,2025-10-01,1,1,23,23.0
H0406_P003_202602,H0406,P003,2026-02-01,1,1,33,33.0
H0406_P003_202603,H0406,P003,2026-03-01,1,1,35,35.0
H0406_P004_202510,H0406,P004,2025-10-01,1,3,159,53.0
H0406_P004_202511,H0406,P004,2025-11-01,1,1,27,27.0
H0406_P005_202506,H0406,P005,2025-06-01,1,2,56,28.0
H0406_P005_202507,H0406,P005,2025-07-01,1,1,45,45.0
H0406_P005_202601,H0406,P005,2026-01-01,1,1,60,60.0
H0406_P005_202603,H0406,P005,2026-03-01,1,2,102,51.0
H0407_P001_202506,H0407,P001,2025-06-01,1,1,20,20.0
H0407_P001_202507,H0407,P001,2025-07-01,1,1,29,29.0
H0407_P001_202509,H0407,P001,2025-09-01,1,2,42,21.0
H0407_P001_202510,H0407,P001,2025-10-01,1,1,47,47.0
H0407_P001_202511,H0407,P001,2025-11-01,1,1,20,20.0
H0407_P001_202601,H0407,P001,2026-01-01,1,1,28,28.0
H0407_P002_202506,H0407,P002,2025-06-01,1,5,270,54.0
H0407_P002_202507,H0407,P002,2025-07-01,1,6,318,53.0
H0407_P002_202508,H0407,P002,2025-08-01,1,2,58,29.0
H0407_P002_202509,H0407,P002,2025-09-01,1,2,114,57.0
H0407_P002_202510,H0407,P002,2025-10-01,1,5,100,20.0
H0407_P002_202511,H0407,P002,2025-11-01,1,4,136,34.0
H0407_P002_202512,H0407,P002,2025-12-01,1,6,306,51.0
H0407_P002_202601,H0407,P002,2026-01-01,1,1,39,39.0
H0407_P002_202602,H0407,P002,2026-02-01,1,3,174,58.0
H0407_P002_202603,H0407,P002,2026-03-01,1,2,72,36.0
H0407_P003_202506,H0407,P003,2025-06-01,1,4,124,31.0
H0407_P003_202507,H0407,P003,2025-07-01,1,1,25,25.0
H0407_P003_202509,H0407,P003,2025-09-01,1,3,126,42.0
H0407_P003_202510,H0407,P003,2025-10-01,1,1,26,26.0
H0407_P003_202511,H0407,P003,2025-11-01,1,2,60,30.0
H0407_P003_202512,H0407,P003,2025-12-01,1,1,51,51.0
H0407_P003_202601,H0407,P003,2026-01-01,1,4,116,29.0
H0407_P003_202603,H0407,P003,2026-03-01,1,1,43,43.0
H0407_P004_202507,H0407,P004,2025-07-01,1,2,92,46.0
H0407_P004_202508,H0407,P004,2025-08-01,1,5,255,51.0
H0407_P004_202509,H0407,P004,2025-09-01,1,4,132,33.0
H0407_P004_202510,H0407,P004,2025-10-01,1,2,70,35.0
H0407_P004_202511,H0407,P004,2025-11-01,1,3,165,55.0
H0407_P004_202512,H0407,P004,2025-12-01,1,2,76,38.0
H0407_P004_202601,H0407,P004,2026-01-01,1,3,120,40.0
H0407_P004_202602,H0407,P004,2026-02-01,1,2,82,41.0
H0407_P004_202603,H0407,P004,2026-03-01,1,1,57,57.0
H0407_P005_202506,H0407,P005,2025-06-01,1,1,30,30.0
H0407_P005_202508,H0407,P005,2025-08-01,1,1,56,56.0
H0407_P005_202509,H0407,P005,2025-09-01,1,1,30,30.0
H0407_P005_202511,H0407,P005,2025-11-01,1,1,39,39.0
H0407_P005_202603,H0407,P005,2026-03-01,1,1,25,25.0
H0408_P001_202508,H0408,P001,2025-08-01,1,2,74,37.0
H0408_P001_202509,H0408,P001,2025-09-01,1,2,74,37.0
H0408_P001_202510,H0408,P001,2025-10-01,1,1,29,29.0
H0408_P001_202512,H0408,P001,2025-12-01,1,2,78,39.0
H0408_P001_202601,H0408,P001,2026-01-01,1,2,72,36.0
H0408_P001_202603,H0408,P001,2026-03-01,1,3,123,41.0
H0408_P002_202506,H0408,P002,2025-06-01,1,2,40,20.0
H0408_P002_202508,H0408,P002,2025-08-01,1,5,160,32.0
H0408_P002_202509,H0408,P002,2025-09-01,1,3,120,40.0
H0408_P002_202510,H0408,P002,2025-10-01,1,3,162,54.0
H0408_P002_202511,H0408,P002,2025-11-01,1,3,156,52.0
H0408_P002_202512,H0408,P002,2025-12-01,1,3,141,47.0
H0408_P002_202601,H0408,P002,2026-01-01,1,2,70,35.0
H0408_P002_202603,H0408,P002,2026-03-01,1,3,72,24.0
H0408_P003_202506,H0408,P003,2025-06-01,1,4,188,47.0
H0408_P003_202507,H0408,P003,2025-07-01,1,1,46,46.0
H0408_P003_202508,H0408,P003,2025-08-01,1,1,44,44.0
H0408_P003_202509,H0408,P003,2025-09-01,1,3,180,60.0
H0408_P003_202510,H0408,P003,2025-10-01,1,5,165,33.0
H0408_P003_202511,H0408,P003,2025-11-01,1,2,106,53.0
H0408_P003_202512,H0408,P003,2025-12-01,1,2,58,29.0
H0408_P003_202601,H0408,P003,2026-01-01,1,3,132,44.0
H0408_P003_202602,H0408,P003,2026-02-01,1,7,189,27.0
H0408_P004_202506,H0408,P004,2025-06-01,1,1,24,24.0
H0408_P004_202507,H0408,P004,2025-07-01,1,3,153,51.0
H0408_P004_202508,H0408,P004,2025-08-01,1,1,55,55.0
H0408_P004_202509,H0408,P004,2025-09-01,1,1,44,44.0
H0408_P004_202510,H0408,P004,2025-10-01,1,1,35,35.0
H0408_P004_202511,H0408,P004,2025-11-01,1,2,54,27.0
H0408_P004_202602,H0408,P004,2026-02-01,1,3,81,27.0
H0408_P004_202603,H0408,P004,2026-03-01,1,1,34,34.0
H0408_P005_202506,H0408,P005,2025-06-01,1,2,54,27.0
H0408_P005_202507,H0408,P005,2025-07-01,1,2,56,28.0
H0408_P005_202508,H0408,P005,2025-08-01,1,3,141,47.0
H0408_P005_202510,H0408,P005,2025-10-01,1,2,46,23.0
H0408_P005_202511,H0408,P005,2025-11-01,1,3,96,32.0
H0408_P005_202512,H0408,P005,2025-12-01,1,4,124,31.0
H0408_P005_202601,H0408,P005,2026-01-01,1,3,93,31.0
H0408_P005_202602,H0408,P005,2026-02-01,1,4,88,22.0
H0408_P005_202603,H0408,P005,2026-03-01,1,1,45,45.0
H0409_P001_202508,H0409,P001,2025-08-01,1,2,98,49.0
H0409_P001_202509,H0409,P001,2025-09-01,1,1,60,60.0
H0409_P001_202510,H0409,P001,2025-10-01,1,1,33,33.0
H0409_P001_202601,H0409,P001,2026-01-01,1,1,51,51.0
H0409_P001_202603,H0409,P001,2026-03-01,1,2,56,28.0
H0409_P002_202507,H0409,P002,2025-07-01,1,1,39,39.0
H0409_P002_202509,H0409,P002,2025-09-01,1,2,102,51.0
H0409_P002_202510,H0409,P002,2025-10-01,1,2,84,42.0
H0409_P002_202512,H0409,P002,2025-12-01,1,1,57,57.0
H0409_P002_202602,H0409,P002,2026-02-01,1,2,62,31.0
H0409_P003_202507,H0409,P003,2025-07-01,1,1,59,59.0
H0409_P003_202508,H0409,P003,2025-08-01,1,2,94,47.0
H0409_P003_202512,H0409,P003,2025-12-01,1,3,72,24.0
H0409_P003_202602,H0409,P003,2026-02-01,1,2,40,20.0
H0409_P003_202603,H0409,P003,2026-03-01,1,4,240,60.0
H0409_P004_202506,H0409,P004,2025-06-01,1,3,75,25.0
H0409_P004_202508,H0409,P004,2025-08-01,1,1,28,28.0
H0409_P004_202509,H0409,P004,2025-09-01,1,3,96,32.0
H0409_P004_202510,H0409,P004,2025-10-01,1,2,82,41.0
H0409_P004_202512,H0409,P004,2025-12-01,1,1,42,42.0
H0409_P004_202601,H0409,P004,2026-01-01,1,5,290,58.0
H0409_P004_202603,H0409,P004,2026-03-01,1,3,93,31.0
H0409_P005_202507,H0409,P005,2025-07-01,1,1,27,27.0
H0409_P005_202509,H0409,P005,2025-09-01,1,1,34,34.0
H0409_P005_202510,H0409,P005,2025-10-01,1,2,100,50.0
H0409_P005_202511,H0409,P005,2025-11-01,1,1,34,34.0
H0409_P005_202512,H0409,P005,2025-12-01,1,1,24,24.0
H0409_P005_202602,H0409,P005,2026-02-01,1,1,49,49.0
H0410_P001_202506,H0410,P001,2025-06-01,1,8,392,49.0
H0410_P001_202507,H0410,P001,2025-07-01,1,2,100,50.0
H0410_P001_202508,H0410,P001,2025-08-01,1,5,140,28.0
H0410_P001_202509,H0410,P001,2025-09-01,1,4,240,60.0
H0410_P001_202510,H0410,P001,2025-10-01,1,4,216,54.0
H0410_P001_202511,H0410,P001,2025-11-01,1,2,62,31.0
H0410_P001_202512,H0410,P001,2025-12-01,1,4,200,50.0
H0410_P001_202601,H0410,P001,2026-01-01,1,5,145,29.0
H0410_P001_202602,H0410,P001,2026-02-01,1,5,130,26.0
H0410_P001_202603,H0410,P001,2026-03-01,1,5,105,21.0
H0410_P002_202506,H0410,P002,2025-06-01,1,1,30,30.0
H0410_P002_202507,H0410,P002,2025-07-01,1,1,23,23.0
H0410_P002_202508,H0410,P002,2025-08-01,1,1,54,54.0
H0410_P002_202509,H0410,P002,2025-09-01,1,3,177,59.0
H0410_P002_202510,H0410,P002,2025-10-01,1,6,318,53.0
H0410_P002_202511,H0410,P002,2025-11-01,1,1,47,47.0
H0410_P002_202512,H0410,P002,2025-12-01,1,4,96,24.0
H0410_P002_202601,H0410,P002,2026-01-01,1,4,164,41.0
H0410_P002_202602,H0410,P002,2026-02-01,1,5,290,58.0
H0410_P002_202603,H0410,P002,2026-03-01,1,1,40,40.0
H0410_P003_202506,H0410,P003,2025-06-01,1,2,48,24.0
H0410_P003_202507,H0410,P003,2025-07-01,1,8,408,51.0
H0410_P003_202508,H0410,P003,2025-08-01,1,2,96,48.0
H0410_P003_202509,H0410,P003,2025-09-01,1,5,135,27.0
H0410_P003_202510,H0410,P003,2025-10-01,1,4,208,52.0
H0410_P003_202511,H0410,P003,2025-11-01,1,1,25,25.0
H0410_P003_202512,H0410,P003,2025-12-01,1,1,60,60.0
H0410_P003_202601,H0410,P003,2026-01-01,1,3,141,47.0
H0410_P003_202602,H0410,P003,2026-02-01,1,3,117,39.0
H0410_P003_202603,H0410,P003,2026-03-01,1,5,175,35.0
H0410_P004_202506,H0410,P004,2025-06-01,1,2,114,57.0
H0410_P004_202507,H0410,P004,2025-07-01,1,1,26,26.0
H0410_P004_202508,H0410,P004,2025-08-01,1,2,54,27.0
H0410_P004_202509,H0410,P004,2025-09-01,1,9,459,51.0
H0410_P004_202510,H0410,P004,2025-10-01,1,2,80,40.0
H0410_P004_202511,H0410,P004,2025-11-01,1,3,180,60.0
H0410_P004_202512,H0410,P004,2025-12-01,1,4,208,52.0
H0410_P004_202601,H0410,P004,2026-01-01,1,4,88,22.0
H0410_P004_202602,H0410,P004,2026-02-01,1,1,31,31.0
H0410_P005_202506,H0410,P005,2025-06-01,1,1,46,46.0
H0410_P005_202507,H0410,P005,2025-07-01,1,1,55,55.0
H0410_P005_202508,H0410,P005,2025-08-01,1,2,108,54.0
H0410_P005_202509,H0410,P005,2025-09-01,1,4,116,29.0
H0410_P005_202510,H0410,P005,2025-10-01,1,2,44,22.0
H0410_P005_202511,H0410,P005,2025-11-01,1,5,200,40.0
H0410_P005_202512,H0410,P005,2025-12-01,1,2,114,57.0
H0410_P005_202601,H0410,P005,2026-01-01,1,6,138,23.0
H0410_P005_202603,H0410,P005,2026-03-01,1,1,51,51.0
H0411_P001_202506,H0411,P001,2025-06-01,1,2,62,31.0
H0411_P001_202507,H0411,P001,2025-07-01,1,2,120,60.0
H0411_P001_202508,H0411,P001,2025-08-01,1,1,59,59.0
H0411_P001_202509,H0411,P001,2025-09-01,1,4,224,56.0
H0411_P001_202511,H0411,P001,2025-11-01,1,1,57,57.0
H0411_P001_202512,H0411,P001,2025-12-01,1,2,76,38.0
H0411_P001_202601,H0411,P001,2026-01-01,1,1,34,34.0
H0411_P001_202602,H0411,P001,2026-02-01,1,2,74,37.0
H0411_P002_202506,H0411,P002,2025-06-01,1,3,72,24.0
H0411_P002_202507,H0411,P002,2025-07-01,1,3,123,41.0
H0411_P002_202508,H0411,P002,2025-08-01,1,2,106,53.0
H0411_P002_202511,H0411,P002,2025-11-01,1,1,31,31.0
H0411_P002_202512,H0411,P002,2025-12-01,1,2,66,33.0
H0411_P002_202601,H0411,P002,2026-01-01,1,2,96,48.0
H0411_P002_202602,H0411,P002,2026-02-01,1,3,84,28.0
H0411_P003_202506,H0411,P003,2025-06-01,1,1,30,30.0
H0411_P003_202507,H0411,P003,2025-07-01,1,4,240,60.0
H0411_P003_202508,H0411,P003,2025-08-01,1,3,144,48.0
H0411_P003_202509,H0411,P003,2025-09-01,1,2,50,25.0
H0411_P003_202510,H0411,P003,2025-10-01,1,1,36,36.0
H0411_P003_202511,H0411,P003,2025-11-01,1,4,192,48.0
H0411_P003_202601,H0411,P003,2026-01-01,1,1,48,48.0
H0411_P003_202602,H0411,P003,2026-02-01,1,4,212,53.0
H0411_P003_202603,H0411,P003,2026-03-01,1,3,147,49.0
H0411_P004_202507,H0411,P004,2025-07-01,1,1,49,49.0
H0411_P004_202509,H0411,P004,2025-09-01,1,1,40,40.0
H0411_P004_202512,H0411,P004,2025-12-01,1,1,24,24.0
H0411_P004_202601,H0411,P004,2026-01-01,1,1,46,46.0
H0411_P005_202506,H0411,P005,2025-06-01,1,1,26,26.0
H0411_P005_202507,H0411,P005,2025-07-01,1,1,56,56.0
H0411_P005_202509,H0411,P005,2025-09-01,1,4,136,34.0
H0411_P005_202510,H0411,P005,2025-10-01,1,2,110,55.0
H0411_P005_202511,H0411,P005,2025-11-01,1,1,23,23.0
H0411_P005_202512,H0411,P005,2025-12-01,1,7,343,49.0
H0411_P005_202601,H0411,P005,2026-01-01,1,2,110,55.0
H0411_P005_202602,H0411,P005,2026-02-01,1,4,140,35.0
H0411_P005_202603,H0411,P005,2026-03-01,1,3,141,47.0
H0412_P001_202506,H0412,P001,2025-06-01,1,1,60,60.0
H0412_P001_202508,H0412,P001,2025-08-01,1,1,26,26.0
H0412_P001_202509,H0412,P001,2025-09-01,1,2,62,31.0
H0412_P001_202510,H0412,P001,2025-10-01,1,1,55,55.0
H0412_P001_202511,H0412,P001,2025-11-01,1,1,24,24.0
H0412_P001_202601,H0412,P001,2026-01-01,1,1,50,50.0
H0412_P001_202602,H0412,P001,2026-02-01,1,3,156,52.0
H0412_P002_202506,H0412,P002,2025-06-01,1,3,126,42.0
H0412_P002_202507,H0412,P002,2025-07-01,1,1,36,36.0
H0412_P002_202508,H0412,P002,2025-08-01,1,3,99,33.0
H0412_P002_202509,H0412,P002,2025-09-01,1,2,72,36.0
H0412_P002_202511,H0412,P002,2025-11-01,1,2,104,52.0
H0412_P002_202512,H0412,P002,2025-12-01,1,3,60,20.0
H0412_P002_202601,H0412,P002,2026-01-01,1,1,59,59.0
H0412_P002_202602,H0412,P002,2026-02-01,1,5,145,29.0
H0412_P002_202603,H0412,P002,2026-03-01,1,2,114,57.0
H0412_P003_202507,H0412,P003,2025-07-01,1,2,74,37.0
H0412_P003_202508,H0412,P003,2025-08-01,1,1,43,43.0
H0412_P003_202511,H0412,P003,2025-11-01,1,1,46,46.0
H0412_P003_202601,H0412,P003,2026-01-01,1,1,42,42.0
H0412_P003_202602,H0412,P003,2026-02-01,1,1,38,38.0
H0412_P004_202506,H0412,P004,2025-06-01,1,2,58,29.0
H0412_P004_202507,H0412,P004,2025-07-01,1,2,92,46.0
H0412_P004_202508,H0412,P004,2025-08-01,1,2,104,52.0
H0412_P004_202510,H0412,P004,2025-10-01,1,1,31,31.0
H0412_P004_202511,H0412,P004,2025-11-01,1,1,20,20.0
H0412_P004_202601,H0412,P004,2026-01-01,1,3,87,29.0
H0412_P004_202602,H0412,P004,2026-02-01,1,2,52,26.0
H0412_P005_202506,H0412,P005,2025-06-01,1,5,280,56.0
H0412_P005_202507,H0412,P005,2025-07-01,1,5,285,57.0
H0412_P005_202508,H0412,P005,2025-08-01,1,2,42,21.0
H0412_P005_202509,H0412,P005,2025-09-01,1,3,135,45.0
H0412_P005_202510,H0412,P005,2025-10-01,1,2,86,43.0
H0412_P005_202511,H0412,P005,2025-11-01,1,2,100,50.0
H0412_P005_202512,H0412,P005,2025-12-01,1,2,88,44.0
H0412_P005_202601,H0412,P005,2026-01-01,1,6,174,29.0
H0412_P005_202602,H0412,P005,2026-02-01,1,5,150,30.0
H0412_P005_202603,H0412,P005,2026-03-01,1,1,36,36.0
H0413_P001_202510,H0413,P001,2025-10-01,1,1,39,39.0
H0413_P001_202512,H0413,P001,2025-12-01,1,1,49,49.0
H0413_P002_202509,H0413,P002,2025-09-01,1,1,20,20.0
H0413_P002_202511,H0413,P002,2025-11-01,1,2,116,58.0
H0413_P002_202512,H0413,P002,2025-12-01,1,1,45,45.0
H0413_P002_202602,H0413,P002,2026-02-01,1,1,41,41.0
H0413_P003_202506,H0413,P003,2025-06-01,1,1,42,42.0
H0413_P003_202510,H0413,P003,2025-10-01,1,1,55,55.0
H0413_P003_202512,H0413,P003,2025-12-01,1,2,70,35.0
H0413_P003_202602,H0413,P003,2026-02-01,1,1,42,42.0
H0413_P003_202603,H0413,P003,2026-03-01,1,1,53,53.0
H0413_P004_202603,H0413,P004,2026-03-01,1,2,60,30.0
H0413_P005_202507,H0413,P005,2025-07-01,1,1,20,20.0
H0413_P005_202508,H0413,P005,2025-08-01,1,1,57,57.0
H0413_P005_202510,H0413,P005,2025-10-01,1,1,46,46.0
H0413_P005_202512,H0413,P005,2025-12-01,1,3,114,38.0
H0413_P005_202601,H0413,P005,2026-01-01,1,1,37,37.0
H0415_P001_202506,H0415,P001,2025-06-01,1,5,190,38.0
H0415_P001_202507,H0415,P001,2025-07-01,1,1,47,47.0
H0415_P001_202508,H0415,P001,2025-08-01,1,1,57,57.0
H0415_P001_202509,H0415,P001,2025-09-01,1,1,26,26.0
H0415_P001_202510,H0415,P001,2025-10-01,1,3,75,25.0
H0415_P001_202511,H0415,P001,2025-11-01,1,3,159,53.0
H0415_P001_202512,H0415,P001,2025-12-01,1,3,162,54.0
H0415_P001_202601,H0415,P001,2026-01-01,1,2,68,34.0
H0415_P001_202602,H0415,P001,2026-02-01,1,1,30,30.0
H0415_P001_202603,H0415,P001,2026-03-01,1,3,105,35.0
H0415_P002_202507,H0415,P002,2025-07-01,1,2,76,38.0
H0415_P002_202510,H0415,P002,2025-10-01,1,1,53,53.0
H0415_P002_202511,H0415,P002,2025-11-01,1,1,37,37.0
H0415_P002_202512,H0415,P002,2025-12-01,1,3,69,23.0
H0415_P002_202601,H0415,P002,2026-01-01,1,2,80,40.0
H0415_P003_202506,H0415,P003,2025-06-01,1,1,51,51.0
H0415_P003_202508,H0415,P003,2025-08-01,1,3,129,43.0
H0415_P003_202509,H0415,P003,2025-09-01,1,1,33,33.0
H0415_P003_202510,H0415,P003,2025-10-01,1,2,62,31.0
H0415_P003_202511,H0415,P003,2025-11-01,1,4,204,51.0
H0415_P003_202512,H0415,P003,2025-12-01,1,3,84,28.0
H0415_P003_202601,H0415,P003,2026-01-01,1,1,40,40.0
H0415_P004_202506,H0415,P004,2025-06-01,1,3,150,50.0
H0415_P004_202507,H0415,P004,2025-07-01,1,3,177,59.0
H0415_P004_202508,H0415,P004,2025-08-01,1,3,87,29.0
H0415_P004_202509,H0415,P004,2025-09-01,1,5,105,21.0
H0415_P004_202510,H0415,P004,2025-10-01,1,3,111,37.0
H0415_P004_202511,H0415,P004,2025-11-01,1,2,86,43.0
H0415_P004_202512,H0415,P004,2025-12-01,1,5,150,30.0
H0415_P004_202601,H0415,P004,2026-01-01,1,3,87,29.0
H0415_P004_202603,H0415,P004,2026-03-01,1,2,60,30.0
H0415_P005_202506,H0415,P005,2025-06-01,1,6,222,37.0
H0415_P005_202507,H0415,P005,2025-07-01,1,1,52,52.0
H0415_P005_202508,H0415,P005,2025-08-01,1,2,98,49.0
H0415_P005_202509,H0415,P005,2025-09-01,1,4,160,40.0
H0415_P005_202510,H0415,P005,2025-10-01,1,4,224,56.0
H0415_P005_202511,H0415,P005,2025-11-01,1,1,52,52.0
H0415_P005_202512,H0415,P005,2025-12-01,1,2,118,59.0
H0415_P005_202601,H0415,P005,2026-01-01,1,5,185,37.0
H0415_P005_202602,H0415,P005,2026-02-01,1,2,78,39.0
H0415_P005_202603,H0415,P005,2026-03-01,1,1,30,30.0
H0416_P001_202506,H0416,P001,2025-06-01,1,2,74,37.0
H0416_P001_202507,H0416,P001,2025-07-01,1,3,90,30.0
H0416_P001_202508,H0416,P001,2025-08-01,1,1,40,40.0
H0416_P001_202509,H0416,P001,2025-09-01,1,1,28,28.0
H0416_P001_202601,H0416,P001,2026-01-01,1,3,81,27.0
H0416_P002_202506,H0416,P002,2025-06-01,1,1,37,37.0
H0416_P002_202507,H0416,P002,2025-07-01,1,2,48,24.0
H0416_P002_202508,H0416,P002,2025-08-01,1,2,66,33.0
H0416_P002_202509,H0416,P002,2025-09-01,1,2,112,56.0
H0416_P002_202510,H0416,P002,2025-10-01,1,1,37,37.0
H0416_P002_202511,H0416,P002,2025-11-01,1,2,110,55.0
H0416_P002_202512,H0416,P002,2025-12-01,1,3,168,56.0
H0416_P002_202601,H0416,P002,2026-01-01,1,1,44,44.0
H0416_P002_202603,H0416,P002,2026-03-01,1,1,53,53.0
H0416_P003_202509,H0416,P003,2025-09-01,1,2,58,29.0
H0416_P003_202512,H0416,P003,2025-12-01,1,1,59,59.0
H0416_P003_202602,H0416,P003,2026-02-01,1,1,60,60.0
H0416_P004_202509,H0416,P004,2025-09-01,1,1,46,46.0
H0416_P004_202510,H0416,P004,2025-10-01,1,1,26,26.0
H0416_P004_202511,H0416,P004,2025-11-01,1,1,23,23.0
H0416_P004_202512,H0416,P004,2025-12-01,1,2,94,47.0
H0416_P005_202506,H0416,P005,2025-06-01,1,1,40,40.0
H0416_P005_202510,H0416,P005,2025-10-01,1,1,52,52.0
H0416_P005_202511,H0416,P005,2025-11-01,1,1,51,51.0
H0416_P005_202601,H0416,P005,2026-01-01,1,1,34,34.0
H0417_P001_202506,H0417,P001,2025-06-01,1,5,270,54.0
H0417_P001_202507,H0417,P001,2025-07-01,1,4,116,29.0
H0417_P001_202508,H0417,P001,2025-08-01,1,2,86,43.0
H0417_P001_202509,H0417,P001,2025-09-01,1,1,55,55.0
H0417_P001_202510,H0417,P001,2025-10-01,1,3,93,31.0
H0417_P001_202511,H0417,P001,2025-11-01,1,3,132,44.0
H0417_P001_202512,H0417,P001,2025-12-01,1,5,130,26.0
H0417_P001_202601,H0417,P001,2026-01-01,1,4,236,59.0
H0417_P001_202602,H0417,P001,2026-02-01,1,5,230,46.0
H0417_P001_202603,H0417,P001,2026-03-01,1,6,324,54.0
H0417_P002_202506,H0417,P002,2025-06-01,1,6,318,53.0
H0417_P002_202507,H0417,P002,2025-07-01,1,3,171,57.0
H0417_P002_202508,H0417,P002,2025-08-01,1,2,102,51.0
H0417_P002_202509,H0417,P002,2025-09-01,1,4,172,43.0
H0417_P002_202510,H0417,P002,2025-10-01,1,2,96,48.0
H0417_P002_202511,H0417,P002,2025-11-01,1,1,35,35.0
H0417_P002_202512,H0417,P002,2025-12-01,1,1,27,27.0
H0417_P002_202602,H0417,P002,2026-02-01,1,3,84,28.0
H0417_P002_202603,H0417,P002,2026-03-01,1,3,96,32.0
H0417_P003_202506,H0417,P003,2025-06-01,1,2,102,51.0
H0417_P003_202507,H0417,P003,2025-07-01,1,2,102,51.0
H0417_P003_202508,H0417,P003,2025-08-01,1,2,76,38.0
H0417_P003_202509,H0417,P003,2025-09-01,1,3,168,56.0
H0417_P003_202510,H0417,P003,2025-10-01,1,2,76,38.0
H0417_P003_202512,H0417,P003,2025-12-01,1,2,116,58.0
H0417_P003_202601,H0417,P003,2026-01-01,1,2,44,22.0
H0417_P003_202602,H0417,P003,2026-02-01,1,1,44,44.0
H0417_P003_202603,H0417,P003,2026-03-01,1,2,106,53.0
H0417_P004_202506,H0417,P004,2025-06-01,1,2,48,24.0
H0417_P004_202507,H0417,P004,2025-07-01,1,2,42,21.0
H0417_P004_202508,H0417,P004,2025-08-01,1,4,100,25.0
H0417_P004_202510,H0417,P004,2025-10-01,1,4,172,43.0
H0417_P004_202512,H0417,P004,2025-12-01,1,4,236,59.0
H0417_P004_202601,H0417,P004,2026-01-01,1,2,100,50.0
H0417_P004_202602,H0417,P004,2026-02-01,1,4,184,46.0
H0417_P004_202603,H0417,P004,2026-03-01,1,5,175,35.0
H0417_P005_202506,H0417,P005,2025-06-01,1,2,100,50.0
H0417_P005_202507,H0417,P005,2025-07-01,1,2,62,31.0
H0417_P005_202508,H0417,P005,2025-08-01,1,2,108,54.0
H0417_P005_202509,H0417,P005,2025-09-01,1,4,172,43.0
H0417_P005_202510,H0417,P005,2025-10-01,1,1,34,34.0
H0417_P005_202601,H0417,P005,2026-01-01,1,2,86,43.0
H0417_P005_202602,H0417,P005,2026-02-01,1,2,102,51.0
H0417_P005_202603,H0417,P005,2026-03-01,1,4,184,46.0
H0418_P001_202506,H0418,P001,2025-06-01,1,7,217,31.0
H0418_P001_202507,H0418,P001,2025-07-01,1,5,200,40.0
H0418_P001_202508,H0418,P001,2025-08-01,1,3,126,42.0
H0418_P001_202509,H0418,P001,2025-09-01,1,5,275,55.0
H0418_P001_202510,H0418,P001,2025-10-01,1,4,196,49.0
H0418_P001_202511,H0418,P001,2025-11-01,1,4,224,56.0
H0418_P001_202512,H0418,P001,2025-12-01,1,1,58,58.0
H0418_P001_202601,H0418,P001,2026-01-01,1,5,115,23.0
H0418_P001_202602,H0418,P001,2026-02-01,1,4,172,43.0
H0418_P001_202603,H0418,P001,2026-03-01,1,9,441,49.0
H0418_P002_202506,H0418,P002,2025-06-01,1,5,250,50.0
H0418_P002_202507,H0418,P002,2025-07-01,1,2,90,45.0
H0418_P002_202508,H0418,P002,2025-08-01,1,4,88,22.0
H0418_P002_202509,H0418,P002,2025-09-01,1,5,140,28.0
H0418_P002_202510,H0418,P002,2025-10-01,1,1,56,56.0
H0418_P002_202511,H0418,P002,2025-11-01,1,2,80,40.0
H0418_P002_202512,H0418,P002,2025-12-01,1,2,118,59.0
H0418_P002_202601,H0418,P002,2026-01-01,1,2,58,29.0
H0418_P002_202602,H0418,P002,2026-02-01,1,2,120,60.0
H0418_P003_202506,H0418,P003,2025-06-01,1,2,58,29.0
H0418_P003_202507,H0418,P003,2025-07-01,1,2,42,21.0
H0418_P003_202511,H0418,P003,2025-11-01,1,2,52,26.0
H0418_P003_202601,H0418,P003,2026-01-01,1,1,47,47.0
H0418_P004_202506,H0418,P004,2025-06-01,1,4,228,57.0
H0418_P004_202507,H0418,P004,2025-07-01,1,5,110,22.0
H0418_P004_202508,H0418,P004,2025-08-01,1,1,50,50.0
H0418_P004_202509,H0418,P004,2025-09-01,1,2,50,25.0
H0418_P004_202510,H0418,P004,2025-10-01,1,4,164,41.0
H0418_P004_202511,H0418,P004,2025-11-01,1,2,114,57.0
H0418_P004_202512,H0418,P004,2025-12-01,1,5,205,41.0
H0418_P004_202601,H0418,P004,2026-01-01,1,6,234,39.0
H0418_P004_202602,H0418,P004,2026-02-01,1,1,24,24.0
H0418_P004_202603,H0418,P004,2026-03-01,1,3,90,30.0
H0418_P005_202506,H0418,P005,2025-06-01,1,3,138,46.0
H0418_P005_202508,H0418,P005,2025-08-01,1,1,48,48.0
H0418_P005_202511,H0418,P005,2025-11-01,1,1,46,46.0
H0418_P005_202512,H0418,P005,2025-12-01,1,2,102,51.0
H0418_P005_202601,H0418,P005,2026-01-01,1,3,87,29.0
H0418_P005_202602,H0418,P005,2026-02-01,1,2,44,22.0
H0418_P005_202603,H0418,P005,2026-03-01,1,1,30,30.0
H0419_P001_202506,H0419,P001,2025-06-01,1,3,174,58.0
H0419_P001_202507,H0419,P001,2025-07-01,1,3,138,46.0
H0419_P001_202508,H0419,P001,2025-08-01,1,1,48,48.0
H0419_P001_202509,H0419,P001,2025-09-01,1,3,180,60.0
H0419_P001_202512,H0419,P001,2025-12-01,1,1,22,22.0
H0419_P001_202601,H0419,P001,2026-01-01,1,1,27,27.0
H0419_P001_202602,H0419,P001,2026-02-01,1,3,132,44.0
H0419_P002_202506,H0419,P002,2025-06-01,1,7,224,32.0
H0419_P002_202507,H0419,P002,2025-07-01,1,1,50,50.0
H0419_P002_202508,H0419,P002,2025-08-01,1,2,92,46.0
H0419_P002_202509,H0419,P002,2025-09-01,1,3,66,22.0
H0419_P002_202510,H0419,P002,2025-10-01,1,5,205,41.0
H0419_P002_202511,H0419,P002,2025-11-01,1,4,88,22.0
H0419_P002_202512,H0419,P002,2025-12-01,1,3,84,28.0
H0419_P002_202601,H0419,P002,2026-01-01,1,4,152,38.0
H0419_P002_202602,H0419,P002,2026-02-01,1,2,76,38.0
H0419_P002_202603,H0419,P002,2026-03-01,1,5,235,47.0
H0419_P003_202506,H0419,P003,2025-06-01,1,3,141,47.0
H0419_P003_202507,H0419,P003,2025-07-01,1,2,90,45.0
H0419_P003_202508,H0419,P003,2025-08-01,1,3,165,55.0
H0419_P003_202509,H0419,P003,2025-09-01,1,3,150,50.0
H0419_P003_202510,H0419,P003,2025-10-01,1,2,116,58.0
H0419_P003_202511,H0419,P003,2025-11-01,1,1,37,37.0
H0419_P003_202512,H0419,P003,2025-12-01,1,3,129,43.0
H0419_P003_202601,H0419,P003,2026-01-01,1,4,200,50.0
H0419_P003_202602,H0419,P003,2026-02-01,1,4,160,40.0
H0419_P003_202603,H0419,P003,2026-03-01,1,1,39,39.0
H0419_P004_202506,H0419,P004,2025-06-01,1,1,39,39.0
H0419_P004_202507,H0419,P004,2025-07-01,1,2,46,23.0
H0419_P004_202508,H0419,P004,2025-08-01,1,1,47,47.0
H0419_P004_202509,H0419,P004,2025-09-01,1,3,96,32.0
H0419_P004_202510,H0419,P004,2025-10-01,1,1,50,50.0
H0419_P004_202511,H0419,P004,2025-11-01,1,1,28,28.0
H0419_P004_202512,H0419,P004,2025-12-01,1,2,82,41.0
H0419_P004_202602,H0419,P004,2026-02-01,1,1,39,39.0
H0419_P005_202506,H0419,P005,2025-06-01,1,1,26,26.0
H0419_P005_202508,H0419,P005,2025-08-01,1,1,25,25.0
H0419_P005_202509,H0419,P005,2025-09-01,1,2,62,31.0
H0419_P005_202510,H0419,P005,2025-10-01,1,1,40,40.0
H0419_P005_202511,H0419,P005,2025-11-01,1,1,42,42.0
H0419_P005_202512,H0419,P005,2025-12-01,1,4,128,32.0
H0419_P005_202601,H0419,P005,2026-01-01,1,1,44,44.0
H0419_P005_202602,H0419,P005,2026-02-01,1,1,25,25.0
H0419_P005_202603,H0419,P005,2026-03-01,1,1,29,29.0
H0420_P002_202506,H0420,P002,2025-06-01,1,1,54,54.0
H0420_P002_202508,H0420,P002,2025-08-01,1,1,32,32.0
H0420_P002_202509,H0420,P002,2025-09-01,1,1,43,43.0
H0420_P002_202510,H0420,P002,2025-10-01,1,1,30,30.0
H0420_P002_202603,H0420,P002,2026-03-01,1,1,54,54.0
H0420_P005_202507,H0420,P005,2025-07-01,1,1,55,55.0
H0420_P005_202510,H0420,P005,2025-10-01,1,1,55,55.0
H0420_P005_202602,H0420,P005,2026-02-01,1,1,24,24.0
H0421_P001_202506,H0421,P001,2025-06-01,1,4,204,51.0
H0421_P001_202507,H0421,P001,2025-07-01,1,1,20,20.0
H0421_P001_202508,H0421,P001,2025-08-01,1,1,42,42.0
H0421_P001_202509,H0421,P001,2025-09-01,1,1,53,53.0
H0421_P001_202510,H0421,P001,2025-10-01,1,2,88,44.0
H0421_P001_202511,H0421,P001,2025-11-01,1,3,120,40.0
H0421_P001_202512,H0421,P001,2025-12-01,1,1,36,36.0
H0421_P001_202601,H0421,P001,2026-01-01,1,2,96,48.0
H0421_P001_202602,H0421,P001,2026-02-01,1,1,26,26.0
H0421_P002_202506,H0421,P002,2025-06-01,1,2,90,45.0
H0421_P002_202507,H0421,P002,2025-07-01,1,2,118,59.0
H0421_P002_202508,H0421,P002,2025-08-01,1,1,51,51.0
H0421_P002_202509,H0421,P002,2025-09-01,1,1,34,34.0
H0421_P002_202510,H0421,P002,2025-10-01,1,1,50,50.0
H0421_P002_202511,H0421,P002,2025-11-01,1,2,48,24.0
H0421_P002_202512,H0421,P002,2025-12-01,1,1,33,33.0
H0421_P002_202602,H0421,P002,2026-02-01,1,1,22,22.0
H0421_P002_202603,H0421,P002,2026-03-01,1,1,38,38.0
H0421_P003_202506,H0421,P003,2025-06-01,1,4,240,60.0
H0421_P003_202507,H0421,P003,2025-07-01,1,3,126,42.0
H0421_P003_202508,H0421,P003,2025-08-01,1,4,104,26.0
H0421_P003_202509,H0421,P003,2025-09-01,1,1,23,23.0
H0421_P003_202510,H0421,P003,2025-10-01,1,5,190,38.0
H0421_P003_202511,H0421,P003,2025-11-01,1,5,145,29.0
H0421_P003_202512,H0421,P003,2025-12-01,1,2,42,21.0
H0421_P003_202601,H0421,P003,2026-01-01,1,3,159,53.0
H0421_P003_202602,H0421,P003,2026-02-01,1,2,116,58.0
H0421_P003_202603,H0421,P003,2026-03-01,1,4,176,44.0
H0421_P004_202506,H0421,P004,2025-06-01,1,3,165,55.0
H0421_P004_202509,H0421,P004,2025-09-01,1,2,98,49.0
H0421_P004_202511,H0421,P004,2025-11-01,1,1,60,60.0
H0421_P005_202506,H0421,P005,2025-06-01,1,3,156,52.0
H0421_P005_202508,H0421,P005,2025-08-01,1,3,129,43.0
H0421_P005_202509,H0421,P005,2025-09-01,1,7,364,52.0
H0421_P005_202510,H0421,P005,2025-10-01,1,4,128,32.0
H0421_P005_202511,H0421,P005,2025-11-01,1,2,84,42.0
H0421_P005_202512,H0421,P005,2025-12-01,1,6,156,26.0
H0421_P005_202601,H0421,P005,2026-01-01,1,3,105,35.0
H0421_P005_202602,H0421,P005,2026-02-01,1,7,413,59.0
H0421_P005_202603,H0421,P005,2026-03-01,1,3,150,50.0
H0422_P001_202506,H0422,P001,2025-06-01,1,2,52,26.0
H0422_P001_202507,H0422,P001,2025-07-01,1,1,50,50.0
H0422_P001_202508,H0422,P001,2025-08-01,1,1,51,51.0
H0422_P001_202511,H0422,P001,2025-11-01,1,1,54,54.0
H0422_P001_202512,H0422,P001,2025-12-01,1,1,29,29.0
H0422_P001_202601,H0422,P001,2026-01-01,1,2,96,48.0
H0422_P001_202603,H0422,P001,2026-03-01,1,2,118,59.0
H0422_P002_202506,H0422,P002,2025-06-01,1,4,240,60.0
H0422_P002_202508,H0422,P002,2025-08-01,1,4,204,51.0
H0422_P002_202510,H0422,P002,2025-10-01,1,2,56,28.0
H0422_P002_202512,H0422,P002,2025-12-01,1,3,99,33.0
H0422_P002_202601,H0422,P002,2026-01-01,1,2,106,53.0
H0422_P002_202602,H0422,P002,2026-02-01,1,1,28,28.0
H0422_P002_202603,H0422,P002,2026-03-01,1,1,26,26.0
H0422_P003_202506,H0422,P003,2025-06-01,1,2,68,34.0
H0422_P003_202507,H0422,P003,2025-07-01,1,1,51,51.0
H0422_P003_202508,H0422,P003,2025-08-01,1,1,44,44.0
H0422_P003_202509,H0422,P003,2025-09-01,1,2,112,56.0
H0422_P003_202510,H0422,P003,2025-10-01,1,1,39,39.0
H0422_P003_202511,H0422,P003,2025-11-01,1,1,44,44.0
H0422_P003_202512,H0422,P003,2025-12-01,1,2,68,34.0
H0422_P003_202601,H0422,P003,2026-01-01,1,2,64,32.0
H0422_P003_202602,H0422,P003,2026-02-01,1,1,42,42.0
H0422_P004_202506,H0422,P004,2025-06-01,1,1,37,37.0
H0422_P004_202507,H0422,P004,2025-07-01,1,3,99,33.0
H0422_P004_202509,H0422,P004,2025-09-01,1,1,23,23.0
H0422_P004_202510,H0422,P004,2025-10-01,1,3,168,56.0
H0422_P004_202511,H0422,P004,2025-11-01,1,1,31,31.0
H0422_P004_202512,H0422,P004,2025-12-01,1,2,94,47.0
H0422_P004_202601,H0422,P004,2026-01-01,1,5,265,53.0
H0422_P004_202602,H0422,P004,2026-02-01,1,1,37,37.0
H0422_P004_202603,H0422,P004,2026-03-01,1,2,100,50.0
H0422_P005_202506,H0422,P005,2025-06-01,1,1,23,23.0
H0422_P005_202602,H0422,P005,2026-02-01,1,1,51,51.0
H0423_P001_202506,H0423,P001,2025-06-01,1,1,32,32.0
H0423_P001_202508,H0423,P001,2025-08-01,1,3,90,30.0
H0423_P001_202512,H0423,P001,2025-12-01,1,1,37,37.0
H0423_P001_202602,H0423,P001,2026-02-01,1,3,174,58.0
H0423_P001_202603,H0423,P001,2026-03-01,1,1,50,50.0
H0423_P002_202506,H0423,P002,2025-06-01,1,4,132,33.0
H0423_P002_202507,H0423,P002,2025-07-01,1,5,260,52.0
H0423_P002_202508,H0423,P002,2025-08-01,1,7,406,58.0
H0423_P002_202509,H0423,P002,2025-09-01,1,5,250,50.0
H0423_P002_202510,H0423,P002,2025-10-01,1,3,69,23.0
H0423_P002_202511,H0423,P002,2025-11-01,1,6,174,29.0
H0423_P002_202512,H0423,P002,2025-12-01,1,7,224,32.0
H0423_P002_202601,H0423,P002,2026-01-01,1,6,258,43.0
H0423_P002_202602,H0423,P002,2026-02-01,1,7,308,44.0
H0423_P002_202603,H0423,P002,2026-03-01,1,2,80,40.0
H0423_P003_202506,H0423,P003,2025-06-01,1,2,96,48.0
H0423_P003_202508,H0423,P003,2025-08-01,1,2,84,42.0
H0423_P003_202509,H0423,P003,2025-09-01,1,2,112,56.0
H0423_P003_202510,H0423,P003,2025-10-01,1,3,129,43.0
H0423_P003_202511,H0423,P003,2025-11-01,1,4,96,24.0
H0423_P003_202512,H0423,P003,2025-12-01,1,1,56,56.0
H0423_P003_202601,H0423,P003,2026-01-01,1,1,28,28.0
H0423_P003_202602,H0423,P003,2026-02-01,1,3,108,36.0
H0423_P003_202603,H0423,P003,2026-03-01,1,2,72,36.0
H0423_P004_202508,H0423,P004,2025-08-01,1,2,92,46.0
H0423_P004_202509,H0423,P004,2025-09-01,1,2,52,26.0
H0423_P004_202510,H0423,P004,2025-10-01,1,6,204,34.0
H0423_P004_202512,H0423,P004,2025-12-01,1,2,56,28.0
H0423_P004_202601,H0423,P004,2026-01-01,1,3,165,55.0
H0423_P004_202602,H0423,P004,2026-02-01,1,1,42,42.0
H0423_P005_202507,H0423,P005,2025-07-01,1,2,112,56.0
H0423_P005_202508,H0423,P005,2025-08-01,1,2,106,53.0
H0423_P005_202509,H0423,P005,2025-09-01,1,2,76,38.0
H0423_P005_202510,H0423,P005,2025-10-01,1,1,26,26.0
H0423_P005_202511,H0423,P005,2025-11-01,1,3,138,46.0
H0423_P005_202601,H0423,P005,2026-01-01,1,5,115,23.0
H0423_P005_202602,H0423,P005,2026-02-01,1,3,138,46.0
H0423_P005_202603,H0423,P005,2026-03-01,1,1,30,30.0
H0424_P001_202506,H0424,P001,2025-06-01,1,1,30,30.0
H0424_P001_202507,H0424,P001,2025-07-01,1,2,98,49.0
H0424_P001_202508,H0424,P001,2025-08-01,1,1,43,43.0
H0424_P001_202602,H0424,P001,2026-02-01,1,1,22,22.0
H0424_P001_202603,H0424,P001,2026-03-01,1,1,40,40.0
H0424_P002_202506,H0424,P002,2025-06-01,1,2,42,21.0
H0424_P002_202507,H0424,P002,2025-07-01,1,3,99,33.0
H0424_P002_202508,H0424,P002,2025-08-01,1,1,52,52.0
H0424_P002_202510,H0424,P002,2025-10-01,1,2,102,51.0
H0424_P002_202511,H0424,P002,2025-11-01,1,1,39,39.0
H0424_P002_202512,H0424,P002,2025-12-01,1,2,66,33.0
H0424_P002_202602,H0424,P002,2026-02-01,1,2,66,33.0
H0424_P002_202603,H0424,P002,2026-03-01,1,3,174,58.0
H0424_P003_202506,H0424,P003,2025-06-01,1,1,45,45.0
H0424_P003_202509,H0424,P003,2025-09-01,1,1,52,52.0
H0424_P003_202510,H0424,P003,2025-10-01,1,1,22,22.0
H0424_P003_202511,H0424,P003,2025-11-01,1,1,36,36.0
H0424_P003_202601,H0424,P003,2026-01-01,1,1,39,39.0
H0424_P003_202602,H0424,P003,2026-02-01,1,1,20,20.0
H0424_P004_202506,H0424,P004,2025-06-01,1,5,290,58.0
H0424_P004_202508,H0424,P004,2025-08-01,1,1,24,24.0
H0424_P004_202509,H0424,P004,2025-09-01,1,2,64,32.0
H0424_P004_202511,H0424,P004,2025-11-01,1,1,25,25.0
H0424_P004_202512,H0424,P004,2025-12-01,1,1,57,57.0
H0424_P004_202601,H0424,P004,2026-01-01,1,2,50,25.0
H0424_P004_202602,H0424,P004,2026-02-01,1,2,50,25.0
H0424_P004_202603,H0424,P004,2026-03-01,1,3,123,41.0
H0424_P005_202507,H0424,P005,2025-07-01,1,1,31,31.0
H0424_P005_202601,H0424,P005,2026-01-01,1,1,41,41.0
H0425_P001_202506,H0425,P001,2025-06-01,1,2,76,38.0
H0425_P001_202507,H0425,P001,2025-07-01,1,2,102,51.0
H0425_P001_202508,H0425,P001,2025-08-01,1,1,38,38.0
H0425_P001_202509,H0425,P001,2025-09-01,1,3,93,31.0
H0425_P001_202510,H0425,P001,2025-10-01,1,4,108,27.0
H0425_P001_202511,H0425,P001,2025-11-01,1,5,180,36.0
H0425_P001_202512,H0425,P001,2025-12-01,1,1,49,49.0
H0425_P001_202601,H0425,P001,2026-01-01,1,1,33,33.0
H0425_P001_202603,H0425,P001,2026-03-01,1,1,25,25.0
H0425_P002_202506,H0425,P002,2025-06-01,1,4,148,37.0
H0425_P002_202507,H0425,P002,2025-07-01,1,8,320,40.0
H0425_P002_202508,H0425,P002,2025-08-01,1,3,147,49.0
H0425_P002_202509,H0425,P002,2025-09-01,1,4,88,22.0
H0425_P002_202510,H0425,P002,2025-10-01,1,3,120,40.0
H0425_P002_202511,H0425,P002,2025-11-01,1,6,216,36.0
H0425_P002_202512,H0425,P002,2025-12-01,1,2,98,49.0
H0425_P002_202601,H0425,P002,2026-01-01,1,3,99,33.0
H0425_P002_202602,H0425,P002,2026-02-01,1,3,141,47.0
H0425_P002_202603,H0425,P002,2026-03-01,1,3,129,43.0
H0425_P003_202506,H0425,P003,2025-06-01,1,5,290,58.0
H0425_P003_202507,H0425,P003,2025-07-01,1,1,30,30.0
H0425_P003_202508,H0425,P003,2025-08-01,1,2,68,34.0
H0425_P003_202509,H0425,P003,2025-09-01,1,3,117,39.0
H0425_P003_202510,H0425,P003,2025-10-01,1,3,93,31.0
H0425_P003_202511,H0425,P003,2025-11-01,1,2,88,44.0
H0425_P003_202512,H0425,P003,2025-12-01,1,2,90,45.0
H0425_P003_202601,H0425,P003,2026-01-01,1,5,230,46.0
H0425_P003_202602,H0425,P003,2026-02-01,1,4,176,44.0
H0425_P003_202603,H0425,P003,2026-03-01,1,2,50,25.0
H0425_P004_202506,H0425,P004,2025-06-01,1,3,156,52.0
H0425_P004_202507,H0425,P004,2025-07-01,1,3,60,20.0
H0425_P004_202508,H0425,P004,2025-08-01,1,3,87,29.0
H0425_P004_202510,H0425,P004,2025-10-01,1,1,38,38.0
H0425_P004_202511,H0425,P004,2025-11-01,1,6,276,46.0
H0425_P004_202512,H0425,P004,2025-12-01,1,4,104,26.0
H0425_P004_202601,H0425,P004,2026-01-01,1,2,60,30.0
H0425_P004_202602,H0425,P004,2026-02-01,1,2,82,41.0
H0425_P004_202603,H0425,P004,2026-03-01,1,4,208,52.0
H0425_P005_202507,H0425,P005,2025-07-01,1,2,78,39.0
H0425_P005_202508,H0425,P005,2025-08-01,1,3,135,45.0
H0425_P005_202509,H0425,P005,2025-09-01,1,1,58,58.0
H0425_P005_202510,H0425,P005,2025-10-01,1,5,285,57.0
H0425_P005_202511,H0425,P005,2025-11-01,1,3,117,39.0
H0425_P005_202512,H0425,P005,2025-12-01,1,2,76,38.0
H0425_P005_202601,H0425,P005,2026-01-01,1,2,76,38.0
H0425_P005_202602,H0425,P005,2026-02-01,1,3,90,30.0
H0425_P005_202603,H0425,P005,2026-03-01,1,4,128,32.0
H0426_P005_202506,H0426,P005,2025-06-01,1,1,41,41.0
H0426_P005_202601,H0426,P005,2026-01-01,1,1,25,25.0
H0427_P001_202507,H0427,P001,2025-07-01,1,1,46,46.0
H0427_P001_202509,H0427,P001,2025-09-01,1,1,43,43.0
H0427_P001_202510,H0427,P001,2025-10-01,1,2,60,30.0
H0427_P001_202511,H0427,P001,2025-11-01,1,1,20,20.0
H0427_P001_202602,H0427,P001,2026-02-01,1,2,44,22.0
H0427_P001_202603,H0427,P001,2026-03-01,1,1,54,54.0
H0427_P002_202508,H0427,P002,2025-08-01,1,1,52,52.0
H0427_P002_202601,H0427,P002,2026-01-01,1,2,106,53.0
H0427_P002_202602,H0427,P002,2026-02-01,1,2,106,53.0
H0427_P002_202603,H0427,P002,2026-03-01,1,2,108,54.0
H0427_P003_202507,H0427,P003,2025-07-01,1,1,34,34.0
H0427_P003_202508,H0427,P003,2025-08-01,1,1,55,55.0
H0427_P003_202511,H0427,P003,2025-11-01,1,1,22,22.0
H0427_P003_202512,H0427,P003,2025-12-01,1,1,52,52.0
H0427_P003_202601,H0427,P003,2026-01-01,1,2,120,60.0
H0427_P003_202603,H0427,P003,2026-03-01,1,1,20,20.0
H0427_P004_202506,H0427,P004,2025-06-01,1,1,54,54.0
H0427_P004_202507,H0427,P004,2025-07-01,1,1,35,35.0
H0427_P004_202508,H0427,P004,2025-08-01,1,2,76,38.0
H0427_P004_202509,H0427,P004,2025-09-01,1,1,22,22.0
H0427_P004_202510,H0427,P004,2025-10-01,1,2,104,52.0
H0427_P004_202511,H0427,P004,2025-11-01,1,2,106,53.0
H0427_P004_202512,H0427,P004,2025-12-01,1,1,50,50.0
H0427_P004_202601,H0427,P004,2026-01-01,1,2,90,45.0
H0427_P004_202602,H0427,P004,2026-02-01,1,2,120,60.0
H0427_P004_202603,H0427,P004,2026-03-01,1,1,25,25.0
H0427_P005_202509,H0427,P005,2025-09-01,1,3,105,35.0
H0427_P005_202510,H0427,P005,2025-10-01,1,1,35,35.0
H0427_P005_202601,H0427,P005,2026-01-01,1,1,23,23.0
H0427_P005_202602,H0427,P005,2026-02-01,1,2,66,33.0
H0428_P001_202506,H0428,P001,2025-06-01,1,2,64,32.0
H0428_P001_202507,H0428,P001,2025-07-01,1,3,144,48.0
H0428_P001_202509,H0428,P001,2025-09-01,1,3,132,44.0
H0428_P001_202510,H0428,P001,2025-10-01,1,3,72,24.0
H0428_P001_202511,H0428,P001,2025-11-01,1,2,98,49.0
H0428_P001_202512,H0428,P001,2025-12-01,1,2,72,36.0
H0428_P001_202601,H0428,P001,2026-01-01,1,2,64,32.0
H0428_P001_202602,H0428,P001,2026-02-01,1,2,84,42.0
H0428_P002_202506,H0428,P002,2025-06-01,1,1,48,48.0
H0428_P002_202507,H0428,P002,2025-07-01,1,2,102,51.0
H0428_P002_202509,H0428,P002,2025-09-01,1,2,108,54.0
H0428_P002_202511,H0428,P002,2025-11-01,1,2,74,37.0
H0428_P002_202512,H0428,P002,2025-12-01,1,1,42,42.0
H0428_P002_202601,H0428,P002,2026-01-01,1,2,120,60.0
H0428_P002_202603,H0428,P002,2026-03-01,1,2,80,40.0
H0428_P003_202509,H0428,P003,2025-09-01,1,1,54,54.0
H0428_P003_202601,H0428,P003,2026-01-01,1,1,27,27.0
H0428_P004_202507,H0428,P004,2025-07-01,1,2,78,39.0
H0428_P004_202508,H0428,P004,2025-08-01,1,1,40,40.0
H0428_P004_202509,H0428,P004,2025-09-01,1,1,50,50.0
H0428_P004_202511,H0428,P004,2025-11-01,1,3,135,45.0
H0428_P004_202512,H0428,P004,2025-12-01,1,2,112,56.0
H0428_P004_202601,H0428,P004,2026-01-01,1,2,54,27.0
H0428_P004_202602,H0428,P004,2026-02-01,1,1,26,26.0
H0428_P005_202506,H0428,P005,2025-06-01,1,2,100,50.0
H0428_P005_202507,H0428,P005,2025-07-01,1,1,59,59.0
H0428_P005_202508,H0428,P005,2025-08-01,1,2,88,44.0
H0428_P005_202509,H0428,P005,2025-09-01,1,2,58,29.0
H0428_P005_202510,H0428,P005,2025-10-01,1,3,102,34.0
H0428_P005_202511,H0428,P005,2025-11-01,1,2,82,41.0
H0428_P005_202512,H0428,P005,2025-12-01,1,6,138,23.0
H0428_P005_202601,H0428,P005,2026-01-01,1,6,150,25.0
H0429_P001_202506,H0429,P001,2025-06-01,1,1,23,23.0
H0429_P001_202507,H0429,P001,2025-07-01,1,2,68,34.0
H0429_P001_202508,H0429,P001,2025-08-01,1,3,177,59.0
H0429_P001_202509,H0429,P001,2025-09-01,1,2,46,23.0
H0429_P001_202510,H0429,P001,2025-10-01,1,2,92,46.0
H0429_P001_202511,H0429,P001,2025-11-01,1,2,106,53.0
H0429_P001_202512,H0429,P001,2025-12-01,1,4,184,46.0
H0429_P001_202601,H0429,P001,2026-01-01,1,1,31,31.0
H0429_P001_202602,H0429,P001,2026-02-01,1,1,39,39.0
H0429_P001_202603,H0429,P001,2026-03-01,1,2,86,43.0
H0429_P002_202506,H0429,P002,2025-06-01,1,1,39,39.0
H0429_P002_202507,H0429,P002,2025-07-01,1,1,48,48.0
H0429_P002_202508,H0429,P002,2025-08-01,1,1,35,35.0
H0429_P002_202510,H0429,P002,2025-10-01,1,3,180,60.0
H0429_P002_202511,H0429,P002,2025-11-01,1,1,27,27.0
H0429_P002_202512,H0429,P002,2025-12-01,1,1,34,34.0
H0429_P002_202601,H0429,P002,2026-01-01,1,2,74,37.0
H0429_P002_202602,H0429,P002,2026-02-01,1,1,60,60.0
H0429_P002_202603,H0429,P002,2026-03-01,1,1,39,39.0
H0429_P003_202512,H0429,P003,2025-12-01,1,1,51,51.0
H0429_P003_202601,H0429,P003,2026-01-01,1,1,54,54.0
H0429_P003_202603,H0429,P003,2026-03-01,1,1,46,46.0
H0429_P004_202506,H0429,P004,2025-06-01,1,2,100,50.0
H0429_P004_202508,H0429,P004,2025-08-01,1,2,42,21.0
H0429_P004_202509,H0429,P004,2025-09-01,1,3,180,60.0
H0429_P004_202510,H0429,P004,2025-10-01,1,2,100,50.0
H0429_P004_202511,H0429,P004,2025-11-01,1,1,43,43.0
H0429_P004_202601,H0429,P004,2026-01-01,1,2,82,41.0
H0429_P004_202603,H0429,P004,2026-03-01,1,2,46,23.0
H0429_P005_202508,H0429,P005,2025-08-01,1,1,21,21.0
H0429_P005_202512,H0429,P005,2025-12-01,1,1,43,43.0
H0429_P005_202601,H0429,P005,2026-01-01,1,1,39,39.0
H0429_P005_202603,H0429,P005,2026-03-01,1,2,52,26.0
H0430_P001_202506,H0430,P001,2025-06-01,1,1,20,20.0
H0430_P001_202507,H0430,P001,2025-07-01,1,4,152,38.0
H0430_P001_202508,H0430,P001,2025-08-01,1,1,56,56.0
H0430_P001_202510,H0430,P001,2025-10-01,1,2,46,23.0
H0430_P001_202511,H0430,P001,2025-11-01,1,1,33,33.0
H0430_P001_202512,H0430,P001,2025-12-01,1,4,224,56.0
H0430_P001_202601,H0430,P001,2026-01-01,1,1,36,36.0
H0430_P001_202602,H0430,P001,2026-02-01,1,3,132,44.0
H0430_P001_202603,H0430,P001,2026-03-01,1,1,60,60.0
H0430_P003_202506,H0430,P003,2025-06-01,1,3,111,37.0
H0430_P003_202508,H0430,P003,2025-08-01,1,2,40,20.0
H0430_P003_202509,H0430,P003,2025-09-01,1,2,40,20.0
H0430_P003_202510,H0430,P003,2025-10-01,1,1,26,26.0
H0430_P003_202511,H0430,P003,2025-11-01,1,2,56,28.0
H0430_P003_202512,H0430,P003,2025-12-01,1,1,41,41.0
H0430_P003_202601,H0430,P003,2026-01-01,1,1,37,37.0
H0430_P003_202602,H0430,P003,2026-02-01,1,1,34,34.0
H0431_P001_202509,H0431,P001,2025-09-01,1,1,48,48.0
H0431_P001_202601,H0431,P001,2026-01-01,1,1,36,36.0
H0431_P001_202602,H0431,P001,2026-02-01,1,1,32,32.0
H0431_P002_202506,H0431,P002,2025-06-01,1,2,98,49.0
H0431_P002_202507,H0431,P002,2025-07-01,1,2,116,58.0
H0431_P002_202508,H0431,P002,2025-08-01,1,3,177,59.0
H0431_P002_202509,H0431,P002,2025-09-01,1,1,37,37.0
H0431_P002_202510,H0431,P002,2025-10-01,1,2,68,34.0
H0431_P002_202512,H0431,P002,2025-12-01,1,1,49,49.0
H0431_P002_202601,H0431,P002,2026-01-01,1,2,80,40.0
H0431_P002_202602,H0431,P002,2026-02-01,1,3,99,33.0
H0431_P002_202603,H0431,P002,2026-03-01,1,3,60,20.0
H0431_P003_202507,H0431,P003,2025-07-01,1,1,40,40.0
H0431_P003_202508,H0431,P003,2025-08-01,1,2,90,45.0
H0431_P003_202509,H0431,P003,2025-09-01,1,5,245,49.0
H0431_P003_202510,H0431,P003,2025-10-01,1,4,112,28.0
H0431_P003_202511,H0431,P003,2025-11-01,1,2,100,50.0
H0431_P003_202512,H0431,P003,2025-12-01,1,2,72,36.0
H0431_P003_202601,H0431,P003,2026-01-01,1,2,88,44.0
H0431_P003_202602,H0431,P003,2026-02-01,1,2,56,28.0
H0431_P003_202603,H0431,P003,2026-03-01,1,1,38,38.0
H0431_P004_202508,H0431,P004,2025-08-01,1,3,99,33.0
H0431_P004_202509,H0431,P004,2025-09-01,1,6,126,21.0
H0431_P004_202510,H0431,P004,2025-10-01,1,1,37,37.0
H0431_P004_202511,H0431,P004,2025-11-01,1,4,232,58.0
H0431_P004_202601,H0431,P004,2026-01-01,1,4,188,47.0
H0431_P004_202602,H0431,P004,2026-02-01,1,4,188,47.0
H0431_P004_202603,H0431,P004,2026-03-01,1,3,69,23.0
H0431_P005_202506,H0431,P005,2025-06-01,1,2,98,49.0
H0431_P005_202507,H0431,P005,2025-07-01,1,2,80,40.0
H0431_P005_202508,H0431,P005,2025-08-01,1,1,49,49.0
H0431_P005_202602,H0431,P005,2026-02-01,1,1,60,60.0
H0431_P005_202603,H0431,P005,2026-03-01,1,1,36,36.0
H0432_P001_202511,H0432,P001,2025-11-01,1,4,92,23.0
H0432_P001_202512,H0432,P001,2025-12-01,1,1,20,20.0
H0432_P001_202601,H0432,P001,2026-01-01,1,2,60,30.0
H0432_P001_202602,H0432,P001,2026-02-01,1,3,162,54.0
H0432_P001_202603,H0432,P001,2026-03-01,1,2,106,53.0
H0432_P002_202506,H0432,P002,2025-06-01,1,4,84,21.0
H0432_P002_202507,H0432,P002,2025-07-01,1,4,236,59.0
H0432_P002_202509,H0432,P002,2025-09-01,1,2,60,30.0
H0432_P002_202510,H0432,P002,2025-10-01,1,3,168,56.0
H0432_P002_202511,H0432,P002,2025-11-01,1,1,48,48.0
H0432_P002_202512,H0432,P002,2025-12-01,1,2,82,41.0
H0432_P002_202601,H0432,P002,2026-01-01,1,1,32,32.0
H0432_P002_202602,H0432,P002,2026-02-01,1,5,300,60.0
H0432_P002_202603,H0432,P002,2026-03-01,1,3,147,49.0
H0432_P003_202507,H0432,P003,2025-07-01,1,4,132,33.0
H0432_P003_202508,H0432,P003,2025-08-01,1,2,66,33.0
H0432_P003_202509,H0432,P003,2025-09-01,1,2,58,29.0
H0432_P003_202510,H0432,P003,2025-10-01,1,1,36,36.0
H0432_P003_202601,H0432,P003,2026-01-01,1,1,55,55.0
H0432_P003_202602,H0432,P003,2026-02-01,1,1,50,50.0
H0432_P003_202603,H0432,P003,2026-03-01,1,4,180,45.0
H0432_P004_202506,H0432,P004,2025-06-01,1,1,24,24.0
H0432_P004_202508,H0432,P004,2025-08-01,1,2,100,50.0
H0432_P004_202510,H0432,P004,2025-10-01,1,3,66,22.0
H0432_P004_202601,H0432,P004,2026-01-01,1,1,21,21.0
H0432_P004_202603,H0432,P004,2026-03-01,1,3,153,51.0
H0432_P005_202506,H0432,P005,2025-06-01,1,2,100,50.0
H0432_P005_202507,H0432,P005,2025-07-01,1,3,144,48.0
H0432_P005_202508,H0432,P005,2025-08-01,1,7,252,36.0
H0432_P005_202509,H0432,P005,2025-09-01,1,4,184,46.0
H0432_P005_202510,H0432,P005,2025-10-01,1,1,35,35.0
H0432_P005_202511,H0432,P005,2025-11-01,1,4,144,36.0
H0432_P005_202512,H0432,P005,2025-12-01,1,2,98,49.0
H0432_P005_202601,H0432,P005,2026-01-01,1,3,72,24.0
H0432_P005_202602,H0432,P005,2026-02-01,1,2,90,45.0
H0432_P005_202603,H0432,P005,2026-03-01,1,3,132,44.0
H0433_P003_202507,H0433,P003,2025-07-01,1,1,50,50.0
H0433_P003_202508,H0433,P003,2025-08-01,1,1,46,46.0
H0433_P003_202510,H0433,P003,2025-10-01,1,1,32,32.0
H0433_P003_202511,H0433,P003,2025-11-01,1,1,49,49.0
H0433_P003_202603,H0433,P003,2026-03-01,1,1,43,43.0
H0433_P004_202506,H0433,P004,2025-06-01,1,1,24,24.0
H0433_P004_202602,H0433,P004,2026-02-01,1,2,90,45.0
H0433_P004_202603,H0433,P004,2026-03-01,1,1,42,42.0
H0434_P001_202506,H0434,P001,2025-06-01,1,1,28,28.0
H0434_P001_202507,H0434,P001,2025-07-01,1,1,22,22.0
H0434_P001_202508,H0434,P001,2025-08-01,1,1,24,24.0
H0434_P001_202509,H0434,P001,2025-09-01,1,1,27,27.0
H0434_P001_202510,H0434,P001,2025-10-01,1,1,45,45.0
H0434_P001_202603,H0434,P001,2026-03-01,1,1,46,46.0
H0434_P003_202511,H0434,P003,2025-11-01,1,1,33,33.0
H0434_P003_202512,H0434,P003,2025-12-01,1,1,56,56.0
H0434_P003_202603,H0434,P003,2026-03-01,1,1,40,40.0
H0434_P004_202506,H0434,P004,2025-06-01,1,1,50,50.0
H0434_P004_202508,H0434,P004,2025-08-01,1,2,52,26.0
H0434_P004_202511,H0434,P004,2025-11-01,1,2,62,31.0
H0434_P004_202512,H0434,P004,2025-12-01,1,1,21,21.0
H0434_P004_202602,H0434,P004,2026-02-01,1,1,60,60.0
H0434_P004_202603,H0434,P004,2026-03-01,1,1,27,27.0
H0434_P005_202509,H0434,P005,2025-09-01,1,1,27,27.0
H0434_P005_202510,H0434,P005,2025-10-01,1,1,48,48.0
H0434_P005_202601,H0434,P005,2026-01-01,1,1,36,36.0
H0436_P001_202506,H0436,P001,2025-06-01,1,1,54,54.0
H0436_P001_202507,H0436,P001,2025-07-01,1,1,25,25.0
H0436_P001_202508,H0436,P001,2025-08-01,1,1,24,24.0
H0436_P001_202509,H0436,P001,2025-09-01,1,2,44,22.0
H0436_P001_202510,H0436,P001,2025-10-01,1,2,92,46.0
H0436_P001_202511,H0436,P001,2025-11-01,1,1,43,43.0
H0436_P001_202512,H0436,P001,2025-12-01,1,1,45,45.0
H0436_P001_202601,H0436,P001,2026-01-01,1,1,60,60.0
H0436_P001_202602,H0436,P001,2026-02-01,1,1,52,52.0
H0436_P001_202603,H0436,P001,2026-03-01,1,2,88,44.0
H0436_P002_202507,H0436,P002,2025-07-01,1,2,68,34.0
H0436_P002_202509,H0436,P002,2025-09-01,1,1,43,43.0
H0436_P002_202510,H0436,P002,2025-10-01,1,1,40,40.0
H0436_P002_202512,H0436,P002,2025-12-01,1,2,56,28.0
H0436_P003_202507,H0436,P003,2025-07-01,1,2,40,20.0
H0436_P003_202508,H0436,P003,2025-08-01,1,2,94,47.0
H0436_P003_202510,H0436,P003,2025-10-01,1,1,59,59.0
H0436_P003_202511,H0436,P003,2025-11-01,1,2,64,32.0
H0436_P003_202602,H0436,P003,2026-02-01,1,1,47,47.0
H0436_P003_202603,H0436,P003,2026-03-01,1,1,25,25.0
H0436_P004_202506,H0436,P004,2025-06-01,1,1,25,25.0
H0436_P004_202508,H0436,P004,2025-08-01,1,1,36,36.0
H0436_P004_202509,H0436,P004,2025-09-01,1,2,68,34.0
H0436_P004_202510,H0436,P004,2025-10-01,1,1,58,58.0
H0436_P004_202511,H0436,P004,2025-11-01,1,3,75,25.0
H0436_P004_202512,H0436,P004,2025-12-01,1,1,33,33.0
H0436_P004_202601,H0436,P004,2026-01-01,1,1,49,49.0
H0436_P004_202602,H0436,P004,2026-02-01,1,2,58,29.0
H0436_P004_202603,H0436,P004,2026-03-01,1,1,59,59.0
H0436_P005_202506,H0436,P005,2025-06-01,1,1,20,20.0
H0436_P005_202507,H0436,P005,2025-07-01,1,4,220,55.0
H0436_P005_202508,H0436,P005,2025-08-01,1,1,38,38.0
H0436_P005_202510,H0436,P005,2025-10-01,1,1,29,29.0
H0436_P005_202512,H0436,P005,2025-12-01,1,1,20,20.0
H0436_P005_202603,H0436,P005,2026-03-01,1,1,38,38.0
H0437_P004_202508,H0437,P004,2025-08-01,1,1,57,57.0
H0437_P004_202511,H0437,P004,2025-11-01,1,1,55,55.0
H0437_P004_202512,H0437,P004,2025-12-01,1,1,45,45.0
H0437_P004_202601,H0437,P004,2026-01-01,1,1,40,40.0
H0437_P004_202602,H0437,P004,2026-02-01,1,1,38,38.0
H0438_P001_202508,H0438,P001,2025-08-01,1,1,60,60.0
H0438_P001_202511,H0438,P001,2025-11-01,1,1,24,24.0
H0438_P001_202512,H0438,P001,2025-12-01,1,1,37,37.0
H0438_P001_202601,H0438,P001,2026-01-01,1,1,54,54.0
H0438_P001_202603,H0438,P001,2026-03-01,1,1,41,41.0
H0438_P002_202507,H0438,P002,2025-07-01,1,1,44,44.0
H0438_P002_202508,H0438,P002,2025-08-01,1,1,56,56.0
H0438_P002_202511,H0438,P002,2025-11-01,1,3,87,29.0
H0438_P002_202512,H0438,P002,2025-12-01,1,2,116,58.0
H0438_P002_202603,H0438,P002,2026-03-01,1,1,24,24.0
H0438_P003_202512,H0438,P003,2025-12-01,1,1,40,40.0
H0438_P003_202601,H0438,P003,2026-01-01,1,1,59,59.0
H0438_P003_202603,H0438,P003,2026-03-01,1,2,62,31.0
H0438_P004_202507,H0438,P004,2025-07-01,1,1,34,34.0
H0438_P004_202510,H0438,P004,2025-10-01,1,1,53,53.0
H0438_P004_202601,H0438,P004,2026-01-01,1,1,41,41.0
H0438_P005_202508,H0438,P005,2025-08-01,1,3,177,59.0
H0438_P005_202509,H0438,P005,2025-09-01,1,3,135,45.0
H0438_P005_202510,H0438,P005,2025-10-01,1,1,23,23.0
H0438_P005_202512,H0438,P005,2025-12-01,1,1,50,50.0
H0438_P005_202601,H0438,P005,2026-01-01,1,1,32,32.0
H0438_P005_202602,H0438,P005,2026-02-01,1,1,30,30.0
H0439_P001_202506,H0439,P001,2025-06-01,1,1,42,42.0
H0439_P001_202509,H0439,P001,2025-09-01,1,1,59,59.0
H0439_P001_202510,H0439,P001,2025-10-01,1,2,52,26.0
H0439_P001_202511,H0439,P001,2025-11-01,1,1,50,50.0
H0439_P001_202601,H0439,P001,2026-01-01,1,3,141,47.0
H0439_P001_202602,H0439,P001,2026-02-01,1,1,42,42.0
H0439_P001_202603,H0439,P001,2026-03-01,1,1,32,32.0
H0439_P002_202506,H0439,P002,2025-06-01,1,1,58,58.0
H0439_P002_202507,H0439,P002,2025-07-01,1,1,32,32.0
H0439_P002_202508,H0439,P002,2025-08-01,1,2,118,59.0
H0439_P002_202510,H0439,P002,2025-10-01,1,1,41,41.0
H0439_P002_202511,H0439,P002,2025-11-01,1,1,35,35.0
H0439_P002_202512,H0439,P002,2025-12-01,1,3,63,21.0
H0439_P002_202602,H0439,P002,2026-02-01,1,1,34,34.0
H0439_P002_202603,H0439,P002,2026-03-01,1,2,60,30.0
H0439_P004_202601,H0439,P004,2026-01-01,1,1,60,60.0
H0439_P005_202508,H0439,P005,2025-08-01,1,1,54,54.0
H0439_P005_202509,H0439,P005,2025-09-01,1,1,22,22.0
H0439_P005_202603,H0439,P005,2026-03-01,1,1,22,22.0
H0440_P001_202508,H0440,P001,2025-08-01,1,1,20,20.0
H0440_P001_202510,H0440,P001,2025-10-01,1,1,26,26.0
H0440_P003_202507,H0440,P003,2025-07-01,1,1,32,32.0
H0440_P003_202508,H0440,P003,2025-08-01,1,1,42,42.0
H0440_P003_202509,H0440,P003,2025-09-01,1,1,58,58.0
H0440_P003_202601,H0440,P003,2026-01-01,1,2,98,49.0
H0440_P004_202506,H0440,P004,2025-06-01,1,1,22,22.0
H0440_P004_202507,H0440,P004,2025-07-01,1,1,44,44.0
H0440_P004_202508,H0440,P004,2025-08-01,1,1,21,21.0
H0440_P004_202510,H0440,P004,2025-10-01,1,1,39,39.0
H0440_P004_202511,H0440,P004,2025-11-01,1,2,62,31.0
H0440_P004_202512,H0440,P004,2025-12-01,1,1,47,47.0
H0440_P004_202601,H0440,P004,2026-01-01,1,1,44,44.0
H0440_P004_202602,H0440,P004,2026-02-01,1,1,49,49.0
H0441_P002_202506,H0441,P002,2025-06-01,1,4,124,31.0
H0441_P002_202507,H0441,P002,2025-07-01,1,1,60,60.0
H0441_P002_202508,H0441,P002,2025-08-01,1,2,118,59.0
H0441_P002_202509,H0441,P002,2025-09-01,1,4,124,31.0
H0441_P002_202510,H0441,P002,2025-10-01,1,2,70,35.0
H0441_P002_202511,H0441,P002,2025-11-01,1,2,78,39.0
H0441_P002_202512,H0441,P002,2025-12-01,1,2,56,28.0
H0441_P002_202601,H0441,P002,2026-01-01,1,2,80,40.0
H0441_P002_202602,H0441,P002,2026-02-01,1,2,68,34.0
H0441_P002_202603,H0441,P002,2026-03-01,1,2,56,28.0
H0441_P004_202507,H0441,P004,2025-07-01,1,1,24,24.0
H0441_P004_202510,H0441,P004,2025-10-01,1,1,46,46.0
H0441_P004_202512,H0441,P004,2025-12-01,1,1,39,39.0
H0441_P004_202602,H0441,P004,2026-02-01,1,1,43,43.0
H0442_P001_202512,H0442,P001,2025-12-01,1,2,106,53.0
H0442_P001_202602,H0442,P001,2026-02-01,1,1,58,58.0
H0442_P002_202506,H0442,P002,2025-06-01,1,2,80,40.0
H0442_P002_202507,H0442,P002,2025-07-01,1,2,118,59.0
H0442_P002_202508,H0442,P002,2025-08-01,1,5,165,33.0
H0442_P002_202509,H0442,P002,2025-09-01,1,2,42,21.0
H0442_P002_202510,H0442,P002,2025-10-01,1,2,104,52.0
H0442_P002_202511,H0442,P002,2025-11-01,1,3,153,51.0
H0442_P002_202512,H0442,P002,2025-12-01,1,3,84,28.0
H0442_P002_202601,H0442,P002,2026-01-01,1,2,96,48.0
H0442_P002_202603,H0442,P002,2026-03-01,1,2,78,39.0
H0442_P003_202506,H0442,P003,2025-06-01,1,1,29,29.0
H0442_P003_202507,H0442,P003,2025-07-01,1,1,37,37.0
H0442_P003_202508,H0442,P003,2025-08-01,1,2,100,50.0
H0442_P003_202509,H0442,P003,2025-09-01,1,1,51,51.0
H0442_P003_202510,H0442,P003,2025-10-01,1,1,39,39.0
H0442_P003_202512,H0442,P003,2025-12-01,1,1,47,47.0
H0442_P003_202601,H0442,P003,2026-01-01,1,1,25,25.0
H0442_P003_202602,H0442,P003,2026-02-01,1,2,64,32.0
H0442_P004_202508,H0442,P004,2025-08-01,1,1,50,50.0
H0442_P004_202512,H0442,P004,2025-12-01,1,1,49,49.0
H0442_P004_202601,H0442,P004,2026-01-01,1,1,46,46.0
H0442_P005_202506,H0442,P005,2025-06-01,1,1,40,40.0
H0442_P005_202507,H0442,P005,2025-07-01,1,1,43,43.0
H0442_P005_202508,H0442,P005,2025-08-01,1,2,46,23.0
H0442_P005_202509,H0442,P005,2025-09-01,1,1,31,31.0
H0442_P005_202511,H0442,P005,2025-11-01,1,1,54,54.0
H0442_P005_202601,H0442,P005,2026-01-01,1,1,60,60.0
H0442_P005_202603,H0442,P005,2026-03-01,1,4,120,30.0
H0443_P001_202506,H0443,P001,2025-06-01,1,3,78,26.0
H0443_P001_202507,H0443,P001,2025-07-01,1,1,23,23.0
H0443_P001_202508,H0443,P001,2025-08-01,1,3,126,42.0
H0443_P001_202509,H0443,P001,2025-09-01,1,3,78,26.0
H0443_P001_202510,H0443,P001,2025-10-01,1,2,64,32.0
H0443_P001_202511,H0443,P001,2025-11-01,1,1,31,31.0
H0443_P001_202512,H0443,P001,2025-12-01,1,2,98,49.0
H0443_P001_202601,H0443,P001,2026-01-01,1,3,174,58.0
H0443_P001_202602,H0443,P001,2026-02-01,1,3,114,38.0
H0443_P002_202509,H0443,P002,2025-09-01,1,1,38,38.0
H0443_P002_202512,H0443,P002,2025-12-01,1,1,41,41.0
H0443_P002_202602,H0443,P002,2026-02-01,1,1,26,26.0
H0443_P003_202508,H0443,P003,2025-08-01,1,2,74,37.0
H0443_P003_202509,H0443,P003,2025-09-01,1,2,40,20.0
H0443_P003_202511,H0443,P003,2025-11-01,1,3,162,54.0
H0443_P003_202601,H0443,P003,2026-01-01,1,1,48,48.0
H0443_P004_202506,H0443,P004,2025-06-01,1,3,138,46.0
H0443_P004_202507,H0443,P004,2025-07-01,1,4,96,24.0
H0443_P004_202508,H0443,P004,2025-08-01,1,4,220,55.0
H0443_P004_202509,H0443,P004,2025-09-01,1,4,80,20.0
H0443_P004_202510,H0443,P004,2025-10-01,1,5,215,43.0
H0443_P004_202511,H0443,P004,2025-11-01,1,4,180,45.0
H0443_P004_202512,H0443,P004,2025-12-01,1,2,70,35.0
H0443_P004_202601,H0443,P004,2026-01-01,1,1,40,40.0
H0443_P004_202603,H0443,P004,2026-03-01,1,2,102,51.0
H0443_P005_202507,H0443,P005,2025-07-01,1,2,58,29.0
H0443_P005_202508,H0443,P005,2025-08-01,1,3,63,21.0
H0443_P005_202509,H0443,P005,2025-09-01,1,1,45,45.0
H0443_P005_202510,H0443,P005,2025-10-01,1,2,58,29.0
H0443_P005_202512,H0443,P005,2025-12-01,1,3,117,39.0
H0443_P005_202601,H0443,P005,2026-01-01,1,1,42,42.0
H0443_P005_202602,H0443,P005,2026-02-01,1,1,53,53.0
H0443_P005_202603,H0443,P005,2026-03-01,1,1,22,22.0
H0444_P001_202507,H0444,P001,2025-07-01,1,2,80,40.0
H0444_P001_202508,H0444,P001,2025-08-01,1,3,102,34.0
H0444_P001_202510,H0444,P001,2025-10-01,1,3,72,24.0
H0444_P001_202511,H0444,P001,2025-11-01,1,4,148,37.0
H0444_P001_202601,H0444,P001,2026-01-01,1,3,93,31.0
H0444_P001_202602,H0444,P001,2026-02-01,1,1,45,45.0
H0444_P001_202603,H0444,P001,2026-03-01,1,1,42,42.0
H0444_P002_202506,H0444,P002,2025-06-01,1,1,29,29.0
H0444_P002_202507,H0444,P002,2025-07-01,1,3,75,25.0
H0444_P002_202508,H0444,P002,2025-08-01,1,1,43,43.0
H0444_P002_202510,H0444,P002,2025-10-01,1,2,50,25.0
H0444_P002_202512,H0444,P002,2025-12-01,1,1,23,23.0
H0444_P002_202601,H0444,P002,2026-01-01,1,2,116,58.0
H0444_P002_202602,H0444,P002,2026-02-01,1,2,90,45.0
H0444_P003_202506,H0444,P003,2025-06-01,1,2,108,54.0
H0444_P003_202507,H0444,P003,2025-07-01,1,6,330,55.0
H0444_P003_202508,H0444,P003,2025-08-01,1,4,108,27.0
H0444_P003_202509,H0444,P003,2025-09-01,1,7,217,31.0
H0444_P003_202510,H0444,P003,2025-10-01,1,5,250,50.0
H0444_P003_202511,H0444,P003,2025-11-01,1,2,88,44.0
H0444_P003_202512,H0444,P003,2025-12-01,1,6,234,39.0
H0444_P003_202601,H0444,P003,2026-01-01,1,5,185,37.0
H0444_P003_202602,H0444,P003,2026-02-01,1,5,160,32.0
H0444_P003_202603,H0444,P003,2026-03-01,1,9,225,25.0
H0444_P004_202506,H0444,P004,2025-06-01,1,4,184,46.0
H0444_P004_202507,H0444,P004,2025-07-01,1,5,135,27.0
H0444_P004_202508,H0444,P004,2025-08-01,1,3,99,33.0
H0444_P004_202509,H0444,P004,2025-09-01,1,9,504,56.0
H0444_P004_202510,H0444,P004,2025-10-01,1,7,147,21.0
H0444_P004_202511,H0444,P004,2025-11-01,1,2,84,42.0
H0444_P004_202512,H0444,P004,2025-12-01,1,3,135,45.0
H0444_P004_202601,H0444,P004,2026-01-01,1,4,188,47.0
H0444_P004_202602,H0444,P004,2026-02-01,1,3,138,46.0
H0444_P004_202603,H0444,P004,2026-03-01,1,3,126,42.0
H0444_P005_202506,H0444,P005,2025-06-01,1,4,180,45.0
H0444_P005_202507,H0444,P005,2025-07-01,1,2,52,26.0
H0444_P005_202508,H0444,P005,2025-08-01,1,2,42,21.0
H0444_P005_202509,H0444,P005,2025-09-01,1,3,120,40.0
H0444_P005_202510,H0444,P005,2025-10-01,1,4,112,28.0
H0444_P005_202511,H0444,P005,2025-11-01,1,2,116,58.0
H0444_P005_202512,H0444,P005,2025-12-01,1,4,120,30.0
H0444_P005_202601,H0444,P005,2026-01-01,1,4,92,23.0
H0444_P005_202602,H0444,P005,2026-02-01,1,4,124,31.0
H0444_P005_202603,H0444,P005,2026-03-01,1,3,147,49.0
H0445_P001_202508,H0445,P001,2025-08-01,1,1,51,51.0
H0445_P001_202509,H0445,P001,2025-09-01,1,1,27,27.0
H0445_P001_202510,H0445,P001,2025-10-01,1,1,49,49.0
H0445_P001_202511,H0445,P001,2025-11-01,1,1,56,56.0
H0445_P001_202512,H0445,P001,2025-12-01,1,2,66,33.0
H0445_P001_202602,H0445,P001,2026-02-01,1,2,96,48.0
H0445_P001_202603,H0445,P001,2026-03-01,1,2,54,27.0
H0445_P002_202506,H0445,P002,2025-06-01,1,1,43,43.0
H0445_P002_202507,H0445,P002,2025-07-01,1,2,50,25.0
H0445_P002_202508,H0445,P002,2025-08-01,1,1,23,23.0
H0445_P002_202509,H0445,P002,2025-09-01,1,5,215,43.0
H0445_P002_202510,H0445,P002,2025-10-01,1,1,20,20.0
H0445_P002_202511,H0445,P002,2025-11-01,1,4,232,58.0
H0445_P002_202512,H0445,P002,2025-12-01,1,3,144,48.0
H0445_P002_202601,H0445,P002,2026-01-01,1,5,125,25.0
H0445_P002_202602,H0445,P002,2026-02-01,1,4,196,49.0
H0445_P003_202508,H0445,P003,2025-08-01,1,2,112,56.0
H0445_P003_202511,H0445,P003,2025-11-01,1,2,98,49.0
H0445_P003_202512,H0445,P003,2025-12-01,1,7,147,21.0
H0445_P004_202506,H0445,P004,2025-06-01,1,10,230,23.0
H0445_P004_202507,H0445,P004,2025-07-01,1,5,180,36.0
H0445_P004_202508,H0445,P004,2025-08-01,1,1,57,57.0
H0445_P004_202509,H0445,P004,2025-09-01,1,6,324,54.0
H0445_P004_202510,H0445,P004,2025-10-01,1,5,155,31.0
H0445_P004_202511,H0445,P004,2025-11-01,1,3,90,30.0
H0445_P004_202512,H0445,P004,2025-12-01,1,6,324,54.0
H0445_P004_202601,H0445,P004,2026-01-01,1,2,70,35.0
H0445_P004_202602,H0445,P004,2026-02-01,1,3,126,42.0
H0445_P004_202603,H0445,P004,2026-03-01,1,1,57,57.0
H0445_P005_202506,H0445,P005,2025-06-01,1,4,228,57.0
H0445_P005_202507,H0445,P005,2025-07-01,1,1,51,51.0
H0445_P005_202508,H0445,P005,2025-08-01,1,3,84,28.0
H0445_P005_202509,H0445,P005,2025-09-01,1,4,232,58.0
H0445_P005_202510,H0445,P005,2025-10-01,1,1,37,37.0
H0445_P005_202511,H0445,P005,2025-11-01,1,2,116,58.0
H0445_P005_202512,H0445,P005,2025-12-01,1,2,40,20.0
H0445_P005_202601,H0445,P005,2026-01-01,1,4,152,38.0
H0445_P005_202602,H0445,P005,2026-02-01,1,4,84,21.0
H0445_P005_202603,H0445,P005,2026-03-01,1,3,156,52.0
H0446_P001_202507,H0446,P001,2025-07-01,1,1,44,44.0
H0446_P001_202508,H0446,P001,2025-08-01,1,1,59,59.0
H0446_P001_202510,H0446,P001,2025-10-01,1,1,54,54.0
H0446_P001_202603,H0446,P001,2026-03-01,1,1,24,24.0
H0446_P002_202510,H0446,P002,2025-10-01,1,1,28,28.0
H0446_P002_202603,H0446,P002,2026-03-01,1,1,23,23.0
H0446_P003_202506,H0446,P003,2025-06-01,1,3,162,54.0
H0446_P003_202509,H0446,P003,2025-09-01,1,1,55,55.0
H0446_P003_202510,H0446,P003,2025-10-01,1,1,31,31.0
H0446_P003_202602,H0446,P003,2026-02-01,1,3,69,23.0
H0446_P003_202603,H0446,P003,2026-03-01,1,1,30,30.0
H0446_P004_202507,H0446,P004,2025-07-01,1,1,36,36.0
H0446_P004_202508,H0446,P004,2025-08-01,1,1,53,53.0
H0446_P004_202509,H0446,P004,2025-09-01,1,3,153,51.0
H0446_P004_202601,H0446,P004,2026-01-01,1,1,29,29.0
H0446_P005_202509,H0446,P005,2025-09-01,1,1,22,22.0
H0446_P005_202603,H0446,P005,2026-03-01,1,1,37,37.0
H0447_P001_202507,H0447,P001,2025-07-01,1,1,47,47.0
H0447_P001_202509,H0447,P001,2025-09-01,1,1,55,55.0
H0447_P001_202601,H0447,P001,2026-01-01,1,1,47,47.0
H0447_P001_202602,H0447,P001,2026-02-01,1,1,20,20.0
H0447_P001_202603,H0447,P001,2026-03-01,1,1,26,26.0
H0447_P002_202506,H0447,P002,2025-06-01,1,1,20,20.0
H0447_P002_202508,H0447,P002,2025-08-01,1,2,66,33.0
H0447_P002_202509,H0447,P002,2025-09-01,1,3,102,34.0
H0447_P002_202510,H0447,P002,2025-10-01,1,4,92,23.0
H0447_P002_202511,H0447,P002,2025-11-01,1,1,58,58.0
H0447_P002_202512,H0447,P002,2025-12-01,1,3,174,58.0
H0447_P002_202601,H0447,P002,2026-01-01,1,6,252,42.0
H0447_P002_202602,H0447,P002,2026-02-01,1,1,60,60.0
H0447_P003_202506,H0447,P003,2025-06-01,1,1,54,54.0
H0447_P003_202508,H0447,P003,2025-08-01,1,1,25,25.0
H0447_P003_202509,H0447,P003,2025-09-01,1,1,44,44.0
H0447_P003_202511,H0447,P003,2025-11-01,1,3,168,56.0
H0447_P003_202601,H0447,P003,2026-01-01,1,2,92,46.0
H0447_P003_202602,H0447,P003,2026-02-01,1,1,56,56.0
H0447_P003_202603,H0447,P003,2026-03-01,1,2,100,50.0
H0447_P004_202506,H0447,P004,2025-06-01,1,2,40,20.0
H0447_P004_202509,H0447,P004,2025-09-01,1,1,31,31.0
H0447_P004_202511,H0447,P004,2025-11-01,1,1,25,25.0
H0447_P004_202601,H0447,P004,2026-01-01,1,2,42,21.0
H0447_P004_202602,H0447,P004,2026-02-01,1,1,39,39.0
H0447_P004_202603,H0447,P004,2026-03-01,1,1,39,39.0
H0447_P005_202508,H0447,P005,2025-08-01,1,1,27,27.0
H0447_P005_202509,H0447,P005,2025-09-01,1,1,28,28.0
H0447_P005_202602,H0447,P005,2026-02-01,1,1,45,45.0
H0448_P002_202507,H0448,P002,2025-07-01,1,1,44,44.0
H0448_P002_202508,H0448,P002,2025-08-01,1,1,25,25.0
H0448_P002_202601,H0448,P002,2026-01-01,1,1,58,58.0
H0448_P002_202603,H0448,P002,2026-03-01,1,1,39,39.0
H0448_P003_202506,H0448,P003,2025-06-01,1,1,47,47.0
H0448_P003_202508,H0448,P003,2025-08-01,1,2,70,35.0
H0448_P003_202602,H0448,P003,2026-02-01,1,1,23,23.0
H0448_P004_202508,H0448,P004,2025-08-01,1,1,51,51.0
H0448_P004_202509,H0448,P004,2025-09-01,1,1,41,41.0
H0448_P004_202510,H0448,P004,2025-10-01,1,1,58,58.0
H0448_P004_202511,H0448,P004,2025-11-01,1,1,28,28.0
H0448_P004_202601,H0448,P004,2026-01-01,1,1,24,24.0
H0448_P004_202602,H0448,P004,2026-02-01,1,3,153,51.0
H0448_P005_202511,H0448,P005,2025-11-01,1,1,55,55.0
H0448_P005_202601,H0448,P005,2026-01-01,1,1,55,55.0
H0449_P001_202508,H0449,P001,2025-08-01,1,1,33,33.0
H0449_P001_202510,H0449,P001,2025-10-01,1,3,84,28.0
H0449_P001_202512,H0449,P001,2025-12-01,1,4,184,46.0
H0449_P001_202601,H0449,P001,2026-01-01,1,1,37,37.0
H0449_P001_202602,H0449,P001,2026-02-01,1,3,141,47.0
H0449_P002_202506,H0449,P002,2025-06-01,1,1,55,55.0
H0449_P002_202507,H0449,P002,2025-07-01,1,1,29,29.0
H0449_P002_202510,H0449,P002,2025-10-01,1,1,20,20.0
H0449_P002_202603,H0449,P002,2026-03-01,1,1,36,36.0
H0449_P003_202508,H0449,P003,2025-08-01,1,1,30,30.0
H0449_P003_202511,H0449,P003,2025-11-01,1,2,116,58.0
H0449_P003_202512,H0449,P003,2025-12-01,1,1,54,54.0
H0449_P004_202507,H0449,P004,2025-07-01,1,2,118,59.0
H0449_P004_202508,H0449,P004,2025-08-01,1,1,31,31.0
H0449_P004_202509,H0449,P004,2025-09-01,1,1,58,58.0
H0449_P004_202510,H0449,P004,2025-10-01,1,1,28,28.0
H0449_P004_202512,H0449,P004,2025-12-01,1,2,48,24.0
H0449_P004_202602,H0449,P004,2026-02-01,1,1,29,29.0
H0449_P005_202506,H0449,P005,2025-06-01,1,2,52,26.0
H0449_P005_202507,H0449,P005,2025-07-01,1,4,108,27.0
H0449_P005_202508,H0449,P005,2025-08-01,1,7,336,48.0
H0449_P005_202509,H0449,P005,2025-09-01,1,5,285,57.0
H0449_P005_202510,H0449,P005,2025-10-01,1,1,47,47.0
H0449_P005_202511,H0449,P005,2025-11-01,1,4,160,40.0
H0449_P005_202512,H0449,P005,2025-12-01,1,6,222,37.0
H0449_P005_202601,H0449,P005,2026-01-01,1,4,168,42.0
H0449_P005_202602,H0449,P005,2026-02-01,1,3,138,46.0
H0449_P005_202603,H0449,P005,2026-03-01,1,1,23,23.0
H0450_P001_202506,H0450,P001,2025-06-01,1,2,118,59.0
H0450_P001_202507,H0450,P001,2025-07-01,1,4,80,20.0
H0450_P001_202508,H0450,P001,2025-08-01,1,1,34,34.0
H0450_P001_202509,H0450,P001,2025-09-01,1,2,96,48.0
H0450_P001_202510,H0450,P001,2025-10-01,1,3,105,35.0
H0450_P001_202511,H0450,P001,2025-11-01,1,2,52,26.0
H0450_P001_202512,H0450,P001,2025-12-01,1,4,148,37.0
H0450_P001_202601,H0450,P001,2026-01-01,1,5,265,53.0
H0450_P001_202602,H0450,P001,2026-02-01,1,4,84,21.0
H0450_P001_202603,H0450,P001,2026-03-01,1,3,66,22.0
H0450_P002_202506,H0450,P002,2025-06-01,1,2,94,47.0
H0450_P002_202507,H0450,P002,2025-07-01,1,2,100,50.0
H0450_P002_202509,H0450,P002,2025-09-01,1,4,176,44.0
H0450_P002_202510,H0450,P002,2025-10-01,1,4,212,53.0
H0450_P002_202511,H0450,P002,2025-11-01,1,7,217,31.0
H0450_P002_202512,H0450,P002,2025-12-01,1,5,260,52.0
H0450_P002_202601,H0450,P002,2026-01-01,1,2,86,43.0
H0450_P002_202602,H0450,P002,2026-02-01,1,2,116,58.0
H0450_P002_202603,H0450,P002,2026-03-01,1,3,75,25.0
H0450_P003_202508,H0450,P003,2025-08-01,1,1,58,58.0
H0450_P003_202509,H0450,P003,2025-09-01,1,1,49,49.0
H0450_P003_202510,H0450,P003,2025-10-01,1,4,128,32.0
H0450_P003_202511,H0450,P003,2025-11-01,1,4,104,26.0
H0450_P003_202512,H0450,P003,2025-12-01,1,2,108,54.0
H0450_P003_202601,H0450,P003,2026-01-01,1,2,90,45.0
H0450_P003_202602,H0450,P003,2026-02-01,1,3,147,49.0
H0450_P003_202603,H0450,P003,2026-03-01,1,1,47,47.0
H0450_P004_202506,H0450,P004,2025-06-01,1,1,42,42.0
H0450_P004_202508,H0450,P004,2025-08-01,1,4,112,28.0
H0450_P004_202509,H0450,P004,2025-09-01,1,2,56,28.0
H0450_P004_202510,H0450,P004,2025-10-01,1,1,42,42.0
H0450_P004_202511,H0450,P004,2025-11-01,1,1,22,22.0
H0450_P004_202512,H0450,P004,2025-12-01,1,1,37,37.0
H0450_P004_202601,H0450,P004,2026-01-01,1,2,92,46.0
H0450_P004_202602,H0450,P004,2026-02-01,1,2,114,57.0
H0450_P004_202603,H0450,P004,2026-03-01,1,1,57,57.0
H0450_P005_202506,H0450,P005,2025-06-01,1,7,217,31.0
H0450_P005_202507,H0450,P005,2025-07-01,1,2,100,50.0
H0450_P005_202508,H0450,P005,2025-08-01,1,4,236,59.0
H0450_P005_202509,H0450,P005,2025-09-01,1,1,51,51.0
H0450_P005_202510,H0450,P005,2025-10-01,1,2,108,54.0
H0450_P005_202511,H0450,P005,2025-11-01,1,3,96,32.0
H0450_P005_202512,H0450,P005,2025-12-01,1,6,210,35.0
H0450_P005_202601,H0450,P005,2026-01-01,1,7,266,38.0
H0450_P005_202602,H0450,P005,2026-02-01,1,5,185,37.0
H0450_P005_202603,H0450,P005,2026-03-01,1,6,306,51.0
H0451_P001_202506,H0451,P001,2025-06-01,1,3,87,29.0
H0451_P001_202508,H0451,P001,2025-08-01,1,1,59,59.0
H0451_P001_202510,H0451,P001,2025-10-01,1,5,290,58.0
H0451_P001_202511,H0451,P001,2025-11-01,1,1,32,32.0
H0451_P001_202512,H0451,P001,2025-12-01,1,1,60,60.0
H0451_P001_202602,H0451,P001,2026-02-01,1,3,60,20.0
H0451_P001_202603,H0451,P001,2026-03-01,1,1,45,45.0
H0451_P002_202506,H0451,P002,2025-06-01,1,1,47,47.0
H0451_P002_202511,H0451,P002,2025-11-01,1,1,58,58.0
H0451_P002_202601,H0451,P002,2026-01-01,1,1,30,30.0
H0451_P002_202603,H0451,P002,2026-03-01,1,1,24,24.0
H0451_P003_202506,H0451,P003,2025-06-01,1,2,120,60.0
H0451_P003_202507,H0451,P003,2025-07-01,1,1,42,42.0
H0451_P003_202508,H0451,P003,2025-08-01,1,1,45,45.0
H0451_P003_202511,H0451,P003,2025-11-01,1,1,48,48.0
H0451_P003_202512,H0451,P003,2025-12-01,1,1,42,42.0
H0451_P003_202601,H0451,P003,2026-01-01,1,1,21,21.0
H0451_P003_202602,H0451,P003,2026-02-01,1,1,32,32.0
H0451_P003_202603,H0451,P003,2026-03-01,1,2,72,36.0
H0451_P004_202508,H0451,P004,2025-08-01,1,3,84,28.0
H0451_P004_202509,H0451,P004,2025-09-01,1,1,60,60.0
H0451_P004_202510,H0451,P004,2025-10-01,1,2,106,53.0
H0451_P004_202512,H0451,P004,2025-12-01,1,1,40,40.0
H0451_P004_202601,H0451,P004,2026-01-01,1,2,102,51.0
H0451_P004_202603,H0451,P004,2026-03-01,1,2,40,20.0
H0451_P005_202507,H0451,P005,2025-07-01,1,2,62,31.0
H0451_P005_202508,H0451,P005,2025-08-01,1,4,148,37.0
H0451_P005_202509,H0451,P005,2025-09-01,1,1,34,34.0
H0451_P005_202510,H0451,P005,2025-10-01,1,2,64,32.0
H0451_P005_202511,H0451,P005,2025-11-01,1,2,108,54.0
H0451_P005_202512,H0451,P005,2025-12-01,1,1,20,20.0
H0451_P005_202602,H0451,P005,2026-02-01,1,2,86,43.0
H0451_P005_202603,H0451,P005,2026-03-01,1,1,33,33.0
H0452_P002_202506,H0452,P002,2025-06-01,1,1,28,28.0
H0452_P002_202601,H0452,P002,2026-01-01,1,1,40,40.0
H0453_P002_202508,H0453,P002,2025-08-01,1,1,25,25.0
H0453_P002_202601,H0453,P002,2026-01-01,1,1,30,30.0
H0453_P002_202603,H0453,P002,2026-03-01,1,1,25,25.0
H0453_P003_202506,H0453,P003,2025-06-01,1,2,96,48.0
H0453_P003_202507,H0453,P003,2025-07-01,1,2,64,32.0
H0453_P003_202509,H0453,P003,2025-09-01,1,4,168,42.0
H0453_P003_202510,H0453,P003,2025-10-01,1,1,22,22.0
H0453_P003_202511,H0453,P003,2025-11-01,1,2,102,51.0
H0453_P003_202512,H0453,P003,2025-12-01,1,1,52,52.0
H0453_P003_202601,H0453,P003,2026-01-01,1,4,192,48.0
H0453_P003_202603,H0453,P003,2026-03-01,1,1,35,35.0
H0453_P004_202506,H0453,P004,2025-06-01,1,3,153,51.0
H0453_P004_202507,H0453,P004,2025-07-01,1,3,156,52.0
H0453_P004_202508,H0453,P004,2025-08-01,1,3,177,59.0
H0453_P004_202509,H0453,P004,2025-09-01,1,3,144,48.0
H0453_P004_202510,H0453,P004,2025-10-01,1,3,90,30.0
H0453_P004_202511,H0453,P004,2025-11-01,1,4,220,55.0
H0453_P004_202512,H0453,P004,2025-12-01,1,4,208,52.0
H0453_P004_202601,H0453,P004,2026-01-01,1,5,245,49.0
H0453_P004_202602,H0453,P004,2026-02-01,1,5,260,52.0
H0453_P004_202603,H0453,P004,2026-03-01,1,2,56,28.0
H0453_P005_202601,H0453,P005,2026-01-01,1,1,29,29.0
H0454_P001_202511,H0454,P001,2025-11-01,1,1,50,50.0
H0454_P002_202506,H0454,P002,2025-06-01,1,2,94,47.0
H0454_P002_202507,H0454,P002,2025-07-01,1,2,60,30.0
H0454_P002_202508,H0454,P002,2025-08-01,1,1,57,57.0
H0454_P002_202602,H0454,P002,2026-02-01,1,1,38,38.0
H0454_P002_202603,H0454,P002,2026-03-01,1,1,25,25.0
H0454_P003_202506,H0454,P003,2025-06-01,1,1,60,60.0
H0454_P003_202507,H0454,P003,2025-07-01,1,2,56,28.0
H0454_P003_202509,H0454,P003,2025-09-01,1,2,60,30.0
H0454_P003_202511,H0454,P003,2025-11-01,1,2,108,54.0
H0454_P003_202512,H0454,P003,2025-12-01,1,2,64,32.0
H0454_P003_202601,H0454,P003,2026-01-01,1,2,42,21.0
H0454_P003_202602,H0454,P003,2026-02-01,1,1,29,29.0
H0454_P003_202603,H0454,P003,2026-03-01,1,1,37,37.0
H0454_P005_202507,H0454,P005,2025-07-01,1,2,98,49.0
H0454_P005_202508,H0454,P005,2025-08-01,1,2,64,32.0
H0454_P005_202509,H0454,P005,2025-09-01,1,1,32,32.0
H0454_P005_202512,H0454,P005,2025-12-01,1,1,46,46.0
H0454_P005_202602,H0454,P005,2026-02-01,1,1,31,31.0
H0454_P005_202603,H0454,P005,2026-03-01,1,1,45,45.0
H0455_P001_202506,H0455,P001,2025-06-01,1,1,54,54.0
H0455_P001_202507,H0455,P001,2025-07-01,1,3,129,43.0
H0455_P001_202508,H0455,P001,2025-08-01,1,1,39,39.0
H0455_P001_202509,H0455,P001,2025-09-01,1,1,36,36.0
H0455_P001_202510,H0455,P001,2025-10-01,1,1,20,20.0
H0455_P001_202511,H0455,P001,2025-11-01,1,3,180,60.0
H0455_P001_202601,H0455,P001,2026-01-01,1,1,56,56.0
H0455_P001_202602,H0455,P001,2026-02-01,1,1,49,49.0
H0455_P002_202509,H0455,P002,2025-09-01,1,1,37,37.0
H0455_P002_202510,H0455,P002,2025-10-01,1,2,118,59.0
H0455_P002_202512,H0455,P002,2025-12-01,1,1,26,26.0
H0455_P002_202601,H0455,P002,2026-01-01,1,1,25,25.0
H0455_P002_202602,H0455,P002,2026-02-01,1,1,46,46.0
H0455_P002_202603,H0455,P002,2026-03-01,1,1,31,31.0
H0455_P003_202506,H0455,P003,2025-06-01,1,1,47,47.0
H0455_P003_202507,H0455,P003,2025-07-01,1,1,32,32.0
H0455_P003_202508,H0455,P003,2025-08-01,1,1,39,39.0
H0455_P003_202509,H0455,P003,2025-09-01,1,1,58,58.0
H0455_P003_202601,H0455,P003,2026-01-01,1,1,50,50.0
H0455_P003_202602,H0455,P003,2026-02-01,1,1,40,40.0
H0455_P004_202506,H0455,P004,2025-06-01,1,1,26,26.0
H0455_P004_202507,H0455,P004,2025-07-01,1,3,93,31.0
H0455_P004_202508,H0455,P004,2025-08-01,1,1,41,41.0
H0455_P004_202510,H0455,P004,2025-10-01,1,1,42,42.0
H0455_P004_202511,H0455,P004,2025-11-01,1,2,52,26.0
H0455_P004_202512,H0455,P004,2025-12-01,1,2,58,29.0
H0455_P004_202601,H0455,P004,2026-01-01,1,1,23,23.0
H0455_P004_202603,H0455,P004,2026-03-01,1,1,36,36.0
H0455_P005_202506,H0455,P005,2025-06-01,1,1,58,58.0
H0455_P005_202507,H0455,P005,2025-07-01,1,3,129,43.0
H0455_P005_202509,H0455,P005,2025-09-01,1,4,188,47.0
H0455_P005_202510,H0455,P005,2025-10-01,1,1,39,39.0
H0455_P005_202511,H0455,P005,2025-11-01,1,1,23,23.0
H0455_P005_202512,H0455,P005,2025-12-01,1,1,23,23.0
H0455_P005_202601,H0455,P005,2026-01-01,1,2,86,43.0
H0455_P005_202602,H0455,P005,2026-02-01,1,4,88,22.0
H0456_P003_202507,H0456,P003,2025-07-01,1,1,40,40.0
H0456_P003_202601,H0456,P003,2026-01-01,1,1,29,29.0
H0456_P004_202507,H0456,P004,2025-07-01,1,3,150,50.0
H0456_P004_202601,H0456,P004,2026-01-01,1,1,30,30.0
H0456_P005_202507,H0456,P005,2025-07-01,1,1,55,55.0
H0457_P001_202506,H0457,P001,2025-06-01,1,3,174,58.0
H0457_P001_202509,H0457,P001,2025-09-01,1,2,48,24.0
H0457_P001_202510,H0457,P001,2025-10-01,1,3,90,30.0
H0457_P001_202511,H0457,P001,2025-11-01,1,3,99,33.0
H0457_P001_202601,H0457,P001,2026-01-01,1,2,110,55.0
H0457_P001_202602,H0457,P001,2026-02-01,1,4,232,58.0
H0457_P001_202603,H0457,P001,2026-03-01,1,1,37,37.0
H0457_P002_202506,H0457,P002,2025-06-01,1,2,86,43.0
H0457_P002_202507,H0457,P002,2025-07-01,1,1,21,21.0
H0457_P002_202508,H0457,P002,2025-08-01,1,1,28,28.0
H0457_P002_202509,H0457,P002,2025-09-01,1,1,26,26.0
H0457_P002_202510,H0457,P002,2025-10-01,1,1,56,56.0
H0457_P002_202511,H0457,P002,2025-11-01,1,1,26,26.0
H0457_P002_202512,H0457,P002,2025-12-01,1,1,43,43.0
H0457_P002_202602,H0457,P002,2026-02-01,1,1,55,55.0
H0457_P003_202506,H0457,P003,2025-06-01,1,3,177,59.0
H0457_P003_202507,H0457,P003,2025-07-01,1,2,90,45.0
H0457_P003_202508,H0457,P003,2025-08-01,1,1,21,21.0
H0457_P003_202509,H0457,P003,2025-09-01,1,3,72,24.0
H0457_P003_202510,H0457,P003,2025-10-01,1,1,42,42.0
H0457_P003_202511,H0457,P003,2025-11-01,1,1,57,57.0
H0457_P003_202512,H0457,P003,2025-12-01,1,1,34,34.0
H0457_P003_202602,H0457,P003,2026-02-01,1,1,41,41.0
H0457_P003_202603,H0457,P003,2026-03-01,1,1,50,50.0
H0457_P004_202506,H0457,P004,2025-06-01,1,2,70,35.0
H0457_P004_202508,H0457,P004,2025-08-01,1,1,55,55.0
H0457_P004_202509,H0457,P004,2025-09-01,1,1,42,42.0
H0457_P004_202512,H0457,P004,2025-12-01,1,1,47,47.0
H0457_P004_202602,H0457,P004,2026-02-01,1,2,54,27.0
H0457_P004_202603,H0457,P004,2026-03-01,1,2,108,54.0
H0457_P005_202508,H0457,P005,2025-08-01,1,1,48,48.0
H0457_P005_202510,H0457,P005,2025-10-01,1,1,32,32.0
H0457_P005_202511,H0457,P005,2025-11-01,1,1,35,35.0
H0458_P001_202510,H0458,P001,2025-10-01,1,1,29,29.0
H0458_P001_202512,H0458,P001,2025-12-01,1,1,23,23.0
H0458_P001_202601,H0458,P001,2026-01-01,1,1,46,46.0
H0458_P001_202603,H0458,P001,2026-03-01,1,2,102,51.0
H0458_P002_202507,H0458,P002,2025-07-01,1,1,42,42.0
H0458_P002_202508,H0458,P002,2025-08-01,1,1,38,38.0
H0458_P002_202509,H0458,P002,2025-09-01,1,1,24,24.0
H0458_P002_202512,H0458,P002,2025-12-01,1,1,29,29.0
H0458_P002_202602,H0458,P002,2026-02-01,1,1,31,31.0
H0458_P002_202603,H0458,P002,2026-03-01,1,1,32,32.0
H0458_P003_202508,H0458,P003,2025-08-01,1,1,32,32.0
H0458_P003_202510,H0458,P003,2025-10-01,1,3,174,58.0
H0458_P003_202511,H0458,P003,2025-11-01,1,1,38,38.0
H0458_P003_202601,H0458,P003,2026-01-01,1,1,47,47.0
H0458_P003_202602,H0458,P003,2026-02-01,1,1,23,23.0
H0458_P003_202603,H0458,P003,2026-03-01,1,1,48,48.0
H0458_P004_202509,H0458,P004,2025-09-01,1,1,36,36.0
H0458_P004_202510,H0458,P004,2025-10-01,1,1,60,60.0
H0458_P004_202601,H0458,P004,2026-01-01,1,2,84,42.0
H0458_P004_202603,H0458,P004,2026-03-01,1,1,58,58.0
H0458_P005_202506,H0458,P005,2025-06-01,1,5,240,48.0
H0458_P005_202507,H0458,P005,2025-07-01,1,1,29,29.0
H0458_P005_202508,H0458,P005,2025-08-01,1,4,80,20.0
H0458_P005_202509,H0458,P005,2025-09-01,1,3,72,24.0
H0458_P005_202510,H0458,P005,2025-10-01,1,2,52,26.0
H0458_P005_202511,H0458,P005,2025-11-01,1,5,160,32.0
H0458_P005_202512,H0458,P005,2025-12-01,1,3,66,22.0
H0458_P005_202601,H0458,P005,2026-01-01,1,2,82,41.0
H0458_P005_202602,H0458,P005,2026-02-01,1,2,56,28.0
H0458_P005_202603,H0458,P005,2026-03-01,1,2,120,60.0
H0459_P001_202506,H0459,P001,2025-06-01,1,5,245,49.0
H0459_P001_202507,H0459,P001,2025-07-01,1,5,225,45.0
H0459_P001_202508,H0459,P001,2025-08-01,1,6,228,38.0
H0459_P001_202509,H0459,P001,2025-09-01,1,2,94,47.0
H0459_P001_202510,H0459,P001,2025-10-01,1,9,495,55.0
H0459_P001_202511,H0459,P001,2025-11-01,1,2,112,56.0
H0459_P001_202512,H0459,P001,2025-12-01,1,3,84,28.0
H0459_P001_202601,H0459,P001,2026-01-01,1,4,176,44.0
H0459_P001_202602,H0459,P001,2026-02-01,1,3,87,29.0
H0459_P001_202603,H0459,P001,2026-03-01,1,6,324,54.0
H0459_P002_202506,H0459,P002,2025-06-01,1,7,280,40.0
H0459_P002_202507,H0459,P002,2025-07-01,1,3,123,41.0
H0459_P002_202508,H0459,P002,2025-08-01,1,9,405,45.0
H0459_P002_202509,H0459,P002,2025-09-01,1,8,288,36.0
H0459_P002_202510,H0459,P002,2025-10-01,1,11,495,45.0
H0459_P002_202511,H0459,P002,2025-11-01,1,2,50,25.0
H0459_P002_202512,H0459,P002,2025-12-01,1,10,360,36.0
H0459_P002_202601,H0459,P002,2026-01-01,1,5,255,51.0
H0459_P002_202602,H0459,P002,2026-02-01,1,10,400,40.0
H0459_P002_202603,H0459,P002,2026-03-01,1,6,240,40.0
H0459_P003_202506,H0459,P003,2025-06-01,1,6,246,41.0
H0459_P003_202507,H0459,P003,2025-07-01,1,2,116,58.0
H0459_P003_202508,H0459,P003,2025-08-01,1,4,216,54.0
H0459_P003_202509,H0459,P003,2025-09-01,1,4,136,34.0
H0459_P003_202510,H0459,P003,2025-10-01,1,3,180,60.0
H0459_P003_202511,H0459,P003,2025-11-01,1,5,285,57.0
H0459_P003_202512,H0459,P003,2025-12-01,1,5,250,50.0
H0459_P003_202601,H0459,P003,2026-01-01,1,4,208,52.0
H0459_P003_202602,H0459,P003,2026-02-01,1,2,58,29.0
H0459_P003_202603,H0459,P003,2026-03-01,1,3,174,58.0
H0459_P004_202506,H0459,P004,2025-06-01,1,1,44,44.0
H0459_P004_202507,H0459,P004,2025-07-01,1,4,152,38.0
H0459_P004_202508,H0459,P004,2025-08-01,1,1,58,58.0
H0459_P004_202509,H0459,P004,2025-09-01,1,2,108,54.0
H0459_P004_202510,H0459,P004,2025-10-01,1,2,82,41.0
H0459_P004_202511,H0459,P004,2025-11-01,1,5,115,23.0
H0459_P004_202512,H0459,P004,2025-12-01,1,1,21,21.0
H0459_P004_202601,H0459,P004,2026-01-01,1,1,59,59.0
H0459_P004_202602,H0459,P004,2026-02-01,1,3,105,35.0
H0459_P004_202603,H0459,P004,2026-03-01,1,3,132,44.0
H0459_P005_202507,H0459,P005,2025-07-01,1,1,33,33.0
H0459_P005_202508,H0459,P005,2025-08-01,1,1,23,23.0
H0459_P005_202510,H0459,P005,2025-10-01,1,1,45,45.0
H0459_P005_202601,H0459,P005,2026-01-01,1,3,81,27.0
H0459_P005_202603,H0459,P005,2026-03-01,1,1,44,44.0
H0460_P001_202506,H0460,P001,2025-06-01,1,3,105,35.0
H0460_P001_202507,H0460,P001,2025-07-01,1,2,94,47.0
H0460_P001_202509,H0460,P001,2025-09-01,1,3,138,46.0
H0460_P001_202510,H0460,P001,2025-10-01,1,2,72,36.0
H0460_P001_202511,H0460,P001,2025-11-01,1,2,68,34.0
H0460_P001_202512,H0460,P001,2025-12-01,1,1,47,47.0
H0460_P001_202601,H0460,P001,2026-01-01,1,1,28,28.0
H0460_P001_202602,H0460,P001,2026-02-01,1,1,53,53.0
H0460_P001_202603,H0460,P001,2026-03-01,1,1,56,56.0
H0460_P002_202506,H0460,P002,2025-06-01,1,2,120,60.0
H0460_P002_202507,H0460,P002,2025-07-01,1,2,58,29.0
H0460_P002_202508,H0460,P002,2025-08-01,1,1,32,32.0
H0460_P002_202509,H0460,P002,2025-09-01,1,1,36,36.0
H0460_P002_202511,H0460,P002,2025-11-01,1,4,80,20.0
H0460_P002_202512,H0460,P002,2025-12-01,1,1,35,35.0
H0460_P002_202601,H0460,P002,2026-01-01,1,1,35,35.0
H0460_P002_202602,H0460,P002,2026-02-01,1,1,34,34.0
H0460_P002_202603,H0460,P002,2026-03-01,1,1,29,29.0
H0460_P003_202506,H0460,P003,2025-06-01,1,1,37,37.0
H0460_P003_202510,H0460,P003,2025-10-01,1,1,44,44.0
H0460_P003_202602,H0460,P003,2026-02-01,1,2,50,25.0
H0460_P003_202603,H0460,P003,2026-03-01,1,1,60,60.0
H0460_P004_202506,H0460,P004,2025-06-01,1,1,43,43.0
H0460_P004_202510,H0460,P004,2025-10-01,1,1,50,50.0
H0460_P004_202512,H0460,P004,2025-12-01,1,1,59,59.0
H0460_P004_202601,H0460,P004,2026-01-01,1,1,42,42.0
H0460_P005_202506,H0460,P005,2025-06-01,1,9,369,41.0
H0460_P005_202507,H0460,P005,2025-07-01,1,4,104,26.0
H0460_P005_202508,H0460,P005,2025-08-01,1,5,255,51.0
H0460_P005_202509,H0460,P005,2025-09-01,1,4,80,20.0
H0460_P005_202510,H0460,P005,2025-10-01,1,6,330,55.0
H0460_P005_202511,H0460,P005,2025-11-01,1,12,540,45.0
H0460_P005_202512,H0460,P005,2025-12-01,1,8,344,43.0
H0460_P005_202601,H0460,P005,2026-01-01,1,5,180,36.0
H0460_P005_202602,H0460,P005,2026-02-01,1,5,190,38.0
H0460_P005_202603,H0460,P005,2026-03-01,1,11,451,41.0
H0461_P001_202506,H0461,P001,2025-06-01,1,2,72,36.0
H0461_P001_202508,H0461,P001,2025-08-01,1,1,30,30.0
H0461_P001_202510,H0461,P001,2025-10-01,1,1,29,29.0
H0461_P001_202511,H0461,P001,2025-11-01,1,1,24,24.0
H0461_P001_202512,H0461,P001,2025-12-01,1,1,40,40.0
H0461_P001_202602,H0461,P001,2026-02-01,1,2,90,45.0
H0461_P002_202506,H0461,P002,2025-06-01,1,2,118,59.0
H0461_P002_202508,H0461,P002,2025-08-01,1,2,102,51.0
H0461_P002_202511,H0461,P002,2025-11-01,1,1,42,42.0
H0461_P002_202512,H0461,P002,2025-12-01,1,1,22,22.0
H0461_P002_202601,H0461,P002,2026-01-01,1,2,52,26.0
H0461_P002_202602,H0461,P002,2026-02-01,1,2,58,29.0
H0461_P002_202603,H0461,P002,2026-03-01,1,1,26,26.0
H0461_P004_202509,H0461,P004,2025-09-01,1,1,54,54.0
H0461_P004_202512,H0461,P004,2025-12-01,1,1,48,48.0
H0461_P004_202601,H0461,P004,2026-01-01,1,1,33,33.0
H0462_P001_202506,H0462,P001,2025-06-01,1,2,46,23.0
H0462_P001_202507,H0462,P001,2025-07-01,1,1,59,59.0
H0462_P001_202508,H0462,P001,2025-08-01,1,1,22,22.0
H0462_P001_202509,H0462,P001,2025-09-01,1,2,78,39.0
H0462_P001_202510,H0462,P001,2025-10-01,1,1,36,36.0
H0462_P001_202511,H0462,P001,2025-11-01,1,1,28,28.0
H0462_P001_202512,H0462,P001,2025-12-01,1,2,86,43.0
H0462_P001_202602,H0462,P001,2026-02-01,1,1,43,43.0
H0462_P001_202603,H0462,P001,2026-03-01,1,4,192,48.0
H0462_P002_202506,H0462,P002,2025-06-01,1,2,80,40.0
H0462_P002_202507,H0462,P002,2025-07-01,1,1,27,27.0
H0462_P002_202508,H0462,P002,2025-08-01,1,1,43,43.0
H0462_P002_202509,H0462,P002,2025-09-01,1,3,165,55.0
H0462_P002_202510,H0462,P002,2025-10-01,1,3,168,56.0
H0462_P002_202512,H0462,P002,2025-12-01,1,3,90,30.0
H0462_P002_202601,H0462,P002,2026-01-01,1,2,100,50.0
H0462_P002_202602,H0462,P002,2026-02-01,1,2,50,25.0
H0462_P003_202506,H0462,P003,2025-06-01,1,1,28,28.0
H0462_P003_202507,H0462,P003,2025-07-01,1,3,180,60.0
H0462_P003_202510,H0462,P003,2025-10-01,1,1,47,47.0
H0462_P003_202511,H0462,P003,2025-11-01,1,1,53,53.0
H0462_P003_202601,H0462,P003,2026-01-01,1,1,21,21.0
H0462_P003_202602,H0462,P003,2026-02-01,1,1,39,39.0
H0462_P004_202506,H0462,P004,2025-06-01,1,1,23,23.0
H0462_P004_202507,H0462,P004,2025-07-01,1,2,50,25.0
H0462_P004_202508,H0462,P004,2025-08-01,1,1,49,49.0
H0462_P004_202510,H0462,P004,2025-10-01,1,3,129,43.0
H0462_P004_202511,H0462,P004,2025-11-01,1,1,30,30.0
H0462_P004_202602,H0462,P004,2026-02-01,1,2,54,27.0
H0462_P004_202603,H0462,P004,2026-03-01,1,2,90,45.0
H0462_P005_202506,H0462,P005,2025-06-01,1,1,20,20.0
H0462_P005_202507,H0462,P005,2025-07-01,1,1,43,43.0
H0462_P005_202508,H0462,P005,2025-08-01,1,1,42,42.0
H0462_P005_202509,H0462,P005,2025-09-01,1,3,81,27.0
H0462_P005_202510,H0462,P005,2025-10-01,1,2,94,47.0
H0462_P005_202512,H0462,P005,2025-12-01,1,3,63,21.0
H0462_P005_202601,H0462,P005,2026-01-01,1,1,20,20.0
H0462_P005_202602,H0462,P005,2026-02-01,1,2,70,35.0
H0462_P005_202603,H0462,P005,2026-03-01,1,4,168,42.0
H0463_P001_202511,H0463,P001,2025-11-01,1,2,110,55.0
H0463_P005_202601,H0463,P005,2026-01-01,1,1,44,44.0
H0463_P005_202602,H0463,P005,2026-02-01,1,1,31,31.0
H0464_P001_202506,H0464,P001,2025-06-01,1,1,25,25.0
H0464_P001_202507,H0464,P001,2025-07-01,1,4,204,51.0
H0464_P001_202509,H0464,P001,2025-09-01,1,2,46,23.0
H0464_P001_202510,H0464,P001,2025-10-01,1,1,31,31.0
H0464_P001_202511,H0464,P001,2025-11-01,1,4,224,56.0
H0464_P001_202512,H0464,P001,2025-12-01,1,3,177,59.0
H0464_P001_202602,H0464,P001,2026-02-01,1,1,35,35.0
H0464_P002_202507,H0464,P002,2025-07-01,1,1,49,49.0
H0464_P002_202508,H0464,P002,2025-08-01,1,2,114,57.0
H0464_P002_202509,H0464,P002,2025-09-01,1,1,24,24.0
H0464_P002_202602,H0464,P002,2026-02-01,1,4,128,32.0
H0464_P002_202603,H0464,P002,2026-03-01,1,1,59,59.0
H0464_P003_202506,H0464,P003,2025-06-01,1,2,106,53.0
H0464_P003_202507,H0464,P003,2025-07-01,1,2,82,41.0
H0464_P003_202510,H0464,P003,2025-10-01,1,3,150,50.0
H0464_P003_202511,H0464,P003,2025-11-01,1,1,52,52.0
H0464_P003_202512,H0464,P003,2025-12-01,1,2,54,27.0
H0464_P003_202601,H0464,P003,2026-01-01,1,2,86,43.0
H0464_P003_202603,H0464,P003,2026-03-01,1,1,48,48.0
H0464_P004_202506,H0464,P004,2025-06-01,1,1,32,32.0
H0464_P004_202507,H0464,P004,2025-07-01,1,2,114,57.0
H0464_P004_202508,H0464,P004,2025-08-01,1,2,114,57.0
H0464_P004_202510,H0464,P004,2025-10-01,1,1,28,28.0
H0464_P004_202511,H0464,P004,2025-11-01,1,2,88,44.0
H0464_P004_202512,H0464,P004,2025-12-01,1,1,59,59.0
H0464_P004_202601,H0464,P004,2026-01-01,1,1,47,47.0
H0465_P001_202507,H0465,P001,2025-07-01,1,2,98,49.0
H0465_P001_202511,H0465,P001,2025-11-01,1,1,57,57.0
H0465_P001_202512,H0465,P001,2025-12-01,1,2,44,22.0
H0465_P001_202602,H0465,P001,2026-02-01,1,1,26,26.0
H0465_P001_202603,H0465,P001,2026-03-01,1,1,55,55.0
H0465_P002_202601,H0465,P002,2026-01-01,1,1,58,58.0
H0465_P002_202602,H0465,P002,2026-02-01,1,1,30,30.0
H0465_P002_202603,H0465,P002,2026-03-01,1,1,46,46.0
H0465_P003_202507,H0465,P003,2025-07-01,1,1,33,33.0
H0465_P003_202508,H0465,P003,2025-08-01,1,1,57,57.0
H0465_P003_202511,H0465,P003,2025-11-01,1,1,34,34.0
H0465_P003_202602,H0465,P003,2026-02-01,1,1,57,57.0
H0465_P005_202506,H0465,P005,2025-06-01,1,1,43,43.0
H0465_P005_202509,H0465,P005,2025-09-01,1,1,57,57.0
H0465_P005_202510,H0465,P005,2025-10-01,1,2,40,20.0
H0465_P005_202511,H0465,P005,2025-11-01,1,1,31,31.0
H0466_P001_202506,H0466,P001,2025-06-01,1,3,108,36.0
H0466_P001_202507,H0466,P001,2025-07-01,1,1,53,53.0
H0466_P001_202508,H0466,P001,2025-08-01,1,3,120,40.0
H0466_P001_202510,H0466,P001,2025-10-01,1,1,26,26.0
H0466_P001_202511,H0466,P001,2025-11-01,1,4,144,36.0
H0466_P001_202512,H0466,P001,2025-12-01,1,4,132,33.0
H0466_P001_202601,H0466,P001,2026-01-01,1,2,68,34.0
H0466_P001_202602,H0466,P001,2026-02-01,1,3,129,43.0
H0466_P001_202603,H0466,P001,2026-03-01,1,3,180,60.0
H0466_P002_202506,H0466,P002,2025-06-01,1,3,96,32.0
H0466_P002_202507,H0466,P002,2025-07-01,1,1,32,32.0
H0466_P002_202511,H0466,P002,2025-11-01,1,2,42,21.0
H0466_P002_202512,H0466,P002,2025-12-01,1,1,22,22.0
H0466_P002_202602,H0466,P002,2026-02-01,1,1,25,25.0
H0466_P003_202506,H0466,P003,2025-06-01,1,3,81,27.0
H0466_P003_202507,H0466,P003,2025-07-01,1,3,174,58.0
H0466_P003_202508,H0466,P003,2025-08-01,1,1,22,22.0
H0466_P003_202510,H0466,P003,2025-10-01,1,3,138,46.0
H0466_P003_202511,H0466,P003,2025-11-01,1,1,41,41.0
H0466_P003_202512,H0466,P003,2025-12-01,1,4,204,51.0
H0466_P003_202601,H0466,P003,2026-01-01,1,4,140,35.0
H0466_P004_202507,H0466,P004,2025-07-01,1,1,35,35.0
H0466_P004_202508,H0466,P004,2025-08-01,1,3,153,51.0
H0466_P004_202509,H0466,P004,2025-09-01,1,1,41,41.0
H0466_P004_202510,H0466,P004,2025-10-01,1,1,41,41.0
H0466_P004_202511,H0466,P004,2025-11-01,1,1,22,22.0
H0466_P004_202512,H0466,P004,2025-12-01,1,1,30,30.0
H0466_P004_202601,H0466,P004,2026-01-01,1,1,54,54.0
H0466_P004_202602,H0466,P004,2026-02-01,1,4,140,35.0
H0466_P004_202603,H0466,P004,2026-03-01,1,3,165,55.0
H0466_P005_202506,H0466,P005,2025-06-01,1,1,30,30.0
H0466_P005_202507,H0466,P005,2025-07-01,1,2,80,40.0
H0466_P005_202508,H0466,P005,2025-08-01,1,3,75,25.0
H0466_P005_202511,H0466,P005,2025-11-01,1,5,265,53.0
H0466_P005_202512,H0466,P005,2025-12-01,1,1,36,36.0
H0466_P005_202603,H0466,P005,2026-03-01,1,3,81,27.0
H0467_P001_202507,H0467,P001,2025-07-01,1,1,45,45.0
H0467_P001_202508,H0467,P001,2025-08-01,1,5,180,36.0
H0467_P001_202511,H0467,P001,2025-11-01,1,1,52,52.0
H0467_P001_202512,H0467,P001,2025-12-01,1,2,120,60.0
H0467_P001_202601,H0467,P001,2026-01-01,1,2,70,35.0
H0467_P002_202506,H0467,P002,2025-06-01,1,3,93,31.0
H0467_P002_202507,H0467,P002,2025-07-01,1,3,180,60.0
H0467_P002_202508,H0467,P002,2025-08-01,1,2,94,47.0
H0467_P002_202509,H0467,P002,2025-09-01,1,5,275,55.0
H0467_P002_202510,H0467,P002,2025-10-01,1,3,78,26.0
H0467_P002_202512,H0467,P002,2025-12-01,1,1,47,47.0
H0467_P002_202601,H0467,P002,2026-01-01,1,2,42,21.0
H0467_P003_202506,H0467,P003,2025-06-01,1,1,44,44.0
H0467_P003_202508,H0467,P003,2025-08-01,1,1,46,46.0
H0467_P003_202511,H0467,P003,2025-11-01,1,3,90,30.0
H0467_P003_202512,H0467,P003,2025-12-01,1,3,123,41.0
H0467_P003_202601,H0467,P003,2026-01-01,1,1,59,59.0
H0467_P003_202602,H0467,P003,2026-02-01,1,3,156,52.0
H0467_P003_202603,H0467,P003,2026-03-01,1,1,34,34.0
H0467_P004_202506,H0467,P004,2025-06-01,1,2,104,52.0
H0467_P004_202507,H0467,P004,2025-07-01,1,2,56,28.0
H0467_P004_202508,H0467,P004,2025-08-01,1,1,36,36.0
H0467_P004_202509,H0467,P004,2025-09-01,1,1,27,27.0
H0467_P004_202510,H0467,P004,2025-10-01,1,3,108,36.0
H0467_P004_202511,H0467,P004,2025-11-01,1,3,162,54.0
H0467_P004_202512,H0467,P004,2025-12-01,1,2,70,35.0
H0467_P004_202601,H0467,P004,2026-01-01,1,4,96,24.0
H0467_P004_202602,H0467,P004,2026-02-01,1,1,23,23.0
H0467_P004_202603,H0467,P004,2026-03-01,1,4,136,34.0
H0467_P005_202506,H0467,P005,2025-06-01,1,1,35,35.0
H0467_P005_202508,H0467,P005,2025-08-01,1,2,50,25.0
H0467_P005_202512,H0467,P005,2025-12-01,1,1,36,36.0
H0467_P005_202603,H0467,P005,2026-03-01,1,1,56,56.0
H0468_P001_202507,H0468,P001,2025-07-01,1,1,43,43.0
H0468_P001_202510,H0468,P001,2025-10-01,1,2,80,40.0
H0468_P001_202511,H0468,P001,2025-11-01,1,3,102,34.0
H0468_P001_202602,H0468,P001,2026-02-01,1,1,57,57.0
H0468_P001_202603,H0468,P001,2026-03-01,1,1,51,51.0
H0468_P002_202506,H0468,P002,2025-06-01,1,1,33,33.0
H0468_P002_202507,H0468,P002,2025-07-01,1,1,55,55.0
H0468_P002_202508,H0468,P002,2025-08-01,1,1,39,39.0
H0468_P002_202509,H0468,P002,2025-09-01,1,1,44,44.0
H0468_P002_202602,H0468,P002,2026-02-01,1,1,20,20.0
H0468_P002_202603,H0468,P002,2026-03-01,1,1,43,43.0
H0468_P003_202510,H0468,P003,2025-10-01,1,1,50,50.0
H0468_P003_202512,H0468,P003,2025-12-01,1,1,24,24.0
H0468_P003_202601,H0468,P003,2026-01-01,1,1,44,44.0
H0468_P005_202508,H0468,P005,2025-08-01,1,2,118,59.0
H0468_P005_202509,H0468,P005,2025-09-01,1,1,37,37.0
H0468_P005_202601,H0468,P005,2026-01-01,1,1,60,60.0
H0468_P005_202602,H0468,P005,2026-02-01,1,1,50,50.0
H0468_P005_202603,H0468,P005,2026-03-01,1,2,76,38.0
H0469_P001_202506,H0469,P001,2025-06-01,1,1,38,38.0
H0469_P001_202511,H0469,P001,2025-11-01,1,1,40,40.0
H0469_P001_202602,H0469,P001,2026-02-01,1,2,114,57.0
H0469_P001_202603,H0469,P001,2026-03-01,1,1,58,58.0
H0469_P002_202506,H0469,P002,2025-06-01,1,1,35,35.0
H0469_P002_202509,H0469,P002,2025-09-01,1,1,38,38.0
H0469_P002_202510,H0469,P002,2025-10-01,1,1,41,41.0
H0469_P002_202512,H0469,P002,2025-12-01,1,1,56,56.0
H0469_P003_202506,H0469,P003,2025-06-01,1,2,74,37.0
H0469_P003_202507,H0469,P003,2025-07-01,1,2,50,25.0
H0469_P003_202508,H0469,P003,2025-08-01,1,2,68,34.0
H0469_P003_202509,H0469,P003,2025-09-01,1,1,57,57.0
H0469_P003_202510,H0469,P003,2025-10-01,1,1,46,46.0
H0469_P003_202511,H0469,P003,2025-11-01,1,1,28,28.0
H0469_P003_202601,H0469,P003,2026-01-01,1,1,56,56.0
H0469_P003_202602,H0469,P003,2026-02-01,1,1,27,27.0
H0469_P003_202603,H0469,P003,2026-03-01,1,1,44,44.0
H0469_P004_202507,H0469,P004,2025-07-01,1,2,48,24.0
H0469_P004_202508,H0469,P004,2025-08-01,1,1,33,33.0
H0469_P004_202510,H0469,P004,2025-10-01,1,2,108,54.0
H0469_P004_202511,H0469,P004,2025-11-01,1,1,58,58.0
H0469_P004_202512,H0469,P004,2025-12-01,1,1,51,51.0
H0469_P004_202601,H0469,P004,2026-01-01,1,2,56,28.0
H0469_P004_202603,H0469,P004,2026-03-01,1,1,33,33.0
H0469_P005_202508,H0469,P005,2025-08-01,1,1,20,20.0
H0469_P005_202509,H0469,P005,2025-09-01,1,1,24,24.0
H0469_P005_202511,H0469,P005,2025-11-01,1,1,54,54.0
H0469_P005_202601,H0469,P005,2026-01-01,1,1,52,52.0
H0470_P001_202509,H0470,P001,2025-09-01,1,1,33,33.0
H0470_P001_202602,H0470,P001,2026-02-01,1,1,59,59.0
H0470_P002_202506,H0470,P002,2025-06-01,1,4,88,22.0
H0470_P002_202507,H0470,P002,2025-07-01,1,2,54,27.0
H0470_P002_202508,H0470,P002,2025-08-01,1,1,24,24.0
H0470_P002_202509,H0470,P002,2025-09-01,1,2,72,36.0
H0470_P002_202510,H0470,P002,2025-10-01,1,1,20,20.0
H0470_P002_202511,H0470,P002,2025-11-01,1,2,118,59.0
H0470_P002_202512,H0470,P002,2025-12-01,1,1,32,32.0
H0470_P002_202601,H0470,P002,2026-01-01,1,3,66,22.0
H0470_P002_202602,H0470,P002,2026-02-01,1,4,132,33.0
H0470_P002_202603,H0470,P002,2026-03-01,1,1,23,23.0
H0470_P003_202509,H0470,P003,2025-09-01,1,1,45,45.0
H0470_P003_202510,H0470,P003,2025-10-01,1,2,90,45.0
H0470_P003_202511,H0470,P003,2025-11-01,1,1,21,21.0
H0470_P003_202512,H0470,P003,2025-12-01,1,1,35,35.0
H0470_P003_202601,H0470,P003,2026-01-01,1,1,30,30.0
H0470_P003_202603,H0470,P003,2026-03-01,1,2,120,60.0
H0470_P004_202510,H0470,P004,2025-10-01,1,1,20,20.0
H0470_P004_202512,H0470,P004,2025-12-01,1,1,39,39.0
H0470_P004_202601,H0470,P004,2026-01-01,1,1,54,54.0
H0470_P005_202506,H0470,P005,2025-06-01,1,2,108,54.0
H0470_P005_202509,H0470,P005,2025-09-01,1,2,116,58.0
H0470_P005_202510,H0470,P005,2025-10-01,1,1,40,40.0
H0470_P005_202511,H0470,P005,2025-11-01,1,1,27,27.0
H0470_P005_202601,H0470,P005,2026-01-01,1,1,33,33.0
H0471_P001_202511,H0471,P001,2025-11-01,1,1,50,50.0
H0471_P001_202512,H0471,P001,2025-12-01,1,2,100,50.0
H0471_P001_202602,H0471,P001,2026-02-01,1,1,48,48.0
H0471_P002_202601,H0471,P002,2026-01-01,1,1,48,48.0
H0471_P004_202507,H0471,P004,2025-07-01,1,2,70,35.0
H0471_P004_202508,H0471,P004,2025-08-01,1,1,26,26.0
H0471_P004_202509,H0471,P004,2025-09-01,1,1,45,45.0
H0471_P004_202510,H0471,P004,2025-10-01,1,1,43,43.0
H0471_P004_202511,H0471,P004,2025-11-01,1,1,20,20.0
H0471_P004_202603,H0471,P004,2026-03-01,1,1,47,47.0
H0472_P001_202507,H0472,P001,2025-07-01,1,1,53,53.0
H0472_P001_202601,H0472,P001,2026-01-01,1,1,36,36.0
H0472_P001_202602,H0472,P001,2026-02-01,1,1,40,40.0
H0472_P001_202603,H0472,P001,2026-03-01,1,1,27,27.0
H0472_P002_202506,H0472,P002,2025-06-01,1,2,94,47.0
H0472_P002_202509,H0472,P002,2025-09-01,1,1,25,25.0
H0472_P002_202602,H0472,P002,2026-02-01,1,4,136,34.0
H0472_P002_202603,H0472,P002,2026-03-01,1,1,24,24.0
H0472_P003_202508,H0472,P003,2025-08-01,1,1,42,42.0
H0472_P004_202508,H0472,P004,2025-08-01,1,1,31,31.0
H0472_P004_202509,H0472,P004,2025-09-01,1,1,44,44.0
H0472_P004_202511,H0472,P004,2025-11-01,1,1,41,41.0
H0472_P005_202506,H0472,P005,2025-06-01,1,1,54,54.0
H0472_P005_202603,H0472,P005,2026-03-01,1,1,55,55.0
H0473_P001_202508,H0473,P001,2025-08-01,1,1,42,42.0
H0473_P001_202602,H0473,P001,2026-02-01,1,1,44,44.0
H0473_P001_202603,H0473,P001,2026-03-01,1,1,25,25.0
H0473_P002_202506,H0473,P002,2025-06-01,1,2,106,53.0
H0473_P002_202507,H0473,P002,2025-07-01,1,1,57,57.0
H0473_P002_202508,H0473,P002,2025-08-01,1,1,41,41.0
H0473_P002_202510,H0473,P002,2025-10-01,1,1,34,34.0
H0473_P002_202511,H0473,P002,2025-11-01,1,1,24,24.0
H0473_P002_202512,H0473,P002,2025-12-01,1,1,55,55.0
H0473_P002_202601,H0473,P002,2026-01-01,1,3,129,43.0
H0473_P002_202602,H0473,P002,2026-02-01,1,3,129,43.0
H0473_P002_202603,H0473,P002,2026-03-01,1,4,236,59.0
H0473_P004_202506,H0473,P004,2025-06-01,1,1,37,37.0
H0473_P004_202511,H0473,P004,2025-11-01,1,2,104,52.0
H0473_P004_202601,H0473,P004,2026-01-01,1,1,29,29.0
H0473_P004_202602,H0473,P004,2026-02-01,1,1,59,59.0
H0473_P004_202603,H0473,P004,2026-03-01,1,1,38,38.0
H0473_P005_202506,H0473,P005,2025-06-01,1,1,42,42.0
H0473_P005_202508,H0473,P005,2025-08-01,1,1,36,36.0
H0473_P005_202512,H0473,P005,2025-12-01,1,1,60,60.0
H0473_P005_202602,H0473,P005,2026-02-01,1,1,59,59.0
H0474_P001_202506,H0474,P001,2025-06-01,1,1,50,50.0
H0474_P001_202507,H0474,P001,2025-07-01,1,2,80,40.0
H0474_P001_202511,H0474,P001,2025-11-01,1,1,24,24.0
H0474_P001_202601,H0474,P001,2026-01-01,1,4,196,49.0
H0474_P001_202603,H0474,P001,2026-03-01,1,1,41,41.0
H0474_P002_202507,H0474,P002,2025-07-01,1,1,42,42.0
H0474_P002_202509,H0474,P002,2025-09-01,1,1,57,57.0
H0474_P002_202511,H0474,P002,2025-11-01,1,1,23,23.0
H0474_P002_202512,H0474,P002,2025-12-01,1,2,116,58.0
H0474_P002_202602,H0474,P002,2026-02-01,1,2,48,24.0
H0474_P002_202603,H0474,P002,2026-03-01,1,1,24,24.0
H0474_P003_202507,H0474,P003,2025-07-01,1,1,60,60.0
H0474_P003_202509,H0474,P003,2025-09-01,1,1,28,28.0
H0474_P003_202510,H0474,P003,2025-10-01,1,3,72,24.0
H0474_P003_202511,H0474,P003,2025-11-01,1,1,45,45.0
H0474_P003_202512,H0474,P003,2025-12-01,1,1,31,31.0
H0474_P003_202601,H0474,P003,2026-01-01,1,1,56,56.0
H0474_P003_202603,H0474,P003,2026-03-01,1,4,220,55.0
H0474_P004_202508,H0474,P004,2025-08-01,1,1,37,37.0
H0474_P005_202506,H0474,P005,2025-06-01,1,2,106,53.0
H0474_P005_202508,H0474,P005,2025-08-01,1,1,20,20.0
H0474_P005_202510,H0474,P005,2025-10-01,1,2,50,25.0
H0474_P005_202511,H0474,P005,2025-11-01,1,2,62,31.0
H0474_P005_202512,H0474,P005,2025-12-01,1,4,212,53.0
H0474_P005_202601,H0474,P005,2026-01-01,1,3,120,40.0
H0474_P005_202602,H0474,P005,2026-02-01,1,3,96,32.0
H0474_P005_202603,H0474,P005,2026-03-01,1,5,100,20.0
H0475_P001_202507,H0475,P001,2025-07-01,1,2,96,48.0
H0475_P001_202508,H0475,P001,2025-08-01,1,2,68,34.0
H0475_P001_202511,H0475,P001,2025-11-01,1,2,98,49.0
H0475_P001_202512,H0475,P001,2025-12-01,1,2,42,21.0
H0475_P001_202601,H0475,P001,2026-01-01,1,2,114,57.0
H0475_P001_202602,H0475,P001,2026-02-01,1,2,54,27.0
H0475_P002_202512,H0475,P002,2025-12-01,1,1,45,45.0
H0475_P002_202601,H0475,P002,2026-01-01,1,1,60,60.0
H0475_P002_202602,H0475,P002,2026-02-01,1,2,66,33.0
H0475_P002_202603,H0475,P002,2026-03-01,1,3,129,43.0
H0475_P003_202506,H0475,P003,2025-06-01,1,2,66,33.0
H0475_P003_202507,H0475,P003,2025-07-01,1,4,156,39.0
H0475_P003_202508,H0475,P003,2025-08-01,1,3,126,42.0
H0475_P003_202509,H0475,P003,2025-09-01,1,2,120,60.0
H0475_P003_202510,H0475,P003,2025-10-01,1,1,42,42.0
H0475_P003_202511,H0475,P003,2025-11-01,1,2,88,44.0
H0475_P003_202512,H0475,P003,2025-12-01,1,2,78,39.0
H0475_P003_202601,H0475,P003,2026-01-01,1,1,44,44.0
H0475_P003_202602,H0475,P003,2026-02-01,1,1,50,50.0
H0475_P003_202603,H0475,P003,2026-03-01,1,1,51,51.0
H0475_P004_202506,H0475,P004,2025-06-01,1,1,30,30.0
H0475_P004_202507,H0475,P004,2025-07-01,1,6,186,31.0
H0475_P004_202508,H0475,P004,2025-08-01,1,2,64,32.0
H0475_P004_202509,H0475,P004,2025-09-01,1,3,78,26.0
H0475_P004_202510,H0475,P004,2025-10-01,1,4,136,34.0
H0475_P004_202511,H0475,P004,2025-11-01,1,3,177,59.0
H0475_P004_202512,H0475,P004,2025-12-01,1,4,240,60.0
H0475_P004_202601,H0475,P004,2026-01-01,1,1,24,24.0
H0475_P004_202602,H0475,P004,2026-02-01,1,5,210,42.0
H0475_P004_202603,H0475,P004,2026-03-01,1,2,54,27.0
H0475_P005_202507,H0475,P005,2025-07-01,1,2,66,33.0
H0476_P003_202508,H0476,P003,2025-08-01,1,1,35,35.0
H0476_P003_202510,H0476,P003,2025-10-01,1,1,30,30.0
H0476_P003_202601,H0476,P003,2026-01-01,1,1,54,54.0
H0476_P004_202506,H0476,P004,2025-06-01,1,1,43,43.0
H0476_P004_202507,H0476,P004,2025-07-01,1,1,47,47.0
H0476_P004_202511,H0476,P004,2025-11-01,1,1,59,59.0
H0476_P004_202601,H0476,P004,2026-01-01,1,1,58,58.0
H0476_P004_202602,H0476,P004,2026-02-01,1,1,53,53.0
H0477_P002_202506,H0477,P002,2025-06-01,1,5,185,37.0
H0477_P002_202507,H0477,P002,2025-07-01,1,5,125,25.0
H0477_P002_202508,H0477,P002,2025-08-01,1,2,56,28.0
H0477_P002_202509,H0477,P002,2025-09-01,1,2,98,49.0
H0477_P002_202510,H0477,P002,2025-10-01,1,4,140,35.0
H0477_P002_202511,H0477,P002,2025-11-01,1,6,282,47.0
H0477_P002_202512,H0477,P002,2025-12-01,1,3,123,41.0
H0477_P002_202601,H0477,P002,2026-01-01,1,6,228,38.0
H0477_P002_202602,H0477,P002,2026-02-01,1,3,180,60.0
H0477_P002_202603,H0477,P002,2026-03-01,1,6,294,49.0
H0477_P003_202506,H0477,P003,2025-06-01,1,2,112,56.0
H0477_P003_202507,H0477,P003,2025-07-01,1,1,45,45.0
H0477_P003_202512,H0477,P003,2025-12-01,1,1,41,41.0
H0477_P003_202602,H0477,P003,2026-02-01,1,1,50,50.0
H0477_P003_202603,H0477,P003,2026-03-01,1,1,55,55.0
H0477_P004_202506,H0477,P004,2025-06-01,1,1,23,23.0
H0477_P004_202508,H0477,P004,2025-08-01,1,2,82,41.0
H0477_P004_202510,H0477,P004,2025-10-01,1,1,37,37.0
H0477_P004_202601,H0477,P004,2026-01-01,1,3,99,33.0
H0477_P004_202603,H0477,P004,2026-03-01,1,1,47,47.0
H0477_P005_202506,H0477,P005,2025-06-01,1,1,55,55.0
H0477_P005_202508,H0477,P005,2025-08-01,1,2,120,60.0
H0477_P005_202509,H0477,P005,2025-09-01,1,1,22,22.0
H0477_P005_202601,H0477,P005,2026-01-01,1,2,52,26.0
H0478_P001_202507,H0478,P001,2025-07-01,1,1,32,32.0
H0478_P001_202508,H0478,P001,2025-08-01,1,8,424,53.0
H0478_P001_202509,H0478,P001,2025-09-01,1,1,46,46.0
H0478_P001_202510,H0478,P001,2025-10-01,1,1,34,34.0
H0478_P001_202511,H0478,P001,2025-11-01,1,2,40,20.0
H0478_P001_202512,H0478,P001,2025-12-01,1,1,20,20.0
H0478_P001_202601,H0478,P001,2026-01-01,1,1,46,46.0
H0478_P001_202602,H0478,P001,2026-02-01,1,1,40,40.0
H0478_P002_202507,H0478,P002,2025-07-01,1,2,76,38.0
H0478_P002_202508,H0478,P002,2025-08-01,1,3,153,51.0
H0478_P002_202509,H0478,P002,2025-09-01,1,3,180,60.0
H0478_P002_202510,H0478,P002,2025-10-01,1,1,55,55.0
H0478_P002_202511,H0478,P002,2025-11-01,1,4,168,42.0
H0478_P002_202512,H0478,P002,2025-12-01,1,3,105,35.0
H0478_P002_202601,H0478,P002,2026-01-01,1,1,51,51.0
H0478_P002_202602,H0478,P002,2026-02-01,1,2,60,30.0
H0478_P002_202603,H0478,P002,2026-03-01,1,3,111,37.0
H0478_P003_202506,H0478,P003,2025-06-01,1,2,48,24.0
H0478_P003_202507,H0478,P003,2025-07-01,1,1,27,27.0
H0478_P003_202508,H0478,P003,2025-08-01,1,1,26,26.0
H0478_P003_202509,H0478,P003,2025-09-01,1,3,153,51.0
H0478_P003_202510,H0478,P003,2025-10-01,1,5,120,24.0
H0478_P003_202511,H0478,P003,2025-11-01,1,2,44,22.0
H0478_P003_202512,H0478,P003,2025-12-01,1,4,224,56.0
H0478_P003_202601,H0478,P003,2026-01-01,1,3,78,26.0
H0478_P003_202602,H0478,P003,2026-02-01,1,2,62,31.0
H0478_P003_202603,H0478,P003,2026-03-01,1,2,68,34.0
H0478_P004_202506,H0478,P004,2025-06-01,1,9,414,46.0
H0478_P004_202507,H0478,P004,2025-07-01,1,8,272,34.0
H0478_P004_202508,H0478,P004,2025-08-01,1,4,148,37.0
H0478_P004_202509,H0478,P004,2025-09-01,1,2,40,20.0
H0478_P004_202510,H0478,P004,2025-10-01,1,4,188,47.0
H0478_P004_202511,H0478,P004,2025-11-01,1,3,135,45.0
H0478_P004_202512,H0478,P004,2025-12-01,1,1,26,26.0
H0478_P004_202601,H0478,P004,2026-01-01,1,3,144,48.0
H0478_P004_202602,H0478,P004,2026-02-01,1,1,47,47.0
H0478_P004_202603,H0478,P004,2026-03-01,1,4,108,27.0
H0478_P005_202506,H0478,P005,2025-06-01,1,4,108,27.0
H0478_P005_202507,H0478,P005,2025-07-01,1,5,180,36.0
H0478_P005_202508,H0478,P005,2025-08-01,1,3,123,41.0
H0478_P005_202509,H0478,P005,2025-09-01,1,4,232,58.0
H0478_P005_202510,H0478,P005,2025-10-01,1,6,348,58.0
H0478_P005_202511,H0478,P005,2025-11-01,1,4,92,23.0
H0478_P005_202512,H0478,P005,2025-12-01,1,8,296,37.0
H0478_P005_202601,H0478,P005,2026-01-01,1,7,413,59.0
H0478_P005_202602,H0478,P005,2026-02-01,1,2,104,52.0
H0478_P005_202603,H0478,P005,2026-03-01,1,3,99,33.0
H0479_P001_202506,H0479,P001,2025-06-01,1,3,129,43.0
H0479_P001_202507,H0479,P001,2025-07-01,1,1,38,38.0
H0479_P001_202508,H0479,P001,2025-08-01,1,1,25,25.0
H0479_P001_202509,H0479,P001,2025-09-01,1,4,180,45.0
H0479_P001_202510,H0479,P001,2025-10-01,1,2,70,35.0
H0479_P001_202511,H0479,P001,2025-11-01,1,2,56,28.0
H0479_P001_202512,H0479,P001,2025-12-01,1,1,33,33.0
H0479_P001_202601,H0479,P001,2026-01-01,1,2,62,31.0
H0479_P001_202603,H0479,P001,2026-03-01,1,4,144,36.0
H0479_P002_202507,H0479,P002,2025-07-01,1,2,108,54.0
H0479_P002_202508,H0479,P002,2025-08-01,1,1,58,58.0
H0479_P002_202509,H0479,P002,2025-09-01,1,1,36,36.0
H0479_P002_202510,H0479,P002,2025-10-01,1,3,123,41.0
H0479_P002_202511,H0479,P002,2025-11-01,1,2,82,41.0
H0479_P002_202602,H0479,P002,2026-02-01,1,2,104,52.0
H0479_P002_202603,H0479,P002,2026-03-01,1,1,25,25.0
H0479_P003_202506,H0479,P003,2025-06-01,1,1,47,47.0
H0479_P003_202508,H0479,P003,2025-08-01,1,1,33,33.0
H0479_P003_202509,H0479,P003,2025-09-01,1,1,59,59.0
H0479_P003_202510,H0479,P003,2025-10-01,1,2,102,51.0
H0479_P003_202511,H0479,P003,2025-11-01,1,1,44,44.0
H0479_P003_202512,H0479,P003,2025-12-01,1,1,35,35.0
H0479_P003_202601,H0479,P003,2026-01-01,1,3,87,29.0
H0479_P003_202602,H0479,P003,2026-02-01,1,3,159,53.0
H0479_P003_202603,H0479,P003,2026-03-01,1,1,48,48.0
H0479_P004_202506,H0479,P004,2025-06-01,1,1,55,55.0
H0479_P004_202507,H0479,P004,2025-07-01,1,2,42,21.0
H0479_P004_202509,H0479,P004,2025-09-01,1,2,48,24.0
H0479_P004_202510,H0479,P004,2025-10-01,1,1,58,58.0
H0479_P004_202603,H0479,P004,2026-03-01,1,1,60,60.0
H0479_P005_202506,H0479,P005,2025-06-01,1,2,48,24.0
H0479_P005_202507,H0479,P005,2025-07-01,1,4,168,42.0
H0479_P005_202508,H0479,P005,2025-08-01,1,1,43,43.0
H0479_P005_202602,H0479,P005,2026-02-01,1,3,144,48.0
H0480_P001_202506,H0480,P001,2025-06-01,1,3,114,38.0
H0480_P001_202507,H0480,P001,2025-07-01,1,3,75,25.0
H0480_P001_202508,H0480,P001,2025-08-01,1,1,45,45.0
H0480_P001_202509,H0480,P001,2025-09-01,1,2,90,45.0
H0480_P001_202510,H0480,P001,2025-10-01,1,7,196,28.0
H0480_P001_202511,H0480,P001,2025-11-01,1,1,42,42.0
H0480_P001_202512,H0480,P001,2025-12-01,1,4,220,55.0
H0480_P001_202601,H0480,P001,2026-01-01,1,2,82,41.0
H0480_P001_202602,H0480,P001,2026-02-01,1,2,66,33.0
H0480_P001_202603,H0480,P001,2026-03-01,1,1,58,58.0
H0480_P002_202508,H0480,P002,2025-08-01,1,1,59,59.0
H0480_P002_202510,H0480,P002,2025-10-01,1,1,38,38.0
H0480_P002_202601,H0480,P002,2026-01-01,1,1,41,41.0
H0480_P002_202602,H0480,P002,2026-02-01,1,1,44,44.0
H0480_P002_202603,H0480,P002,2026-03-01,1,2,106,53.0
H0480_P003_202508,H0480,P003,2025-08-01,1,2,40,20.0
H0480_P003_202511,H0480,P003,2025-11-01,1,2,96,48.0
H0480_P003_202602,H0480,P003,2026-02-01,1,1,49,49.0
H0480_P003_202603,H0480,P003,2026-03-01,1,2,86,43.0
H0480_P004_202506,H0480,P004,2025-06-01,1,1,29,29.0
H0480_P004_202510,H0480,P004,2025-10-01,1,1,24,24.0
H0480_P004_202511,H0480,P004,2025-11-01,1,1,26,26.0
H0480_P005_202508,H0480,P005,2025-08-01,1,1,25,25.0
H0480_P005_202509,H0480,P005,2025-09-01,1,3,117,39.0
H0480_P005_202510,H0480,P005,2025-10-01,1,2,74,37.0
H0480_P005_202512,H0480,P005,2025-12-01,1,1,23,23.0
H0481_P001_202506,H0481,P001,2025-06-01,1,1,22,22.0
H0481_P001_202507,H0481,P001,2025-07-01,1,2,108,54.0
H0481_P001_202508,H0481,P001,2025-08-01,1,2,66,33.0
H0481_P001_202510,H0481,P001,2025-10-01,1,3,177,59.0
H0481_P001_202512,H0481,P001,2025-12-01,1,1,28,28.0
H0481_P001_202601,H0481,P001,2026-01-01,1,1,27,27.0
H0481_P001_202603,H0481,P001,2026-03-01,1,1,32,32.0
H0481_P002_202506,H0481,P002,2025-06-01,1,1,51,51.0
H0481_P002_202510,H0481,P002,2025-10-01,1,1,25,25.0
H0481_P002_202511,H0481,P002,2025-11-01,1,2,84,42.0
H0481_P002_202512,H0481,P002,2025-12-01,1,3,132,44.0
H0481_P002_202602,H0481,P002,2026-02-01,1,1,46,46.0
H0481_P002_202603,H0481,P002,2026-03-01,1,1,35,35.0
H0481_P003_202506,H0481,P003,2025-06-01,1,3,63,21.0
H0481_P003_202507,H0481,P003,2025-07-01,1,2,110,55.0
H0481_P003_202508,H0481,P003,2025-08-01,1,3,168,56.0
H0481_P003_202509,H0481,P003,2025-09-01,1,4,204,51.0
H0481_P003_202510,H0481,P003,2025-10-01,1,3,180,60.0
H0481_P003_202512,H0481,P003,2025-12-01,1,2,44,22.0
H0481_P003_202601,H0481,P003,2026-01-01,1,3,177,59.0
H0481_P003_202603,H0481,P003,2026-03-01,1,2,80,40.0
H0481_P004_202506,H0481,P004,2025-06-01,1,2,116,58.0
H0481_P004_202509,H0481,P004,2025-09-01,1,1,40,40.0
H0481_P004_202511,H0481,P004,2025-11-01,1,3,150,50.0
H0481_P004_202512,H0481,P004,2025-12-01,1,1,36,36.0
H0481_P004_202601,H0481,P004,2026-01-01,1,1,50,50.0
H0481_P004_202602,H0481,P004,2026-02-01,1,3,66,22.0
H0481_P004_202603,H0481,P004,2026-03-01,1,1,53,53.0
H0481_P005_202509,H0481,P005,2025-09-01,1,1,25,25.0
H0481_P005_202510,H0481,P005,2025-10-01,1,1,39,39.0
H0482_P001_202507,H0482,P001,2025-07-01,1,1,20,20.0
H0482_P001_202508,H0482,P001,2025-08-01,1,1,45,45.0
H0482_P001_202509,H0482,P001,2025-09-01,1,2,40,20.0
H0482_P001_202510,H0482,P001,2025-10-01,1,2,46,23.0
H0482_P001_202512,H0482,P001,2025-12-01,1,2,84,42.0
H0482_P001_202601,H0482,P001,2026-01-01,1,2,110,55.0
H0482_P001_202603,H0482,P001,2026-03-01,1,1,22,22.0
H0482_P002_202506,H0482,P002,2025-06-01,1,1,21,21.0
H0482_P002_202507,H0482,P002,2025-07-01,1,4,96,24.0
H0482_P002_202508,H0482,P002,2025-08-01,1,1,41,41.0
H0482_P002_202509,H0482,P002,2025-09-01,1,2,70,35.0
H0482_P002_202512,H0482,P002,2025-12-01,1,1,26,26.0
H0482_P002_202603,H0482,P002,2026-03-01,1,1,39,39.0
H0482_P003_202506,H0482,P003,2025-06-01,1,1,36,36.0
H0482_P003_202507,H0482,P003,2025-07-01,1,1,25,25.0
H0482_P003_202510,H0482,P003,2025-10-01,1,1,22,22.0
H0482_P003_202601,H0482,P003,2026-01-01,1,1,33,33.0
H0482_P004_202506,H0482,P004,2025-06-01,1,4,208,52.0
H0482_P004_202507,H0482,P004,2025-07-01,1,5,145,29.0
H0482_P004_202508,H0482,P004,2025-08-01,1,5,280,56.0
H0482_P004_202509,H0482,P004,2025-09-01,1,3,90,30.0
H0482_P004_202510,H0482,P004,2025-10-01,1,1,58,58.0
H0482_P004_202511,H0482,P004,2025-11-01,1,2,52,26.0
H0482_P004_202512,H0482,P004,2025-12-01,1,5,235,47.0
H0482_P004_202601,H0482,P004,2026-01-01,1,1,56,56.0
H0482_P004_202602,H0482,P004,2026-02-01,1,5,170,34.0
H0482_P004_202603,H0482,P004,2026-03-01,1,1,43,43.0
H0482_P005_202506,H0482,P005,2025-06-01,1,6,300,50.0
H0482_P005_202507,H0482,P005,2025-07-01,1,3,135,45.0
H0482_P005_202509,H0482,P005,2025-09-01,1,6,126,21.0
H0482_P005_202510,H0482,P005,2025-10-01,1,3,93,31.0
H0482_P005_202512,H0482,P005,2025-12-01,1,5,185,37.0
H0482_P005_202601,H0482,P005,2026-01-01,1,1,31,31.0
H0482_P005_202602,H0482,P005,2026-02-01,1,6,312,52.0
H0482_P005_202603,H0482,P005,2026-03-01,1,4,124,31.0
H0483_P001_202506,H0483,P001,2025-06-01,1,1,38,38.0
H0483_P001_202507,H0483,P001,2025-07-01,1,1,50,50.0
H0483_P001_202509,H0483,P001,2025-09-01,1,2,88,44.0
H0483_P001_202603,H0483,P001,2026-03-01,1,3,117,39.0
H0483_P002_202506,H0483,P002,2025-06-01,1,3,132,44.0
H0483_P002_202507,H0483,P002,2025-07-01,1,5,165,33.0
H0483_P002_202510,H0483,P002,2025-10-01,1,3,105,35.0
H0483_P002_202511,H0483,P002,2025-11-01,1,2,112,56.0
H0483_P002_202512,H0483,P002,2025-12-01,1,3,102,34.0
H0483_P002_202601,H0483,P002,2026-01-01,1,3,78,26.0
H0483_P002_202602,H0483,P002,2026-02-01,1,3,93,31.0
H0483_P002_202603,H0483,P002,2026-03-01,1,2,46,23.0
H0483_P003_202509,H0483,P003,2025-09-01,1,1,50,50.0
H0483_P003_202510,H0483,P003,2025-10-01,1,2,66,33.0
H0483_P003_202511,H0483,P003,2025-11-01,1,1,33,33.0
H0483_P003_202512,H0483,P003,2025-12-01,1,1,48,48.0
H0483_P004_202506,H0483,P004,2025-06-01,1,1,60,60.0
H0483_P004_202507,H0483,P004,2025-07-01,1,1,40,40.0
H0483_P004_202508,H0483,P004,2025-08-01,1,5,125,25.0
H0483_P004_202509,H0483,P004,2025-09-01,1,1,49,49.0
H0483_P004_202510,H0483,P004,2025-10-01,1,3,84,28.0
H0483_P004_202512,H0483,P004,2025-12-01,1,2,82,41.0
H0483_P004_202601,H0483,P004,2026-01-01,1,5,225,45.0
H0483_P004_202602,H0483,P004,2026-02-01,1,2,40,20.0
H0483_P004_202603,H0483,P004,2026-03-01,1,1,40,40.0
H0484_P001_202506,H0484,P001,2025-06-01,1,1,25,25.0
H0484_P001_202507,H0484,P001,2025-07-01,1,3,75,25.0
H0484_P001_202508,H0484,P001,2025-08-01,1,1,29,29.0
H0484_P001_202509,H0484,P001,2025-09-01,1,2,116,58.0
H0484_P001_202510,H0484,P001,2025-10-01,1,4,128,32.0
H0484_P001_202511,H0484,P001,2025-11-01,1,3,87,29.0
H0484_P001_202601,H0484,P001,2026-01-01,1,4,232,58.0
H0484_P001_202602,H0484,P001,2026-02-01,1,2,86,43.0
H0484_P001_202603,H0484,P001,2026-03-01,1,1,41,41.0
H0484_P002_202506,H0484,P002,2025-06-01,1,7,392,56.0
H0484_P002_202507,H0484,P002,2025-07-01,1,3,72,24.0
H0484_P002_202508,H0484,P002,2025-08-01,1,6,300,50.0
H0484_P002_202509,H0484,P002,2025-09-01,1,2,44,22.0
H0484_P002_202510,H0484,P002,2025-10-01,1,3,102,34.0
H0484_P002_202511,H0484,P002,2025-11-01,1,2,120,60.0
H0484_P002_202512,H0484,P002,2025-12-01,1,4,172,43.0
H0484_P002_202601,H0484,P002,2026-01-01,1,5,165,33.0
H0484_P002_202602,H0484,P002,2026-02-01,1,4,236,59.0
H0484_P002_202603,H0484,P002,2026-03-01,1,3,156,52.0
H0484_P003_202506,H0484,P003,2025-06-01,1,1,25,25.0
H0484_P003_202507,H0484,P003,2025-07-01,1,1,44,44.0
H0484_P003_202511,H0484,P003,2025-11-01,1,1,55,55.0
H0484_P003_202512,H0484,P003,2025-12-01,1,3,168,56.0
H0484_P003_202601,H0484,P003,2026-01-01,1,1,57,57.0
H0484_P003_202602,H0484,P003,2026-02-01,1,3,150,50.0
H0484_P004_202506,H0484,P004,2025-06-01,1,4,112,28.0
H0484_P004_202507,H0484,P004,2025-07-01,1,2,78,39.0
H0484_P004_202508,H0484,P004,2025-08-01,1,1,57,57.0
H0484_P004_202509,H0484,P004,2025-09-01,1,3,156,52.0
H0484_P004_202510,H0484,P004,2025-10-01,1,3,120,40.0
H0484_P004_202511,H0484,P004,2025-11-01,1,3,60,20.0
H0484_P004_202512,H0484,P004,2025-12-01,1,3,105,35.0
H0484_P004_202601,H0484,P004,2026-01-01,1,4,132,33.0
H0484_P004_202602,H0484,P004,2026-02-01,1,2,100,50.0
H0484_P004_202603,H0484,P004,2026-03-01,1,3,78,26.0
H0484_P005_202507,H0484,P005,2025-07-01,1,2,52,26.0
H0484_P005_202508,H0484,P005,2025-08-01,1,1,33,33.0
H0484_P005_202509,H0484,P005,2025-09-01,1,1,26,26.0
H0484_P005_202512,H0484,P005,2025-12-01,1,5,225,45.0
H0484_P005_202601,H0484,P005,2026-01-01,1,3,165,55.0
H0484_P005_202603,H0484,P005,2026-03-01,1,6,294,49.0
H0485_P001_202506,H0485,P001,2025-06-01,1,3,156,52.0
H0485_P001_202507,H0485,P001,2025-07-01,1,2,90,45.0
H0485_P001_202509,H0485,P001,2025-09-01,1,3,141,47.0
H0485_P001_202510,H0485,P001,2025-10-01,1,1,40,40.0
H0485_P001_202511,H0485,P001,2025-11-01,1,1,28,28.0
H0485_P001_202512,H0485,P001,2025-12-01,1,1,37,37.0
H0485_P001_202601,H0485,P001,2026-01-01,1,2,68,34.0
H0485_P001_202602,H0485,P001,2026-02-01,1,3,111,37.0
H0485_P001_202603,H0485,P001,2026-03-01,1,3,180,60.0
H0485_P002_202506,H0485,P002,2025-06-01,1,1,34,34.0
H0485_P002_202508,H0485,P002,2025-08-01,1,1,28,28.0
H0485_P002_202510,H0485,P002,2025-10-01,1,1,52,52.0
H0485_P002_202602,H0485,P002,2026-02-01,1,1,54,54.0
H0485_P003_202506,H0485,P003,2025-06-01,1,1,48,48.0
H0485_P003_202603,H0485,P003,2026-03-01,1,2,62,31.0
H0485_P004_202507,H0485,P004,2025-07-01,1,2,90,45.0
H0485_P004_202508,H0485,P004,2025-08-01,1,1,35,35.0
H0485_P004_202510,H0485,P004,2025-10-01,1,1,39,39.0
H0485_P004_202511,H0485,P004,2025-11-01,1,1,24,24.0
H0485_P004_202512,H0485,P004,2025-12-01,1,1,48,48.0
H0485_P004_202603,H0485,P004,2026-03-01,1,1,52,52.0
H0485_P005_202507,H0485,P005,2025-07-01,1,2,72,36.0
H0486_P001_202506,H0486,P001,2025-06-01,1,4,236,59.0
H0486_P001_202507,H0486,P001,2025-07-01,1,4,160,40.0
H0486_P001_202508,H0486,P001,2025-08-01,1,1,39,39.0
H0486_P001_202509,H0486,P001,2025-09-01,1,3,111,37.0
H0486_P001_202510,H0486,P001,2025-10-01,1,3,117,39.0
H0486_P001_202511,H0486,P001,2025-11-01,1,4,228,57.0
H0486_P001_202512,H0486,P001,2025-12-01,1,2,98,49.0
H0486_P001_202601,H0486,P001,2026-01-01,1,2,86,43.0
H0486_P001_202602,H0486,P001,2026-02-01,1,4,172,43.0
H0486_P001_202603,H0486,P001,2026-03-01,1,3,123,41.0
H0486_P002_202506,H0486,P002,2025-06-01,1,5,200,40.0
H0486_P002_202507,H0486,P002,2025-07-01,1,2,114,57.0
H0486_P002_202508,H0486,P002,2025-08-01,1,3,90,30.0
H0486_P002_202509,H0486,P002,2025-09-01,1,2,98,49.0
H0486_P002_202510,H0486,P002,2025-10-01,1,4,192,48.0
H0486_P002_202511,H0486,P002,2025-11-01,1,2,82,41.0
H0486_P002_202512,H0486,P002,2025-12-01,1,5,275,55.0
H0486_P002_202601,H0486,P002,2026-01-01,1,3,60,20.0
H0486_P002_202602,H0486,P002,2026-02-01,1,4,236,59.0
H0486_P002_202603,H0486,P002,2026-03-01,1,8,192,24.0
H0486_P003_202506,H0486,P003,2025-06-01,1,3,78,26.0
H0486_P003_202507,H0486,P003,2025-07-01,1,5,215,43.0
H0486_P003_202509,H0486,P003,2025-09-01,1,4,220,55.0
H0486_P003_202510,H0486,P003,2025-10-01,1,5,140,28.0
H0486_P003_202511,H0486,P003,2025-11-01,1,3,180,60.0
H0486_P003_202512,H0486,P003,2025-12-01,1,1,27,27.0
H0486_P003_202601,H0486,P003,2026-01-01,1,2,72,36.0
H0486_P003_202602,H0486,P003,2026-02-01,1,5,185,37.0
H0486_P003_202603,H0486,P003,2026-03-01,1,2,86,43.0
H0486_P004_202506,H0486,P004,2025-06-01,1,3,63,21.0
H0486_P004_202509,H0486,P004,2025-09-01,1,2,78,39.0
H0486_P004_202510,H0486,P004,2025-10-01,1,3,159,53.0
H0486_P004_202511,H0486,P004,2025-11-01,1,2,70,35.0
H0486_P004_202512,H0486,P004,2025-12-01,1,1,42,42.0
H0486_P004_202601,H0486,P004,2026-01-01,1,2,102,51.0
H0486_P004_202602,H0486,P004,2026-02-01,1,1,34,34.0
H0486_P005_202506,H0486,P005,2025-06-01,1,5,200,40.0
H0486_P005_202507,H0486,P005,2025-07-01,1,3,144,48.0
H0486_P005_202508,H0486,P005,2025-08-01,1,4,108,27.0
H0486_P005_202509,H0486,P005,2025-09-01,1,3,132,44.0
H0486_P005_202510,H0486,P005,2025-10-01,1,2,58,29.0
H0486_P005_202511,H0486,P005,2025-11-01,1,2,110,55.0
H0486_P005_202512,H0486,P005,2025-12-01,1,1,37,37.0
H0486_P005_202601,H0486,P005,2026-01-01,1,3,132,44.0
H0486_P005_202602,H0486,P005,2026-02-01,1,2,108,54.0
H0486_P005_202603,H0486,P005,2026-03-01,1,1,58,58.0
H0487_P001_202506,H0487,P001,2025-06-01,1,3,129,43.0
H0487_P001_202507,H0487,P001,2025-07-01,1,1,53,53.0
H0487_P001_202509,H0487,P001,2025-09-01,1,1,28,28.0
H0487_P001_202510,H0487,P001,2025-10-01,1,1,31,31.0
H0487_P001_202512,H0487,P001,2025-12-01,1,2,112,56.0
H0487_P001_202602,H0487,P001,2026-02-01,1,2,60,30.0
H0487_P001_202603,H0487,P001,2026-03-01,1,2,86,43.0
H0487_P002_202507,H0487,P002,2025-07-01,1,1,41,41.0
H0487_P002_202508,H0487,P002,2025-08-01,1,2,86,43.0
H0487_P002_202509,H0487,P002,2025-09-01,1,1,28,28.0
H0487_P002_202510,H0487,P002,2025-10-01,1,1,50,50.0
H0487_P002_202511,H0487,P002,2025-11-01,1,1,47,47.0
H0487_P002_202601,H0487,P002,2026-01-01,1,2,98,49.0
H0487_P003_202506,H0487,P003,2025-06-01,1,3,168,56.0
H0487_P003_202507,H0487,P003,2025-07-01,1,1,32,32.0
H0487_P003_202508,H0487,P003,2025-08-01,1,3,171,57.0
H0487_P003_202509,H0487,P003,2025-09-01,1,1,25,25.0
H0487_P003_202510,H0487,P003,2025-10-01,1,2,82,41.0
H0487_P003_202511,H0487,P003,2025-11-01,1,5,110,22.0
H0487_P003_202512,H0487,P003,2025-12-01,1,4,156,39.0
H0487_P003_202601,H0487,P003,2026-01-01,1,3,165,55.0
H0487_P003_202602,H0487,P003,2026-02-01,1,1,59,59.0
H0487_P003_202603,H0487,P003,2026-03-01,1,3,165,55.0
H0487_P004_202506,H0487,P004,2025-06-01,1,4,236,59.0
H0487_P004_202507,H0487,P004,2025-07-01,1,4,144,36.0
H0487_P004_202508,H0487,P004,2025-08-01,1,2,112,56.0
H0487_P004_202509,H0487,P004,2025-09-01,1,4,224,56.0
H0487_P004_202510,H0487,P004,2025-10-01,1,6,264,44.0
H0487_P004_202511,H0487,P004,2025-11-01,1,4,168,42.0
H0487_P004_202512,H0487,P004,2025-12-01,1,3,153,51.0
H0487_P004_202601,H0487,P004,2026-01-01,1,2,82,41.0
H0487_P004_202602,H0487,P004,2026-02-01,1,2,94,47.0
H0487_P004_202603,H0487,P004,2026-03-01,1,2,82,41.0
H0487_P005_202506,H0487,P005,2025-06-01,1,3,108,36.0
H0487_P005_202507,H0487,P005,2025-07-01,1,1,60,60.0
H0487_P005_202508,H0487,P005,2025-08-01,1,2,56,28.0
H0487_P005_202509,H0487,P005,2025-09-01,1,1,59,59.0
H0487_P005_202510,H0487,P005,2025-10-01,1,2,60,30.0
H0487_P005_202511,H0487,P005,2025-11-01,1,4,124,31.0
H0487_P005_202512,H0487,P005,2025-12-01,1,1,22,22.0
H0487_P005_202601,H0487,P005,2026-01-01,1,2,48,24.0
H0487_P005_202603,H0487,P005,2026-03-01,1,2,62,31.0
H0488_P001_202506,H0488,P001,2025-06-01,1,2,70,35.0
H0488_P001_202508,H0488,P001,2025-08-01,1,1,47,47.0
H0488_P001_202510,H0488,P001,2025-10-01,1,2,92,46.0
H0488_P001_202512,H0488,P001,2025-12-01,1,2,88,44.0
H0488_P001_202601,H0488,P001,2026-01-01,1,2,44,22.0
H0488_P001_202603,H0488,P001,2026-03-01,1,2,78,39.0
H0488_P002_202507,H0488,P002,2025-07-01,1,1,57,57.0
H0488_P002_202508,H0488,P002,2025-08-01,1,1,23,23.0
H0488_P002_202510,H0488,P002,2025-10-01,1,1,44,44.0
H0488_P002_202511,H0488,P002,2025-11-01,1,3,156,52.0
H0488_P002_202512,H0488,P002,2025-12-01,1,2,46,23.0
H0488_P002_202601,H0488,P002,2026-01-01,1,4,148,37.0
H0488_P002_202602,H0488,P002,2026-02-01,1,1,52,52.0
H0488_P002_202603,H0488,P002,2026-03-01,1,2,46,23.0
H0488_P003_202507,H0488,P003,2025-07-01,1,2,40,20.0
H0488_P003_202508,H0488,P003,2025-08-01,1,1,46,46.0
H0488_P003_202512,H0488,P003,2025-12-01,1,2,94,47.0
H0488_P003_202601,H0488,P003,2026-01-01,1,1,34,34.0
H0488_P003_202602,H0488,P003,2026-02-01,1,1,35,35.0
H0488_P003_202603,H0488,P003,2026-03-01,1,1,23,23.0
H0488_P004_202506,H0488,P004,2025-06-01,1,1,58,58.0
H0488_P004_202507,H0488,P004,2025-07-01,1,5,175,35.0
H0488_P004_202508,H0488,P004,2025-08-01,1,4,128,32.0
H0488_P004_202509,H0488,P004,2025-09-01,1,1,35,35.0
H0488_P004_202510,H0488,P004,2025-10-01,1,1,54,54.0
H0488_P004_202511,H0488,P004,2025-11-01,1,1,26,26.0
H0488_P004_202512,H0488,P004,2025-12-01,1,3,162,54.0
H0488_P004_202601,H0488,P004,2026-01-01,1,2,44,22.0
H0488_P004_202602,H0488,P004,2026-02-01,1,5,200,40.0
H0488_P004_202603,H0488,P004,2026-03-01,1,3,162,54.0
H0488_P005_202507,H0488,P005,2025-07-01,1,1,54,54.0
H0488_P005_202509,H0488,P005,2025-09-01,1,1,25,25.0
H0488_P005_202511,H0488,P005,2025-11-01,1,2,70,35.0
H0488_P005_202601,H0488,P005,2026-01-01,1,1,27,27.0
H0488_P005_202602,H0488,P005,2026-02-01,1,1,43,43.0
H0490_P001_202506,H0490,P001,2025-06-01,1,2,46,23.0
H0490_P001_202507,H0490,P001,2025-07-01,1,1,25,25.0
H0490_P001_202508,H0490,P001,2025-08-01,1,3,138,46.0
H0490_P001_202509,H0490,P001,2025-09-01,1,1,44,44.0
H0490_P001_202510,H0490,P001,2025-10-01,1,1,40,40.0
H0490_P001_202511,H0490,P001,2025-11-01,1,1,45,45.0
H0490_P001_202512,H0490,P001,2025-12-01,1,1,36,36.0
H0490_P001_202601,H0490,P001,2026-01-01,1,1,32,32.0
H0490_P001_202602,H0490,P001,2026-02-01,1,6,198,33.0
H0490_P001_202603,H0490,P001,2026-03-01,1,1,51,51.0
H0490_P002_202506,H0490,P002,2025-06-01,1,1,48,48.0
H0490_P002_202601,H0490,P002,2026-01-01,1,1,37,37.0
H0490_P002_202602,H0490,P002,2026-02-01,1,1,50,50.0
H0490_P002_202603,H0490,P002,2026-03-01,1,2,68,34.0
H0490_P003_202506,H0490,P003,2025-06-01,1,2,72,36.0
H0490_P003_202507,H0490,P003,2025-07-01,1,3,162,54.0
H0490_P003_202508,H0490,P003,2025-08-01,1,1,22,22.0
H0490_P003_202509,H0490,P003,2025-09-01,1,1,38,38.0
H0490_P003_202510,H0490,P003,2025-10-01,1,1,59,59.0
H0490_P003_202512,H0490,P003,2025-12-01,1,1,55,55.0
H0490_P003_202601,H0490,P003,2026-01-01,1,2,98,49.0
H0490_P003_202602,H0490,P003,2026-02-01,1,1,49,49.0
H0490_P003_202603,H0490,P003,2026-03-01,1,2,62,31.0
H0490_P004_202506,H0490,P004,2025-06-01,1,1,43,43.0
H0490_P004_202507,H0490,P004,2025-07-01,1,3,87,29.0
H0490_P004_202508,H0490,P004,2025-08-01,1,1,43,43.0
H0490_P004_202509,H0490,P004,2025-09-01,1,1,38,38.0
H0490_P004_202510,H0490,P004,2025-10-01,1,1,55,55.0
H0490_P004_202511,H0490,P004,2025-11-01,1,2,98,49.0
H0490_P004_202512,H0490,P004,2025-12-01,1,3,159,53.0
H0490_P004_202601,H0490,P004,2026-01-01,1,2,42,21.0
H0490_P004_202602,H0490,P004,2026-02-01,1,2,58,29.0
H0490_P004_202603,H0490,P004,2026-03-01,1,1,26,26.0
H0490_P005_202508,H0490,P005,2025-08-01,1,3,180,60.0
H0490_P005_202602,H0490,P005,2026-02-01,1,1,47,47.0
H0491_P001_202506,H0491,P001,2025-06-01,1,2,98,49.0
H0491_P001_202507,H0491,P001,2025-07-01,1,3,159,53.0
H0491_P001_202508,H0491,P001,2025-08-01,1,4,92,23.0
H0491_P001_202509,H0491,P001,2025-09-01,1,2,116,58.0
H0491_P001_202512,H0491,P001,2025-12-01,1,3,117,39.0
H0491_P001_202602,H0491,P001,2026-02-01,1,2,76,38.0
H0491_P002_202506,H0491,P002,2025-06-01,1,2,58,29.0
H0491_P002_202507,H0491,P002,2025-07-01,1,1,32,32.0
H0491_P002_202508,H0491,P002,2025-08-01,1,5,165,33.0
H0491_P002_202509,H0491,P002,2025-09-01,1,5,115,23.0
H0491_P002_202510,H0491,P002,2025-10-01,1,6,342,57.0
H0491_P002_202511,H0491,P002,2025-11-01,1,7,147,21.0
H0491_P002_202512,H0491,P002,2025-12-01,1,3,159,53.0
H0491_P002_202601,H0491,P002,2026-01-01,1,6,246,41.0
H0491_P002_202602,H0491,P002,2026-02-01,1,7,350,50.0
H0491_P002_202603,H0491,P002,2026-03-01,1,3,132,44.0
H0491_P003_202507,H0491,P003,2025-07-01,1,1,45,45.0
H0491_P003_202508,H0491,P003,2025-08-01,1,2,108,54.0
H0491_P003_202510,H0491,P003,2025-10-01,1,2,104,52.0
H0491_P003_202512,H0491,P003,2025-12-01,1,2,74,37.0
H0491_P003_202601,H0491,P003,2026-01-01,1,2,52,26.0
H0491_P003_202603,H0491,P003,2026-03-01,1,2,116,58.0
H0491_P004_202506,H0491,P004,2025-06-01,1,1,50,50.0
H0491_P004_202507,H0491,P004,2025-07-01,1,3,138,46.0
H0491_P004_202508,H0491,P004,2025-08-01,1,2,102,51.0
H0491_P004_202509,H0491,P004,2025-09-01,1,3,84,28.0
H0491_P004_202510,H0491,P004,2025-10-01,1,3,87,29.0
H0491_P004_202511,H0491,P004,2025-11-01,1,3,177,59.0
H0491_P004_202512,H0491,P004,2025-12-01,1,3,153,51.0
H0491_P004_202601,H0491,P004,2026-01-01,1,2,96,48.0
H0491_P004_202602,H0491,P004,2026-02-01,1,3,105,35.0
H0491_P004_202603,H0491,P004,2026-03-01,1,1,31,31.0
H0491_P005_202506,H0491,P005,2025-06-01,1,2,80,40.0
H0491_P005_202507,H0491,P005,2025-07-01,1,2,98,49.0
H0491_P005_202509,H0491,P005,2025-09-01,1,3,66,22.0
H0491_P005_202510,H0491,P005,2025-10-01,1,1,52,52.0
H0491_P005_202511,H0491,P005,2025-11-01,1,1,42,42.0
H0491_P005_202512,H0491,P005,2025-12-01,1,1,22,22.0
H0491_P005_202601,H0491,P005,2026-01-01,1,2,64,32.0
H0491_P005_202602,H0491,P005,2026-02-01,1,1,51,51.0
H0491_P005_202603,H0491,P005,2026-03-01,1,1,24,24.0
H0492_P001_202506,H0492,P001,2025-06-01,1,6,216,36.0
H0492_P001_202507,H0492,P001,2025-07-01,1,1,36,36.0
H0492_P001_202508,H0492,P001,2025-08-01,1,6,348,58.0
H0492_P001_202509,H0492,P001,2025-09-01,1,2,56,28.0
H0492_P001_202510,H0492,P001,2025-10-01,1,7,252,36.0
H0492_P001_202511,H0492,P001,2025-11-01,1,2,78,39.0
H0492_P001_202512,H0492,P001,2025-12-01,1,6,192,32.0
H0492_P001_202601,H0492,P001,2026-01-01,1,3,162,54.0
H0492_P001_202602,H0492,P001,2026-02-01,1,3,87,29.0
H0492_P001_202603,H0492,P001,2026-03-01,1,3,117,39.0
H0492_P002_202506,H0492,P002,2025-06-01,1,9,459,51.0
H0492_P002_202507,H0492,P002,2025-07-01,1,3,60,20.0
H0492_P002_202508,H0492,P002,2025-08-01,1,6,222,37.0
H0492_P002_202509,H0492,P002,2025-09-01,1,6,186,31.0
H0492_P002_202510,H0492,P002,2025-10-01,1,8,352,44.0
H0492_P002_202511,H0492,P002,2025-11-01,1,4,220,55.0
H0492_P002_202512,H0492,P002,2025-12-01,1,9,504,56.0
H0492_P002_202601,H0492,P002,2026-01-01,1,1,35,35.0
H0492_P002_202602,H0492,P002,2026-02-01,1,3,102,34.0
H0492_P002_202603,H0492,P002,2026-03-01,1,8,384,48.0
H0492_P003_202506,H0492,P003,2025-06-01,1,5,130,26.0
H0492_P003_202507,H0492,P003,2025-07-01,1,3,96,32.0
H0492_P003_202508,H0492,P003,2025-08-01,1,5,180,36.0
H0492_P003_202509,H0492,P003,2025-09-01,1,3,123,41.0
H0492_P003_202510,H0492,P003,2025-10-01,1,3,66,22.0
H0492_P003_202511,H0492,P003,2025-11-01,1,6,162,27.0
H0492_P003_202512,H0492,P003,2025-12-01,1,5,145,29.0
H0492_P003_202601,H0492,P003,2026-01-01,1,6,306,51.0
H0492_P003_202602,H0492,P003,2026-02-01,1,3,84,28.0
H0492_P003_202603,H0492,P003,2026-03-01,1,4,80,20.0
H0492_P004_202506,H0492,P004,2025-06-01,1,6,156,26.0
H0492_P004_202507,H0492,P004,2025-07-01,1,4,188,47.0
H0492_P004_202508,H0492,P004,2025-08-01,1,7,252,36.0
H0492_P004_202509,H0492,P004,2025-09-01,1,8,416,52.0
H0492_P004_202510,H0492,P004,2025-10-01,1,5,175,35.0
H0492_P004_202511,H0492,P004,2025-11-01,1,6,360,60.0
H0492_P004_202512,H0492,P004,2025-12-01,1,13,273,21.0
H0492_P004_202601,H0492,P004,2026-01-01,1,3,75,25.0
H0492_P004_202602,H0492,P004,2026-02-01,1,1,21,21.0
H0492_P004_202603,H0492,P004,2026-03-01,1,6,354,59.0
H0492_P005_202506,H0492,P005,2025-06-01,1,3,78,26.0
H0492_P005_202507,H0492,P005,2025-07-01,1,1,49,49.0
H0492_P005_202508,H0492,P005,2025-08-01,1,3,168,56.0
H0492_P005_202509,H0492,P005,2025-09-01,1,1,29,29.0
H0492_P005_202510,H0492,P005,2025-10-01,1,1,43,43.0
H0492_P005_202511,H0492,P005,2025-11-01,1,1,25,25.0
H0492_P005_202512,H0492,P005,2025-12-01,1,1,34,34.0
H0492_P005_202601,H0492,P005,2026-01-01,1,2,44,22.0
H0492_P005_202602,H0492,P005,2026-02-01,1,1,45,45.0
H0492_P005_202603,H0492,P005,2026-03-01,1,1,59,59.0
H0493_P001_202507,H0493,P001,2025-07-01,1,2,84,42.0
H0493_P001_202508,H0493,P001,2025-08-01,1,1,23,23.0
H0493_P001_202509,H0493,P001,2025-09-01,1,6,354,59.0
H0493_P001_202510,H0493,P001,2025-10-01,1,2,74,37.0
H0493_P001_202511,H0493,P001,2025-11-01,1,1,54,54.0
H0493_P001_202601,H0493,P001,2026-01-01,1,1,46,46.0
H0493_P001_202602,H0493,P001,2026-02-01,1,2,90,45.0
H0493_P001_202603,H0493,P001,2026-03-01,1,2,116,58.0
H0493_P002_202506,H0493,P002,2025-06-01,1,1,30,30.0
H0493_P002_202507,H0493,P002,2025-07-01,1,4,104,26.0
H0493_P002_202508,H0493,P002,2025-08-01,1,4,132,33.0
H0493_P002_202509,H0493,P002,2025-09-01,1,2,50,25.0
H0493_P002_202510,H0493,P002,2025-10-01,1,4,116,29.0
H0493_P002_202511,H0493,P002,2025-11-01,1,2,102,51.0
H0493_P002_202512,H0493,P002,2025-12-01,1,1,24,24.0
H0493_P002_202601,H0493,P002,2026-01-01,1,1,26,26.0
H0493_P002_202602,H0493,P002,2026-02-01,1,2,106,53.0
H0493_P002_202603,H0493,P002,2026-03-01,1,1,34,34.0
H0493_P003_202506,H0493,P003,2025-06-01,1,7,203,29.0
H0493_P003_202507,H0493,P003,2025-07-01,1,2,52,26.0
H0493_P003_202508,H0493,P003,2025-08-01,1,9,540,60.0
H0493_P003_202509,H0493,P003,2025-09-01,1,3,129,43.0
H0493_P003_202510,H0493,P003,2025-10-01,1,3,165,55.0
H0493_P003_202511,H0493,P003,2025-11-01,1,5,245,49.0
H0493_P003_202512,H0493,P003,2025-12-01,1,2,62,31.0
H0493_P003_202601,H0493,P003,2026-01-01,1,5,185,37.0
H0493_P003_202602,H0493,P003,2026-02-01,1,3,129,43.0
H0493_P003_202603,H0493,P003,2026-03-01,1,4,200,50.0
H0493_P004_202506,H0493,P004,2025-06-01,1,2,64,32.0
H0493_P004_202507,H0493,P004,2025-07-01,1,4,164,41.0
H0493_P004_202508,H0493,P004,2025-08-01,1,4,100,25.0
H0493_P004_202509,H0493,P004,2025-09-01,1,4,200,50.0
H0493_P004_202510,H0493,P004,2025-10-01,1,4,156,39.0
H0493_P004_202511,H0493,P004,2025-11-01,1,3,117,39.0
H0493_P004_202512,H0493,P004,2025-12-01,1,4,144,36.0
H0493_P004_202601,H0493,P004,2026-01-01,1,6,132,22.0
H0493_P004_202602,H0493,P004,2026-02-01,1,5,300,60.0
H0493_P004_202603,H0493,P004,2026-03-01,1,1,26,26.0
H0493_P005_202506,H0493,P005,2025-06-01,1,1,56,56.0
H0493_P005_202508,H0493,P005,2025-08-01,1,1,21,21.0
H0493_P005_202509,H0493,P005,2025-09-01,1,1,56,56.0
H0493_P005_202511,H0493,P005,2025-11-01,1,1,30,30.0
H0493_P005_202512,H0493,P005,2025-12-01,1,1,35,35.0
H0493_P005_202601,H0493,P005,2026-01-01,1,2,118,59.0
H0493_P005_202602,H0493,P005,2026-02-01,1,1,24,24.0
H0493_P005_202603,H0493,P005,2026-03-01,1,2,56,28.0
H0494_P005_202512,H0494,P005,2025-12-01,1,1,22,22.0
H0495_P001_202506,H0495,P001,2025-06-01,1,3,117,39.0
H0495_P001_202507,H0495,P001,2025-07-01,1,6,252,42.0
H0495_P001_202508,H0495,P001,2025-08-01,1,3,165,55.0
H0495_P001_202509,H0495,P001,2025-09-01,1,1,41,41.0
H0495_P001_202510,H0495,P001,2025-10-01,1,3,138,46.0
H0495_P001_202511,H0495,P001,2025-11-01,1,3,168,56.0
H0495_P001_202512,H0495,P001,2025-12-01,1,4,120,30.0
H0495_P001_202601,H0495,P001,2026-01-01,1,4,92,23.0
H0495_P001_202602,H0495,P001,2026-02-01,1,1,35,35.0
H0495_P001_202603,H0495,P001,2026-03-01,1,2,40,20.0
H0495_P002_202506,H0495,P002,2025-06-01,1,3,114,38.0
H0495_P002_202507,H0495,P002,2025-07-01,1,3,171,57.0
H0495_P002_202508,H0495,P002,2025-08-01,1,4,84,21.0
H0495_P002_202509,H0495,P002,2025-09-01,1,2,74,37.0
H0495_P002_202510,H0495,P002,2025-10-01,1,5,275,55.0
H0495_P002_202511,H0495,P002,2025-11-01,1,5,255,51.0
H0495_P002_202512,H0495,P002,2025-12-01,1,1,29,29.0
H0495_P002_202601,H0495,P002,2026-01-01,1,1,40,40.0
H0495_P002_202602,H0495,P002,2026-02-01,1,1,53,53.0
H0495_P002_202603,H0495,P002,2026-03-01,1,1,51,51.0
H0495_P003_202506,H0495,P003,2025-06-01,1,7,357,51.0
H0495_P003_202507,H0495,P003,2025-07-01,1,2,80,40.0
H0495_P003_202508,H0495,P003,2025-08-01,1,3,93,31.0
H0495_P003_202509,H0495,P003,2025-09-01,1,3,102,34.0
H0495_P003_202510,H0495,P003,2025-10-01,1,3,84,28.0
H0495_P003_202511,H0495,P003,2025-11-01,1,2,120,60.0
H0495_P003_202512,H0495,P003,2025-12-01,1,4,164,41.0
H0495_P003_202601,H0495,P003,2026-01-01,1,1,42,42.0
H0495_P003_202602,H0495,P003,2026-02-01,1,2,72,36.0
H0495_P003_202603,H0495,P003,2026-03-01,1,3,147,49.0
H0495_P004_202506,H0495,P004,2025-06-01,1,2,114,57.0
H0495_P004_202507,H0495,P004,2025-07-01,1,5,100,20.0
H0495_P004_202508,H0495,P004,2025-08-01,1,3,177,59.0
H0495_P004_202509,H0495,P004,2025-09-01,1,5,245,49.0
H0495_P004_202510,H0495,P004,2025-10-01,1,2,114,57.0
H0495_P004_202511,H0495,P004,2025-11-01,1,1,37,37.0
H0495_P004_202512,H0495,P004,2025-12-01,1,4,88,22.0
H0495_P004_202601,H0495,P004,2026-01-01,1,3,126,42.0
H0495_P004_202602,H0495,P004,2026-02-01,1,3,168,56.0
H0495_P004_202603,H0495,P004,2026-03-01,1,1,24,24.0
H0495_P005_202506,H0495,P005,2025-06-01,1,2,82,41.0
H0495_P005_202507,H0495,P005,2025-07-01,1,3,81,27.0
H0495_P005_202509,H0495,P005,2025-09-01,1,3,171,57.0
H0495_P005_202510,H0495,P005,2025-10-01,1,2,114,57.0
H0495_P005_202511,H0495,P005,2025-11-01,1,3,171,57.0
H0495_P005_202601,H0495,P005,2026-01-01,1,1,24,24.0
H0495_P005_202602,H0495,P005,2026-02-01,1,1,35,35.0
H0496_P001_202506,H0496,P001,2025-06-01,1,2,102,51.0
H0496_P001_202507,H0496,P001,2025-07-01,1,7,252,36.0
H0496_P001_202508,H0496,P001,2025-08-01,1,2,98,49.0
H0496_P001_202509,H0496,P001,2025-09-01,1,9,234,26.0
H0496_P001_202510,H0496,P001,2025-10-01,1,3,141,47.0
H0496_P001_202511,H0496,P001,2025-11-01,1,3,129,43.0
H0496_P001_202512,H0496,P001,2025-12-01,1,3,102,34.0
H0496_P001_202601,H0496,P001,2026-01-01,1,5,270,54.0
H0496_P001_202602,H0496,P001,2026-02-01,1,8,160,20.0
H0496_P001_202603,H0496,P001,2026-03-01,1,3,156,52.0
H0496_P002_202506,H0496,P002,2025-06-01,1,2,48,24.0
H0496_P002_202507,H0496,P002,2025-07-01,1,7,399,57.0
H0496_P002_202508,H0496,P002,2025-08-01,1,2,82,41.0
H0496_P002_202509,H0496,P002,2025-09-01,1,4,172,43.0
H0496_P002_202510,H0496,P002,2025-10-01,1,4,192,48.0
H0496_P002_202511,H0496,P002,2025-11-01,1,4,132,33.0
H0496_P002_202512,H0496,P002,2025-12-01,1,2,92,46.0
H0496_P002_202601,H0496,P002,2026-01-01,1,1,56,56.0
H0496_P002_202602,H0496,P002,2026-02-01,1,6,306,51.0
H0496_P002_202603,H0496,P002,2026-03-01,1,5,120,24.0
H0496_P003_202506,H0496,P003,2025-06-01,1,6,264,44.0
H0496_P003_202507,H0496,P003,2025-07-01,1,2,40,20.0
H0496_P003_202508,H0496,P003,2025-08-01,1,10,510,51.0
H0496_P003_202509,H0496,P003,2025-09-01,1,5,130,26.0
H0496_P003_202510,H0496,P003,2025-10-01,1,7,231,33.0
H0496_P003_202511,H0496,P003,2025-11-01,1,4,212,53.0
H0496_P003_202512,H0496,P003,2025-12-01,1,4,164,41.0
H0496_P003_202601,H0496,P003,2026-01-01,1,5,140,28.0
H0496_P003_202602,H0496,P003,2026-02-01,1,2,42,21.0
H0496_P003_202603,H0496,P003,2026-03-01,1,2,76,38.0
H0496_P004_202506,H0496,P004,2025-06-01,1,1,30,30.0
H0496_P004_202507,H0496,P004,2025-07-01,1,2,60,30.0
H0496_P004_202508,H0496,P004,2025-08-01,1,1,56,56.0
H0496_P004_202510,H0496,P004,2025-10-01,1,1,50,50.0
H0496_P004_202512,H0496,P004,2025-12-01,1,2,84,42.0
H0496_P004_202601,H0496,P004,2026-01-01,1,2,98,49.0
H0496_P004_202603,H0496,P004,2026-03-01,1,1,59,59.0
H0496_P005_202506,H0496,P005,2025-06-01,1,6,234,39.0
H0496_P005_202507,H0496,P005,2025-07-01,1,1,40,40.0
H0496_P005_202508,H0496,P005,2025-08-01,1,2,86,43.0
H0496_P005_202509,H0496,P005,2025-09-01,1,4,220,55.0
H0496_P005_202510,H0496,P005,2025-10-01,1,4,140,35.0
H0496_P005_202511,H0496,P005,2025-11-01,1,9,522,58.0
H0496_P005_202512,H0496,P005,2025-12-01,1,7,399,57.0
H0496_P005_202601,H0496,P005,2026-01-01,1,3,162,54.0
H0496_P005_202602,H0496,P005,2026-02-01,1,7,287,41.0
H0496_P005_202603,H0496,P005,2026-03-01,1,8,376,47.0
H0497_P002_202506,H0497,P002,2025-06-01,1,2,68,34.0
H0497_P002_202508,H0497,P002,2025-08-01,1,2,114,57.0
H0497_P002_202509,H0497,P002,2025-09-01,1,2,58,29.0
H0497_P002_202510,H0497,P002,2025-10-01,1,1,44,44.0
H0497_P002_202511,H0497,P002,2025-11-01,1,1,36,36.0
H0497_P002_202512,H0497,P002,2025-12-01,1,1,30,30.0
H0497_P002_202601,H0497,P002,2026-01-01,1,1,45,45.0
H0497_P002_202602,H0497,P002,2026-02-01,1,1,54,54.0
H0497_P003_202506,H0497,P003,2025-06-01,1,1,20,20.0
H0497_P003_202510,H0497,P003,2025-10-01,1,1,36,36.0
H0497_P003_202511,H0497,P003,2025-11-01,1,1,28,28.0
H0497_P003_202602,H0497,P003,2026-02-01,1,1,34,34.0
H0497_P003_202603,H0497,P003,2026-03-01,1,1,59,59.0
H0497_P004_202506,H0497,P004,2025-06-01,1,2,114,57.0
H0497_P004_202507,H0497,P004,2025-07-01,1,1,27,27.0
H0497_P004_202508,H0497,P004,2025-08-01,1,1,37,37.0
H0497_P004_202509,H0497,P004,2025-09-01,1,2,70,35.0
H0497_P004_202512,H0497,P004,2025-12-01,1,2,76,38.0
H0497_P005_202601,H0497,P005,2026-01-01,1,1,56,56.0
H0497_P005_202602,H0497,P005,2026-02-01,1,2,82,41.0
H0498_P001_202506,H0498,P001,2025-06-01,1,3,138,46.0
H0498_P001_202507,H0498,P001,2025-07-01,1,3,123,41.0
H0498_P001_202509,H0498,P001,2025-09-01,1,1,53,53.0
H0498_P001_202510,H0498,P001,2025-10-01,1,1,39,39.0
H0498_P001_202511,H0498,P001,2025-11-01,1,4,136,34.0
H0498_P001_202512,H0498,P001,2025-12-01,1,1,52,52.0
H0498_P001_202601,H0498,P001,2026-01-01,1,2,110,55.0
H0498_P001_202603,H0498,P001,2026-03-01,1,1,38,38.0
H0498_P002_202506,H0498,P002,2025-06-01,1,1,40,40.0
H0498_P002_202509,H0498,P002,2025-09-01,1,2,78,39.0
H0498_P002_202510,H0498,P002,2025-10-01,1,1,22,22.0
H0498_P002_202511,H0498,P002,2025-11-01,1,1,55,55.0
H0498_P002_202512,H0498,P002,2025-12-01,1,1,49,49.0
H0498_P002_202601,H0498,P002,2026-01-01,1,3,141,47.0
H0498_P002_202603,H0498,P002,2026-03-01,1,1,51,51.0
H0498_P003_202506,H0498,P003,2025-06-01,1,2,112,56.0
H0498_P003_202507,H0498,P003,2025-07-01,1,8,472,59.0
H0498_P003_202508,H0498,P003,2025-08-01,1,5,285,57.0
H0498_P003_202509,H0498,P003,2025-09-01,1,6,126,21.0
H0498_P003_202511,H0498,P003,2025-11-01,1,10,300,30.0
H0498_P003_202512,H0498,P003,2025-12-01,1,3,147,49.0
H0498_P003_202601,H0498,P003,2026-01-01,1,7,161,23.0
H0498_P003_202602,H0498,P003,2026-02-01,1,3,84,28.0
H0498_P003_202603,H0498,P003,2026-03-01,1,6,228,38.0
H0498_P004_202507,H0498,P004,2025-07-01,1,1,45,45.0
H0498_P004_202508,H0498,P004,2025-08-01,1,1,29,29.0
H0498_P004_202510,H0498,P004,2025-10-01,1,1,29,29.0
H0498_P004_202511,H0498,P004,2025-11-01,1,1,41,41.0
H0498_P004_202601,H0498,P004,2026-01-01,1,1,57,57.0
H0498_P004_202603,H0498,P004,2026-03-01,1,4,116,29.0
H0498_P005_202506,H0498,P005,2025-06-01,1,4,140,35.0
H0498_P005_202507,H0498,P005,2025-07-01,1,4,156,39.0
H0498_P005_202508,H0498,P005,2025-08-01,1,1,59,59.0
H0498_P005_202510,H0498,P005,2025-10-01,1,1,51,51.0
H0498_P005_202511,H0498,P005,2025-11-01,1,1,25,25.0
H0498_P005_202601,H0498,P005,2026-01-01,1,1,40,40.0
H0498_P005_202603,H0498,P005,2026-03-01,1,2,82,41.0
H0499_P001_202507,H0499,P001,2025-07-01,1,1,37,37.0
H0499_P001_202508,H0499,P001,2025-08-01,1,2,80,40.0
H0499_P001_202510,H0499,P001,2025-10-01,1,2,50,25.0
H0499_P001_202511,H0499,P001,2025-11-01,1,1,52,52.0
H0499_P001_202512,H0499,P001,2025-12-01,1,2,40,20.0
H0499_P001_202601,H0499,P001,2026-01-01,1,2,102,51.0
H0499_P001_202602,H0499,P001,2026-02-01,1,3,138,46.0
H0499_P001_202603,H0499,P001,2026-03-01,1,2,50,25.0
H0499_P002_202507,H0499,P002,2025-07-01,1,1,58,58.0
H0499_P002_202508,H0499,P002,2025-08-01,1,3,138,46.0
H0499_P002_202509,H0499,P002,2025-09-01,1,1,52,52.0
H0499_P002_202510,H0499,P002,2025-10-01,1,4,88,22.0
H0499_P002_202511,H0499,P002,2025-11-01,1,1,23,23.0
H0499_P002_202512,H0499,P002,2025-12-01,1,2,42,21.0
H0499_P002_202601,H0499,P002,2026-01-01,1,1,28,28.0
H0499_P002_202602,H0499,P002,2026-02-01,1,3,123,41.0
H0499_P002_202603,H0499,P002,2026-03-01,1,1,29,29.0
H0499_P003_202506,H0499,P003,2025-06-01,1,2,58,29.0
H0499_P003_202507,H0499,P003,2025-07-01,1,3,141,47.0
H0499_P003_202508,H0499,P003,2025-08-01,1,1,46,46.0
H0499_P003_202509,H0499,P003,2025-09-01,1,3,108,36.0
H0499_P003_202510,H0499,P003,2025-10-01,1,3,171,57.0
H0499_P003_202511,H0499,P003,2025-11-01,1,1,51,51.0
H0499_P003_202512,H0499,P003,2025-12-01,1,2,118,59.0
H0499_P003_202601,H0499,P003,2026-01-01,1,3,156,52.0
H0499_P003_202602,H0499,P003,2026-02-01,1,2,92,46.0
H0499_P003_202603,H0499,P003,2026-03-01,1,2,78,39.0
H0499_P004_202506,H0499,P004,2025-06-01,1,5,235,47.0
H0499_P004_202509,H0499,P004,2025-09-01,1,2,80,40.0
H0499_P004_202510,H0499,P004,2025-10-01,1,1,59,59.0
H0499_P004_202512,H0499,P004,2025-12-01,1,1,46,46.0
H0499_P004_202601,H0499,P004,2026-01-01,1,2,76,38.0
H0499_P004_202602,H0499,P004,2026-02-01,1,2,82,41.0
H0499_P004_202603,H0499,P004,2026-03-01,1,3,138,46.0
H0499_P005_202506,H0499,P005,2025-06-01,1,3,72,24.0
H0499_P005_202507,H0499,P005,2025-07-01,1,2,80,40.0
H0499_P005_202508,H0499,P005,2025-08-01,1,1,42,42.0
H0499_P005_202509,H0499,P005,2025-09-01,1,3,162,54.0
H0499_P005_202510,H0499,P005,2025-10-01,1,2,52,26.0
H0499_P005_202512,H0499,P005,2025-12-01,1,1,43,43.0
H0499_P005_202601,H0499,P005,2026-01-01,1,3,120,40.0
H0499_P005_202602,H0499,P005,2026-02-01,1,2,92,46.0
H0499_P005_202603,H0499,P005,2026-03-01,1,3,63,21.0
H0500_P001_202510,H0500,P001,2025-10-01,1,1,20,20.0
H0500_P001_202601,H0500,P001,2026-01-01,1,2,94,47.0
H0500_P001_202602,H0500,P001,2026-02-01,1,2,90,45.0
H0500_P002_202506,H0500,P002,2025-06-01,1,2,116,58.0
H0500_P002_202507,H0500,P002,2025-07-01,1,3,126,42.0
H0500_P002_202508,H0500,P002,2025-08-01,1,2,96,48.0
H0500_P002_202509,H0500,P002,2025-09-01,1,2,104,52.0
H0500_P002_202602,H0500,P002,2026-02-01,1,1,30,30.0
H0500_P002_202603,H0500,P002,2026-03-01,1,4,224,56.0
H0500_P003_202506,H0500,P003,2025-06-01,1,2,68,34.0
H0500_P003_202508,H0500,P003,2025-08-01,1,1,36,36.0
H0500_P003_202511,H0500,P003,2025-11-01,1,1,57,57.0
H0500_P003_202512,H0500,P003,2025-12-01,1,1,25,25.0
H0500_P003_202601,H0500,P003,2026-01-01,1,1,46,46.0
H0500_P003_202602,H0500,P003,2026-02-01,1,2,108,54.0
H0500_P003_202603,H0500,P003,2026-03-01,1,1,40,40.0
H0500_P004_202506,H0500,P004,2025-06-01,1,1,52,52.0
H0500_P004_202507,H0500,P004,2025-07-01,1,1,22,22.0
H0500_P004_202508,H0500,P004,2025-08-01,1,3,156,52.0
H0500_P004_202509,H0500,P004,2025-09-01,1,3,93,31.0
H0500_P004_202602,H0500,P004,2026-02-01,1,1,26,26.0
H0500_P005_202506,H0500,P005,2025-06-01,1,3,159,53.0
H0500_P005_202509,H0500,P005,2025-09-01,1,1,52,52.0
H0500_P005_202510,H0500,P005,2025-10-01,1,2,86,43.0
H0500_P005_202511,H0500,P005,2025-11-01,1,1,54,54.0
H0500_P005_202512,H0500,P005,2025-12-01,1,1,54,54.0
H0500_P005_202602,H0500,P005,2026-02-01,1,2,68,34.0
