hcp_id,hcp_name,specialty,segment,territory,region,total_prescriptions,total_units_dispensed,average_monthly_prescriptions,active_months,product_breadth,total_calls,total_samples_received,average_call_duration,called_product_breadth,last_call_date,prescriptions_per_call,days_since_last_call,no_call_flag,recent_3m_units,previous_3m_units,recent_growth_pct,cluster_id,hcp_segment,segment_strategy,prescription_momentum,efficiency_for_scoring,value_score,momentum_score,low_call_score,recency_gap_score,undercoverage_score,efficiency_score,breadth_score,opportunity_score,segment_priority_rank,segment_score_percentile,priority_tier,recommended_action
H0001,Dr. HCP_0001,Endocrinologist,B,North-1,North,91,3711,9.1,10,5,27,99,21.56,5,2026-03-30,3.37,1,0,958,1067,-10.22,0,Established High-Value,Maintain engagement and protect existing value,-0.10765194463670191,3.37,0.717,0.364,0.33599999999999997,0.092,0.21399999999999997,0.426,0.638,46.91,108,0.32515337423312884,Low Priority,Avoid over-servicing and monitor for meaningful changes
H0002,Dr. HCP_0002,Pulmonologist,C,North-1,North,61,2439,6.1,10,5,55,238,20.78,5,2026-03-28,1.11,3,0,864,846,2.13,0,Established High-Value,Maintain engagement and protect existing value,0.021028812279824116,1.11,0.522,0.53,0.06699999999999995,0.212,0.13949999999999996,0.052,0.638,36.91,148,0.07975460122699386,Low Priority,Avoid over-servicing and monitor for meaningful changes
H0003,Dr. HCP_0003,Endocrinologist,C,Central-1,Central,89,3217,8.9,10,5,40,155,20.35,5,2026-03-22,2.23,9,0,874,982,-11.0,0,Established High-Value,Maintain engagement and protect existing value,-0.11638523378955234,2.23,0.654,0.35,0.17700000000000005,0.454,0.3155,0.288,0.638,45.21,118,0.26380368098159507,Low Priority,Avoid over-servicing and monitor for meaningful changes
H0004,Dr. HCP_0004,Endocrinologist,B,West-2,West,44,1809,4.4,10,5,14,58,21.07,5,2026-02-23,3.14,36,0,641,299,114.38,1,Emerging Growth,Nurture growth through targeted follow-ups,0.7608058290337603,3.14,0.386,0.954,0.615,0.788,0.7015,0.381,0.638,60.29,22,0.89,High Priority,Prioritize targeted follow-ups to support continued growth
H0005,Dr. HCP_0005,Neurologist,A,Central-2,Central,29,1179,2.9,10,4,6,26,22.0,3,2026-03-04,4.83,27,0,411,368,11.68,1,Emerging Growth,Nurture growth through targeted follow-ups,0.11022670530899958,4.83,0.252,0.622,0.833,0.746,0.7895,0.768,0.213,53.39,47,0.765,Medium Priority,Nurture through planned follow-ups and monitor momentum
H0006,Dr. HCP_0006,Oncologist,A,South-2,South,206,7914,20.6,10,5,26,118,17.46,5,2026-03-30,7.92,1,0,2671,2706,-1.29,2,Efficient High-Value,Prioritize selective engagement and expansion,-0.01301375495776469,7.92,0.96,0.45,0.349,0.092,0.22049999999999997,0.912,0.638,63.37,44,0.4691358024691358,Low Priority,Maintain efficient coverage and monitor prescription behaviour
H0007,Dr. HCP_0007,Cardiologist,A,South-2,South,217,8517,21.7,10,5,25,104,17.92,5,2026-03-23,8.68,8,0,2971,2523,17.76,2,Efficient High-Value,Prioritize selective engagement and expansion,0.16339018217654644,8.68,0.976,0.66,0.364,0.431,0.39749999999999996,0.939,0.638,72.88,8,0.9135802469135802,High Priority,Prioritize selective outreach and evaluate expansion opportunities
H0008,Dr. HCP_0008,Pulmonologist,C,West-1,West,23,964,2.3,10,3,17,82,20.76,5,2026-03-17,1.35,14,0,236,363,-34.99,1,Emerging Growth,Nurture growth through targeted follow-ups,-0.42909372650160904,1.35,0.195,0.144,0.522,0.582,0.552,0.112,0.13,25.51,191,0.025,Low Priority,Monitor growth before increasing field engagement
H0009,Dr. HCP_0009,Oncologist,B,West-1,West,48,2111,4.8,9,4,10,36,21.3,4,2026-03-29,4.8,2,0,626,557,12.39,1,Emerging Growth,Nurture growth through targeted follow-ups,0.11658757825161015,4.8,0.46,0.628,0.74,0.158,0.449,0.758,0.213,51.08,62,0.69,Medium Priority,Nurture through planned follow-ups and monitor momentum
H0010,Dr. HCP_0010,Cardiologist,C,North-2,North,68,2853,6.8,10,5,56,254,18.8,5,2026-03-25,1.21,6,0,786,941,-16.47,0,Established High-Value,Maintain engagement and protect existing value,-0.17977702615895996,1.21,0.6,0.306,0.061000000000000054,0.356,0.20850000000000002,0.071,0.638,36.78,149,0.0736196319018405,Low Priority,Avoid over-servicing and monitor for meaningful changes
H0011,Dr. HCP_0011,Cardiologist,A,East-2,East,57,2411,5.7,10,5,8,30,22.0,5,2026-03-05,7.13,26,0,880,364,141.76,2,Efficient High-Value,Prioritize selective engagement and expansion,0.8811602723536884,7.13,0.508,0.964,0.787,0.735,0.761,0.885,0.638,73.2,7,0.9259259259259259,High Priority,Prioritize selective outreach and evaluate expansion opportunities
H0012,Dr. HCP_0012,Endocrinologist,C,South-2,South,135,5192,13.5,10,5,78,277,19.76,5,2026-03-30,1.73,1,0,1521,1544,-1.49,0,Established High-Value,Maintain engagement and protect existing value,-0.014998650910214018,1.73,0.838,0.448,0.008000000000000007,0.092,0.05,0.206,0.638,44.82,119,0.25766871165644173,Low Priority,Avoid over-servicing and monitor for meaningful changes
H0013,Dr. HCP_0013,Oncologist,C,South-1,South,44,1712,4.4,10,5,36,132,19.58,5,2026-03-26,1.22,5,0,462,365,26.58,1,Emerging Growth,Nurture growth through targeted follow-ups,0.23509372068486822,1.22,0.37,0.708,0.22499999999999998,0.311,0.268,0.075,0.638,39.47,144,0.26,Low Priority,Monitor growth before increasing field engagement
H0014,Dr. HCP_0014,Oncologist,B,East-1,East,10,469,1.0,7,2,0,0,0.0,0,,,304,1,114,203,-43.84,3,Uncovered HCPs,Evaluate active prescribers before initiating outreach,-0.5731878654809659,3.45,0.112,0.082,0.943,0.945,0.944,0.501,0.092,37.04,23,0.3392857142857143,Low Priority,Deprioritize until meaningful prescription activity appears
H0015,Dr. HCP_0015,Oncologist,A,North-2,North,135,5524,13.5,10,5,25,89,21.52,5,2026-03-31,5.4,0,0,1307,1837,-28.85,0,Established High-Value,Maintain engagement and protect existing value,-0.340178770898488,5.4,0.868,0.188,0.364,0.029,0.1965,0.813,0.638,53.29,70,0.5705521472392638,Medium Priority,Continue the current engagement cadence
H0016,Dr. HCP_0016,General Physician,A,North-1,North,119,5083,11.9,10,5,10,41,19.1,4,2026-03-19,11.9,12,0,2023,959,110.95,2,Efficient High-Value,Prioritize selective engagement and expansion,0.7458977459454745,11.9,0.828,0.95,0.74,0.532,0.636,0.986,0.638,80.91,1,1.0,High Priority,Prioritize selective outreach and evaluate expansion opportunities
H0017,Dr. HCP_0017,Endocrinologist,B,North-2,North,138,5145,13.8,10,5,43,185,19.88,5,2026-03-17,3.21,14,0,1529,1615,-5.33,0,Established High-Value,Maintain engagement and protect existing value,-0.05468622469455919,3.21,0.836,0.422,0.14300000000000002,0.582,0.3625,0.398,0.638,54.93,63,0.6134969325153374,Medium Priority,Continue the current engagement cadence
H0018,Dr. HCP_0018,Oncologist,B,West-1,West,33,1388,3.3,9,5,12,46,20.08,5,2026-02-24,2.75,35,0,401,615,-34.8,1,Emerging Growth,Nurture growth through targeted follow-ups,-0.4267948749144983,2.75,0.298,0.146,0.69,0.785,0.7375,0.327,0.638,41.58,130,0.33,Low Priority,Monitor growth before increasing field engagement
H0019,Dr. HCP_0019,Oncologist,B,South-2,South,128,4725,12.8,10,5,41,181,21.37,5,2026-03-26,3.12,5,0,1665,1153,44.41,0,Established High-Value,Maintain engagement and protect existing value,0.3671913756587424,3.12,0.798,0.82,0.16400000000000003,0.311,0.23750000000000002,0.374,0.638,58.27,41,0.754601226993865,Medium Priority,Continue the current engagement cadence
H0020,Dr. HCP_0020,Oncologist,B,South-1,South,70,2860,7.0,10,5,24,74,17.79,5,2026-03-26,2.92,5,0,1000,1066,-6.19,1,Emerging Growth,Nurture growth through targeted follow-ups,-0.06385147198653307,2.92,0.604,0.41,0.38,0.311,0.34550000000000003,0.355,0.638,46.66,94,0.515,Medium Priority,Nurture through planned follow-ups and monitor momentum
H0021,Dr. HCP_0021,Pulmonologist,B,West-1,West,47,1759,4.7,10,5,13,52,16.0,4,2026-03-13,3.62,18,0,601,521,15.36,1,Emerging Growth,Nurture growth through targeted follow-ups,0.1425898574261817,3.62,0.38,0.64,0.655,0.637,0.646,0.588,0.638,55.55,34,0.83,High Priority,Prioritize targeted follow-ups to support continued growth
H0022,Dr. HCP_0022,Oncologist,A,East-1,East,7,234,0.7,5,2,0,0,0.0,0,,,304,1,102,60,70.0,3,Uncovered HCPs,Evaluate active prescribers before initiating outreach,0.5238551240563245,3.45,0.08,0.89,0.943,0.945,0.944,0.501,0.092,52.24,11,0.8214285714285714,High Priority,Validate prescribing potential and consider initiating outreach
H0023,Dr. HCP_0023,Endocrinologist,B,South-1,South,123,4723,12.3,10,5,35,144,20.29,5,2026-03-19,3.51,12,0,1010,1623,-37.77,0,Established High-Value,Maintain engagement and protect existing value,-0.47395230170115177,3.51,0.796,0.118,0.23399999999999999,0.532,0.383,0.568,0.638,50.72,89,0.44171779141104295,Low Priority,Avoid over-servicing and monitor for meaningful changes
H0024,Dr. HCP_0024,Cardiologist,B,South-2,South,323,11844,32.3,10,5,62,267,18.87,5,2026-03-31,5.21,0,0,3749,3047,23.04,0,Established High-Value,Maintain engagement and protect existing value,0.20727020215792002,5.21,0.996,0.692,0.040000000000000036,0.029,0.03450000000000002,0.8,0.638,62.96,25,0.852760736196319,High Priority,Protect existing value and maintain consistent engagement
H0025,Dr. HCP_0025,Cardiologist,B,East-2,East,47,1807,4.7,10,4,12,45,17.67,4,2026-03-16,3.92,15,0,364,667,-45.43,1,Emerging Growth,Nurture growth through targeted follow-ups,-0.6043908199541539,3.92,0.384,0.078,0.69,0.597,0.6435,0.647,0.213,41.0,135,0.305,Low Priority,Monitor growth before increasing field engagement
H0026,Dr. HCP_0026,Oncologist,C,Central-2,Central,35,1504,3.5,10,5,19,61,19.89,5,2026-03-29,1.84,2,0,641,377,70.03,1,Emerging Growth,Nurture growth through targeted follow-ups,0.5296941080703732,1.84,0.326,0.892,0.46499999999999997,0.158,0.3115,0.234,0.638,45.3,104,0.46,Low Priority,Monitor growth before increasing field engagement
H0027,Dr. HCP_0027,Neurologist,A,North-1,North,193,8831,19.3,10,5,24,101,20.17,5,2026-03-27,8.04,4,0,2623,2249,16.63,2,Efficient High-Value,Prioritize selective engagement and expansion,0.15376965486551342,8.04,0.982,0.648,0.38,0.262,0.321,0.918,0.638,70.6,17,0.8024691358024691,High Priority,Prioritize selective outreach and evaluate expansion opportunities
H0028,Dr. HCP_0028,Cardiologist,B,South-1,South,94,3695,9.4,10,5,25,102,18.4,5,2026-03-23,3.76,8,0,1065,1107,-3.79,1,Emerging Growth,Nurture growth through targeted follow-ups,-0.038643262581439686,3.76,0.712,0.432,0.364,0.431,0.39749999999999996,0.615,0.638,55.54,35,0.825,High Priority,Prioritize targeted follow-ups to support continued growth
H0029,Dr. HCP_0029,Oncologist,B,South-2,South,191,7315,19.1,10,5,50,217,19.5,5,2026-03-18,3.82,13,0,1955,2655,-26.37,0,Established High-Value,Maintain engagement and protect existing value,-0.3059196600015621,3.82,0.946,0.216,0.09399999999999997,0.561,0.3275,0.626,0.638,56.66,57,0.656441717791411,Medium Priority,Continue the current engagement cadence
H0030,Dr. HCP_0030,Endocrinologist,A,Central-2,Central,28,1157,2.8,10,5,5,28,11.8,4,2026-01-01,5.6,89,0,541,190,184.74,1,Emerging Growth,Nurture growth through targeted follow-ups,1.0429925733930165,5.6,0.25,0.98,0.846,0.866,0.856,0.822,0.638,67.21,4,0.985,High Priority,Prioritize targeted follow-ups to support continued growth
H0031,Dr. HCP_0031,Cardiologist,B,Central-2,Central,33,1409,3.3,10,3,11,62,19.45,4,2026-01-22,3.0,68,0,492,380,29.47,1,Emerging Growth,Nurture growth through targeted follow-ups,0.25770979891598866,3.0,0.308,0.734,0.716,0.857,0.7865,0.362,0.13,50.31,70,0.645,Medium Priority,Nurture through planned follow-ups and monitor momentum
H0032,Dr. HCP_0032,Neurologist,A,Central-2,Central,54,2163,5.4,10,4,4,14,25.75,2,2026-01-21,13.5,69,0,855,465,83.87,2,Efficient High-Value,Prioritize selective engagement and expansion,0.6080847420160964,13.5,0.472,0.912,0.859,0.86,0.8594999999999999,0.993,0.213,70.91,13,0.8518518518518519,High Priority,Prioritize selective outreach and evaluate expansion opportunities
H0033,Dr. HCP_0033,Endocrinologist,A,East-1,East,0,0,0.0,0,0,0,0,0.0,0,,,304,1,0,0,,3,Uncovered HCPs,Evaluate active prescribers before initiating outreach,0.0,3.45,0.017,0.486,0.943,0.945,0.944,0.501,0.017,41.51,16,0.5982142857142857,Medium Priority,Review prescription activity before allocating field effort
H0034,Dr. HCP_0034,Pulmonologist,C,South-2,South,105,4356,10.5,10,5,66,288,19.29,5,2026-03-25,1.59,6,0,1153,1276,-9.64,0,Established High-Value,Maintain engagement and protect existing value,-0.10127940896449417,1.59,0.772,0.372,0.027000000000000024,0.356,0.1915,0.162,0.638,44.2,124,0.22699386503067484,Low Priority,Avoid over-servicing and monitor for meaningful changes
H0035,Dr. HCP_0035,General Physician,C,South-1,South,63,2473,6.3,10,5,39,165,21.46,5,2026-03-25,1.62,6,0,867,640,35.47,0,Established High-Value,Maintain engagement and protect existing value,0.30316225773968064,1.62,0.532,0.776,0.18999999999999995,0.356,0.27299999999999996,0.171,0.638,47.25,107,0.3312883435582822,Low Priority,Avoid over-servicing and monitor for meaningful changes
H0036,Dr. HCP_0036,Pulmonologist,C,West-2,West,29,1220,2.9,10,5,17,52,23.88,5,2026-03-29,1.71,2,0,267,484,-44.83,1,Emerging Growth,Nurture growth through targeted follow-ups,-0.5931619104266268,1.71,0.258,0.08,0.522,0.158,0.34,0.201,0.638,27.24,183,0.065,Low Priority,Monitor growth before increasing field engagement
H0037,Dr. HCP_0037,Oncologist,B,North-1,North,148,6361,14.8,10,5,36,148,20.39,5,2026-03-30,4.11,1,0,1613,2160,-25.32,0,Established High-Value,Maintain engagement and protect existing value,-0.2918555076769911,4.11,0.922,0.224,0.22499999999999998,0.092,0.15849999999999997,0.687,0.638,52.79,76,0.5337423312883436,Medium Priority,Continue the current engagement cadence
H0038,Dr. HCP_0038,Neurologist,A,North-2,North,143,5904,14.3,10,5,14,63,18.07,5,2026-03-24,10.21,7,0,1419,2078,-31.71,2,Efficient High-Value,Prioritize selective engagement and expansion,-0.3812301372627065,10.21,0.896,0.16,0.615,0.399,0.507,0.97,0.638,63.68,41,0.5061728395061729,Medium Priority,Review for incremental engagement without excessive call frequency
H0039,Dr. HCP_0039,Pulmonologist,B,Central-1,Central,130,5017,13.0,10,5,33,137,18.06,5,2026-02-14,3.94,45,0,1597,1792,-10.88,0,Established High-Value,Maintain engagement and protect existing value,-0.115137347278913,3.94,0.82,0.354,0.255,0.815,0.5349999999999999,0.656,0.638,61.27,32,0.8098159509202454,High Priority,Protect existing value and maintain consistent engagement
H0040,Dr. HCP_0040,Cardiologist,B,East-2,East,37,1367,3.7,10,5,9,40,19.56,4,2026-03-19,4.11,12,0,420,389,7.97,1,Emerging Growth,Nurture growth through targeted follow-ups,0.07648609455868893,4.11,0.292,0.578,0.762,0.532,0.647,0.687,0.638,53.18,49,0.755,Medium Priority,Nurture through planned follow-ups and monitor momentum
H0041,Dr. HCP_0041,Pulmonologist,A,East-2,East,76,3311,7.6,10,5,10,41,20.6,5,2026-01-06,7.6,84,0,898,1224,-26.63,2,Efficient High-Value,Prioritize selective engagement and expansion,-0.30941308850720706,7.6,0.667,0.214,0.74,0.864,0.802,0.896,0.638,64.16,39,0.5308641975308642,Medium Priority,Review for incremental engagement without excessive call frequency
H0042,Dr. HCP_0042,Neurologist,B,West-2,West,49,2118,4.9,10,5,15,43,25.13,5,2026-03-30,3.27,1,0,856,389,120.05,1,Emerging Growth,Nurture growth through targeted follow-ups,0.7872911794740878,3.27,0.464,0.958,0.577,0.092,0.33449999999999996,0.409,0.638,53.96,43,0.785,Medium Priority,Nurture through planned follow-ups and monitor momentum
H0043,Dr. HCP_0043,General Physician,A,Central-2,Central,86,3352,8.6,10,5,15,56,18.67,5,2026-03-29,5.73,2,0,1070,1235,-13.36,2,Efficient High-Value,Prioritize selective engagement and expansion,-0.14328756756988703,5.73,0.674,0.33,0.577,0.158,0.3675,0.834,0.638,54.9,66,0.1728395061728395,Low Priority,Maintain efficient coverage and monitor prescription behaviour
H0044,Dr. HCP_0044,Pulmonologist,C,Central-1,Central,52,2003,5.2,10,5,41,171,22.1,5,2026-03-30,1.27,1,0,854,583,46.48,0,Established High-Value,Maintain engagement and protect existing value,0.38120048610853274,1.27,0.43,0.828,0.16400000000000003,0.092,0.128,0.093,0.638,40.44,137,0.147239263803681,Low Priority,Avoid over-servicing and monitor for meaningful changes
H0045,Dr. HCP_0045,Pulmonologist,B,South-1,South,109,4119,10.9,10,5,28,106,19.04,5,2026-03-19,3.89,12,0,968,1369,-29.29,0,Established High-Value,Maintain engagement and protect existing value,-0.34630140693140454,3.89,0.75,0.18,0.32599999999999996,0.532,0.429,0.643,0.638,52.85,73,0.5521472392638037,Medium Priority,Continue the current engagement cadence
H0046,Dr. HCP_0046,General Physician,B,North-2,North,202,8681,20.2,10,5,42,186,23.31,5,2026-03-29,4.81,2,0,2177,2478,-12.15,0,Established High-Value,Maintain engagement and protect existing value,-0.12944822854228466,4.81,0.98,0.336,0.15300000000000002,0.158,0.15550000000000003,0.762,0.638,57.82,45,0.7300613496932515,Medium Priority,Continue the current engagement cadence
H0047,Dr. HCP_0047,Pulmonologist,B,East-1,East,0,0,0.0,0,0,0,0,0.0,0,,,304,1,0,0,,3,Uncovered HCPs,Evaluate active prescribers before initiating outreach,0.0,3.45,0.017,0.486,0.943,0.945,0.944,0.501,0.017,41.51,16,0.5982142857142857,Medium Priority,Review prescription activity before allocating field effort
H0048,Dr. HCP_0048,Endocrinologist,B,East-2,East,33,1351,3.3,10,4,8,41,21.63,4,2025-12-03,4.13,118,0,502,475,5.68,1,Emerging Growth,Nurture growth through targeted follow-ups,0.05517231586831883,4.13,0.287,0.556,0.787,0.882,0.8345,0.692,0.213,53.1,50,0.75,Medium Priority,Nurture through planned follow-ups and monitor momentum
H0049,Dr. HCP_0049,Oncologist,B,Central-1,Central,156,6114,15.6,10,5,35,142,19.34,5,2026-03-26,4.46,5,0,1435,1776,-19.2,0,Established High-Value,Maintain engagement and protect existing value,-0.2130650785464816,4.46,0.908,0.28,0.23399999999999999,0.311,0.27249999999999996,0.726,0.638,56.92,54,0.6748466257668712,Medium Priority,Continue the current engagement cadence
H0050,Dr. HCP_0050,Cardiologist,A,North-1,North,125,4853,12.5,10,5,21,83,18.38,5,2026-03-04,5.95,27,0,910,1336,-31.89,2,Efficient High-Value,Prioritize selective engagement and expansion,-0.38364067984198513,5.95,0.808,0.158,0.43400000000000005,0.746,0.5900000000000001,0.844,0.638,61.19,49,0.4074074074074074,Low Priority,Maintain efficient coverage and monitor prescription behaviour
H0051,Dr. HCP_0051,Cardiologist,C,East-1,East,0,0,0.0,0,0,0,0,0.0,0,,,304,1,0,0,,3,Uncovered HCPs,Evaluate active prescribers before initiating outreach,0.0,3.45,0.017,0.486,0.943,0.945,0.944,0.501,0.017,41.51,16,0.5982142857142857,Medium Priority,Review prescription activity before allocating field effort
H0052,Dr. HCP_0052,Endocrinologist,C,East-2,East,26,1030,2.6,7,5,16,54,22.19,5,2026-03-27,1.63,4,0,179,531,-66.29,1,Emerging Growth,Nurture growth through targeted follow-ups,-1.083686638451434,1.63,0.216,0.038,0.5489999999999999,0.262,0.40549999999999997,0.174,0.638,26.37,186,0.05,Low Priority,Monitor growth before increasing field engagement
H0053,Dr. HCP_0053,General Physician,C,South-1,South,45,1769,4.5,10,5,32,148,19.44,5,2026-03-07,1.41,24,0,595,548,8.58,1,Emerging Growth,Nurture growth through targeted follow-ups,0.08214222555581951,1.41,0.382,0.584,0.269,0.716,0.4925,0.13,0.638,43.78,116,0.4,Low Priority,Monitor growth before increasing field engagement
H0054,Dr. HCP_0054,General Physician,C,Central-1,Central,68,2758,6.8,10,5,44,178,20.02,5,2026-03-21,1.55,10,0,1169,557,109.87,0,Established High-Value,Maintain engagement and protect existing value,0.7404000654104914,1.55,0.586,0.948,0.133,0.475,0.304,0.153,0.638,52.81,75,0.5398773006134969,Medium Priority,Continue the current engagement cadence
H0055,Dr. HCP_0055,Cardiologist,B,Central-1,Central,181,6670,18.1,10,5,44,182,21.27,5,2026-03-29,4.11,2,0,1816,2305,-21.21,0,Established High-Value,Maintain engagement and protect existing value,-0.23832763243283317,4.11,0.93,0.25,0.133,0.158,0.14550000000000002,0.687,0.638,53.22,71,0.5644171779141104,Medium Priority,Continue the current engagement cadence
H0056,Dr. HCP_0056,General Physician,C,North-2,North,73,2972,7.3,10,5,67,276,20.09,5,2026-03-28,1.09,3,0,1135,715,58.74,0,Established High-Value,Maintain engagement and protect existing value,0.4615884323204513,1.09,0.612,0.864,0.02400000000000002,0.212,0.11800000000000001,0.046,0.638,45.66,117,0.26993865030674846,Low Priority,Avoid over-servicing and monitor for meaningful changes
H0057,Dr. HCP_0057,Cardiologist,A,Central-1,Central,107,4666,10.7,10,5,14,49,20.93,5,2026-03-27,7.64,4,0,1337,1539,-13.13,2,Efficient High-Value,Prioritize selective engagement and expansion,-0.14060645471950117,7.64,0.79,0.332,0.615,0.262,0.4385,0.898,0.638,61.15,50,0.3950617283950617,Low Priority,Maintain efficient coverage and monitor prescription behaviour
H0058,Dr. HCP_0058,Neurologist,A,Central-2,Central,41,1530,4.1,10,4,8,26,20.88,4,2026-03-31,5.13,0,0,553,436,26.83,1,Emerging Growth,Nurture growth through targeted follow-ups,0.237231491651694,5.13,0.332,0.712,0.787,0.029,0.40800000000000003,0.791,0.213,48.4,84,0.57,Medium Priority,Nurture through planned follow-ups and monitor momentum
H0059,Dr. HCP_0059,Endocrinologist,A,West-1,West,128,5025,12.8,10,4,13,40,22.0,4,2026-02-02,9.85,57,0,1595,1707,-6.56,2,Efficient High-Value,Prioritize selective engagement and expansion,-0.06782259633876109,9.85,0.822,0.406,0.655,0.831,0.743,0.966,0.213,67.98,26,0.691358024691358,Medium Priority,Review for incremental engagement without excessive call frequency
H0060,Dr. HCP_0060,Pulmonologist,B,East-1,East,0,0,0.0,0,0,0,0,0.0,0,,,304,1,0,0,,3,Uncovered HCPs,Evaluate active prescribers before initiating outreach,0.0,3.45,0.017,0.486,0.943,0.945,0.944,0.501,0.017,41.51,16,0.5982142857142857,Medium Priority,Review prescription activity before allocating field effort
H0061,Dr. HCP_0061,Endocrinologist,B,East-2,East,42,1646,4.2,10,5,10,31,15.7,5,2026-03-25,4.2,6,0,413,460,-10.22,1,Emerging Growth,Nurture growth through targeted follow-ups,-0.1075320691713344,4.2,0.358,0.366,0.74,0.356,0.548,0.704,0.638,48.7,81,0.585,Medium Priority,Nurture through planned follow-ups and monitor momentum
H0062,Dr. HCP_0062,Pulmonologist,B,North-2,North,116,4251,11.6,10,5,42,206,21.52,5,2026-03-28,2.76,3,0,1786,871,105.05,0,Established High-Value,Maintain engagement and protect existing value,0.717504091250448,2.76,0.762,0.946,0.15300000000000002,0.212,0.1825,0.33,0.638,57.67,46,0.7239263803680982,Medium Priority,Continue the current engagement cadence
H0063,Dr. HCP_0063,General Physician,C,Central-2,Central,13,564,1.3,8,3,14,61,23.07,5,2026-03-18,0.93,13,0,287,93,208.6,1,Emerging Growth,Nurture growth through targeted follow-ups,1.1196656978659423,0.93,0.118,0.982,0.615,0.561,0.5880000000000001,0.016,0.13,39.42,145,0.255,Low Priority,Monitor growth before increasing field engagement
H0064,Dr. HCP_0064,Endocrinologist,B,South-2,South,193,7903,19.3,10,5,53,191,19.66,5,2026-03-18,3.64,13,0,2274,2693,-15.56,0,Established High-Value,Maintain engagement and protect existing value,-0.1690470255852583,3.64,0.958,0.314,0.07799999999999996,0.561,0.3195,0.59,0.638,58.24,42,0.7484662576687117,Medium Priority,Continue the current engagement cadence
H0065,Dr. HCP_0065,Cardiologist,B,West-1,West,50,1933,5.0,10,4,13,40,18.92,4,2026-03-09,3.85,22,0,368,490,-24.9,1,Emerging Growth,Nurture growth through targeted follow-ups,-0.2856474837539933,3.85,0.418,0.226,0.655,0.682,0.6685000000000001,0.633,0.213,45.4,102,0.47,Low Priority,Monitor growth before increasing field engagement
H0066,Dr. HCP_0066,Oncologist,B,East-2,East,61,2425,6.1,10,4,13,53,20.0,5,2026-03-25,4.69,6,0,792,546,45.05,1,Emerging Growth,Nurture growth through targeted follow-ups,0.3713744192128665,4.69,0.516,0.822,0.655,0.356,0.5055000000000001,0.748,0.213,57.91,28,0.86,High Priority,Prioritize targeted follow-ups to support continued growth
H0067,Dr. HCP_0067,Endocrinologist,A,East-1,East,3,94,0.3,3,1,0,0,0.0,0,,,304,1,23,71,-67.61,3,Uncovered HCPs,Evaluate active prescribers before initiating outreach,-1.0986122886681096,3.45,0.054,0.036,0.943,0.945,0.944,0.501,0.054,33.99,33,0.16071428571428573,Low Priority,Deprioritize until meaningful prescription activity appears
H0068,Dr. HCP_0068,Cardiologist,C,West-1,West,16,583,1.6,9,5,14,59,22.64,5,2026-03-23,1.14,8,0,178,98,81.63,1,Emerging Growth,Nurture growth through targeted follow-ups,0.5922659557061651,1.14,0.122,0.906,0.615,0.431,0.523,0.056,0.638,42.08,127,0.345,Low Priority,Monitor growth before increasing field engagement
H0069,Dr. HCP_0069,Endocrinologist,A,South-2,South,224,9832,22.4,10,5,23,114,21.74,5,2026-03-31,9.74,0,0,2322,3941,-41.08,2,Efficient High-Value,Prioritize selective engagement and expansion,-0.5288287549422561,9.74,0.992,0.098,0.396,0.029,0.21250000000000002,0.962,0.638,57.84,60,0.24691358024691357,Low Priority,Maintain efficient coverage and monitor prescription behaviour
H0070,Dr. HCP_0070,Pulmonologist,C,East-2,East,35,1265,3.5,9,5,21,74,21.0,5,2026-03-18,1.67,13,0,495,371,33.42,1,Emerging Growth,Nurture growth through targeted follow-ups,0.2876820724517817,1.67,0.27,0.76,0.43400000000000005,0.561,0.49750000000000005,0.187,0.638,44.92,106,0.45,Low Priority,Monitor growth before increasing field engagement
H0071,Dr. HCP_0071,Cardiologist,C,South-2,South,78,2951,7.8,10,5,71,274,20.0,5,2026-03-27,1.1,4,0,735,862,-14.73,0,Established High-Value,Maintain engagement and protect existing value,-0.15918457235455108,1.1,0.61,0.32,0.02200000000000002,0.262,0.14200000000000002,0.049,0.638,35.36,151,0.05828220858895705,Low Priority,Avoid over-servicing and monitor for meaningful changes
H0072,Dr. HCP_0072,Pulmonologist,A,West-1,West,68,2613,6.8,10,5,8,32,24.0,4,2025-12-31,8.5,90,0,658,918,-28.32,2,Efficient High-Value,Prioritize selective engagement and expansion,-0.3325625878531797,8.5,0.562,0.194,0.787,0.868,0.8275,0.929,0.638,61.74,47,0.43209876543209874,Low Priority,Maintain efficient coverage and monitor prescription behaviour
H0073,Dr. HCP_0073,Pulmonologist,A,North-2,North,50,2093,5.0,10,5,13,72,19.69,5,2026-03-23,3.85,8,0,492,738,-33.33,1,Emerging Growth,Nurture growth through targeted follow-ups,-0.4047887469055116,3.85,0.452,0.15,0.655,0.431,0.543,0.633,0.638,46.01,98,0.4925,Low Priority,Monitor growth before increasing field engagement
H0074,Dr. HCP_0074,Oncologist,C,Central-1,Central,76,3184,7.6,10,5,45,215,18.91,5,2026-03-31,1.69,0,0,875,1158,-24.44,0,Established High-Value,Maintain engagement and protect existing value,-0.27994675240335987,1.69,0.65,0.232,0.124,0.029,0.0765,0.195,0.638,35.36,151,0.05828220858895705,Low Priority,Avoid over-servicing and monitor for meaningful changes
H0075,Dr. HCP_0075,Cardiologist,C,North-1,North,54,2069,5.4,10,5,42,153,19.48,5,2026-03-24,1.29,7,0,502,714,-29.69,0,Established High-Value,Maintain engagement and protect existing value,-0.3516923725942682,1.29,0.448,0.176,0.15300000000000002,0.399,0.276,0.098,0.638,31.71,155,0.03067484662576687,Low Priority,Avoid over-servicing and monitor for meaningful changes
H0076,Dr. HCP_0076,Neurologist,C,South-1,South,68,2682,6.8,10,5,32,132,19.03,5,2026-03-15,2.13,16,0,875,871,0.46,1,Emerging Growth,Nurture growth through targeted follow-ups,0.004576667027412107,2.13,0.578,0.512,0.269,0.61,0.4395,0.274,0.638,49.06,75,0.6175,Medium Priority,Nurture through planned follow-ups and monitor momentum
H0077,Dr. HCP_0077,Cardiologist,C,North-1,North,62,2417,6.2,10,5,47,184,21.28,5,2026-03-31,1.32,0,0,673,656,2.59,0,Established High-Value,Maintain engagement and protect existing value,0.025546092427696898,1.32,0.51,0.538,0.10999999999999999,0.029,0.06949999999999999,0.103,0.638,35.72,150,0.06748466257668712,Low Priority,Avoid over-servicing and monitor for meaningful changes
H0078,Dr. HCP_0078,General Physician,A,East-2,East,70,3236,7.0,10,5,6,19,21.33,3,2025-12-20,11.67,101,0,987,1022,-3.42,2,Efficient High-Value,Prioritize selective engagement and expansion,-0.03481206820375782,11.67,0.658,0.434,0.833,0.876,0.8545,0.984,0.638,70.92,12,0.8641975308641975,High Priority,Prioritize selective outreach and evaluate expansion opportunities
H0079,Dr. HCP_0079,Neurologist,B,West-1,West,71,3023,7.1,10,5,18,66,20.89,5,2026-02-24,3.94,35,0,766,720,6.39,1,Emerging Growth,Nurture growth through targeted follow-ups,0.061847664082306686,3.94,0.624,0.564,0.492,0.785,0.6385000000000001,0.656,0.638,62.18,16,0.9225,High Priority,Prioritize targeted follow-ups to support continued growth
H0080,Dr. HCP_0080,Neurologist,A,West-1,West,23,760,2.3,8,3,3,8,20.67,3,2026-03-08,7.67,23,0,307,60,411.67,2,Efficient High-Value,Prioritize selective engagement and expansion,1.6192259188002627,7.67,0.15,0.986,0.87,0.698,0.784,0.902,0.13,58.65,57,0.2839506172839506,Low Priority,Maintain efficient coverage and monitor prescription behaviour
H0081,Dr. HCP_0081,Cardiologist,C,East-1,East,4,163,0.4,4,1,0,0,0.0,0,,,304,1,77,86,-10.47,3,Uncovered HCPs,Evaluate active prescribers before initiating outreach,-0.109199291964992,3.45,0.066,0.362,0.943,0.945,0.944,0.501,0.054,40.88,17,0.44642857142857145,Low Priority,Deprioritize until meaningful prescription activity appears
H0082,Dr. HCP_0082,Neurologist,B,North-1,North,178,7117,17.8,10,5,35,120,21.29,5,2026-03-15,5.09,16,0,2193,2203,-0.45,0,Established High-Value,Maintain engagement and protect existing value,-0.004547529437629372,5.09,0.942,0.462,0.23399999999999999,0.61,0.422,0.784,0.638,66.19,14,0.9202453987730062,High Priority,Protect existing value and maintain consistent engagement
H0083,Dr. HCP_0083,Oncologist,B,East-2,East,21,830,2.1,9,5,11,57,22.18,4,2026-03-29,1.91,2,0,238,238,0.0,1,Emerging Growth,Nurture growth through targeted follow-ups,0.0,1.91,0.17,0.486,0.716,0.158,0.437,0.243,0.638,35.77,159,0.185,Low Priority,Monitor growth before increasing field engagement
H0084,Dr. HCP_0084,Neurologist,A,East-2,East,36,1436,3.6,10,5,6,21,22.17,5,2026-03-29,6.0,2,0,421,448,-6.03,1,Emerging Growth,Nurture growth through targeted follow-ups,-0.0620175737062425,6.0,0.31,0.416,0.833,0.158,0.4955,0.846,0.638,49.08,73,0.63,Medium Priority,Nurture through planned follow-ups and monitor momentum
H0085,Dr. HCP_0085,General Physician,B,North-2,North,154,6594,15.4,10,5,32,136,19.97,5,2026-03-31,4.81,0,0,1936,2433,-20.43,0,Established High-Value,Maintain engagement and protect existing value,-0.2283956101404767,4.81,0.926,0.262,0.269,0.029,0.14900000000000002,0.762,0.638,54.56,65,0.6012269938650306,Medium Priority,Continue the current engagement cadence
H0086,Dr. HCP_0086,Pulmonologist,B,Central-1,Central,145,5604,14.5,10,5,37,148,21.41,5,2026-03-31,3.92,0,0,1509,1844,-18.17,0,Established High-Value,Maintain engagement and protect existing value,-0.20036962666565739,3.92,0.877,0.286,0.21599999999999997,0.029,0.12249999999999998,0.647,0.638,51.18,86,0.46319018404907975,Low Priority,Avoid over-servicing and monitor for meaningful changes
H0087,Dr. HCP_0087,Oncologist,C,East-2,East,20,805,2.0,9,4,12,41,24.33,5,2026-03-21,1.67,10,0,129,228,-43.42,1,Emerging Growth,Nurture growth through targeted follow-ups,-0.5661875530986578,1.67,0.162,0.084,0.69,0.475,0.5825,0.187,0.213,26.04,189,0.035,Low Priority,Monitor growth before increasing field engagement
H0088,Dr. HCP_0088,Endocrinologist,B,Central-1,Central,49,2071,4.9,10,5,25,108,19.96,5,2026-03-25,1.96,6,0,490,761,-35.61,1,Emerging Growth,Nurture growth through targeted follow-ups,-0.43950242789212624,1.96,0.45,0.136,0.364,0.356,0.36,0.252,0.638,35.38,161,0.175,Low Priority,Monitor growth before increasing field engagement
H0089,Dr. HCP_0089,General Physician,C,West-1,West,37,1527,3.7,10,5,17,69,21.53,5,2026-03-22,2.18,9,0,625,295,111.86,1,Emerging Growth,Nurture growth through targeted follow-ups,0.7489909167760382,2.18,0.33,0.952,0.522,0.454,0.488,0.282,0.638,51.75,58,0.71,Medium Priority,Nurture through planned follow-ups and monitor momentum
H0090,Dr. HCP_0090,Neurologist,B,South-1,South,68,2663,6.8,10,5,19,66,19.21,5,2026-03-24,3.58,7,0,790,725,8.97,1,Emerging Growth,Nurture growth through targeted follow-ups,0.08574795294285842,3.58,0.572,0.596,0.46499999999999997,0.399,0.432,0.578,0.638,54.93,38,0.81,High Priority,Prioritize targeted follow-ups to support continued growth
H0091,Dr. HCP_0091,Neurologist,A,West-1,West,38,1603,3.8,10,5,7,29,15.29,5,2026-03-19,5.43,12,0,628,283,121.91,1,Emerging Growth,Nurture growth through targeted follow-ups,0.7951570185392347,5.43,0.346,0.96,0.815,0.532,0.6735,0.816,0.638,65.04,8,0.965,High Priority,Prioritize targeted follow-ups to support continued growth
H0092,Dr. HCP_0092,Pulmonologist,C,East-1,East,0,0,0.0,0,0,0,0,0.0,0,,,304,1,0,0,,3,Uncovered HCPs,Evaluate active prescribers before initiating outreach,0.0,3.45,0.017,0.486,0.943,0.945,0.944,0.501,0.017,41.51,16,0.5982142857142857,Medium Priority,Review prescription activity before allocating field effort
H0093,Dr. HCP_0093,Neurologist,C,West-1,West,21,890,2.1,8,5,14,44,17.64,4,2026-03-30,1.5,1,0,281,189,48.68,1,Emerging Growth,Nurture growth through targeted follow-ups,0.39488299877762767,1.5,0.186,0.834,0.615,0.092,0.3535,0.144,0.638,39.64,142,0.27,Low Priority,Monitor growth before increasing field engagement
H0094,Dr. HCP_0094,Oncologist,B,West-2,West,29,1149,2.9,10,4,9,44,21.44,3,2026-03-19,3.22,12,0,272,342,-20.47,1,Emerging Growth,Nurture growth through targeted follow-ups,-0.22825865198097972,3.22,0.248,0.264,0.762,0.532,0.647,0.4,0.213,37.02,155,0.205,Low Priority,Monitor growth before increasing field engagement
H0095,Dr. HCP_0095,Neurologist,C,South-2,South,95,3805,9.5,10,5,64,241,19.59,5,2026-03-23,1.48,8,0,1093,1091,0.18,0,Established High-Value,Maintain engagement and protect existing value,0.0018298266770759852,1.48,0.726,0.506,0.03200000000000003,0.431,0.2315,0.141,0.638,46.18,111,0.3067484662576687,Low Priority,Avoid over-servicing and monitor for meaningful changes
H0096,Dr. HCP_0096,General Physician,B,South-1,South,176,7002,17.6,10,5,30,134,20.93,5,2026-03-10,5.87,21,0,2128,1953,8.96,0,Established High-Value,Maintain engagement and protect existing value,0.08577383229075153,5.87,0.936,0.598,0.29700000000000004,0.672,0.48450000000000004,0.84,0.638,71.13,2,0.9938650306748467,High Priority,Protect existing value and maintain consistent engagement
H0097,Dr. HCP_0097,Neurologist,B,East-1,East,9,374,0.9,6,2,0,0,0.0,0,,,304,1,225,25,800.0,3,Uncovered HCPs,Evaluate active prescribers before initiating outreach,2.162438461250804,3.45,0.1,0.99,0.943,0.945,0.944,0.501,0.092,54.84,2,0.9821428571428571,High Priority,Validate prescribing potential and consider initiating outreach
H0098,Dr. HCP_0098,Endocrinologist,B,North-2,North,130,4845,13.0,10,5,38,131,20.74,5,2026-03-29,3.42,2,0,1239,1390,-10.86,0,Established High-Value,Maintain engagement and protect existing value,-0.11491153332436,3.42,0.804,0.356,0.20299999999999996,0.158,0.1805,0.438,0.638,48.7,102,0.3619631901840491,Low Priority,Avoid over-servicing and monitor for meaningful changes
H0099,Dr. HCP_0099,Endocrinologist,A,South-2,South,170,7095,17.0,10,5,19,64,21.63,5,2026-03-30,8.95,1,0,2315,2325,-0.43,2,Efficient High-Value,Prioritize selective engagement and expansion,-0.004308494385724337,8.95,0.94,0.464,0.46499999999999997,0.092,0.27849999999999997,0.944,0.638,64.98,37,0.5555555555555556,Medium Priority,Review for incremental engagement without excessive call frequency
H0100,Dr. HCP_0100,Cardiologist,A,North-1,North,116,4378,11.6,10,5,13,40,18.46,5,2026-03-20,8.92,11,0,1436,1424,0.84,2,Efficient High-Value,Prioritize selective engagement and expansion,0.008385793376273654,8.92,0.774,0.516,0.655,0.5,0.5775,0.942,0.638,68.49,25,0.7037037037037037,Medium Priority,Review for incremental engagement without excessive call frequency
H0101,Dr. HCP_0101,Neurologist,A,West-2,West,39,1651,3.9,10,5,6,25,28.33,4,2026-03-02,6.5,29,0,363,474,-23.42,2,Efficient High-Value,Prioritize selective engagement and expansion,-0.2661609363979007,6.5,0.362,0.24,0.833,0.757,0.7949999999999999,0.856,0.638,54.75,67,0.16049382716049382,Low Priority,Maintain efficient coverage and monitor prescription behaviour
H0102,Dr. HCP_0102,Oncologist,B,West-2,West,70,2607,7.0,10,5,15,55,21.0,5,2026-03-09,4.67,22,0,1097,670,63.73,1,Emerging Growth,Nurture growth through targeted follow-ups,0.49247648509779385,4.67,0.56,0.879,0.577,0.682,0.6295,0.744,0.638,67.66,3,0.99,High Priority,Prioritize targeted follow-ups to support continued growth
H0103,Dr. HCP_0103,Oncologist,B,West-1,West,60,2360,6.0,9,5,13,59,12.85,5,2026-03-25,4.62,6,0,555,588,-5.61,1,Emerging Growth,Nurture growth through targeted follow-ups,-0.05765788940100425,4.62,0.504,0.418,0.655,0.356,0.5055000000000001,0.736,0.638,53.54,46,0.77,Medium Priority,Nurture through planned follow-ups and monitor momentum
H0104,Dr. HCP_0104,Endocrinologist,B,South-2,South,96,3755,9.6,10,5,33,112,20.24,5,2026-03-01,2.91,30,0,1108,1331,-16.75,0,Established High-Value,Maintain engagement and protect existing value,-0.18322286374996732,2.91,0.72,0.3,0.255,0.761,0.508,0.352,0.638,51.96,79,0.5153374233128835,Medium Priority,Continue the current engagement cadence
H0105,Dr. HCP_0105,Oncologist,C,North-2,North,76,3008,7.6,10,5,52,213,20.62,5,2026-03-31,1.46,0,0,1055,843,25.15,0,Established High-Value,Maintain engagement and protect existing value,0.22409096967024933,1.46,0.622,0.696,0.08399999999999996,0.029,0.05649999999999998,0.133,0.638,42.37,133,0.17177914110429449,Low Priority,Avoid over-servicing and monitor for meaningful changes
H0106,Dr. HCP_0106,General Physician,B,South-1,South,60,2131,6.0,10,5,25,97,20.96,5,2026-03-13,2.4,18,0,685,593,15.51,1,Emerging Growth,Nurture growth through targeted follow-ups,0.14399830836323968,2.4,0.47,0.642,0.364,0.637,0.5005,0.296,0.638,50.27,71,0.64,Medium Priority,Nurture through planned follow-ups and monitor momentum
H0107,Dr. HCP_0107,Neurologist,B,North-1,North,149,5940,14.9,10,5,39,142,19.15,5,2026-03-24,3.82,7,0,1770,1472,20.24,0,Established High-Value,Maintain engagement and protect existing value,0.18424322132020343,3.82,0.9,0.67,0.18999999999999995,0.399,0.2945,0.626,0.638,63.53,22,0.8711656441717791,High Priority,Protect existing value and maintain consistent engagement
H0108,Dr. HCP_0108,Oncologist,C,North-2,North,78,3154,7.8,10,5,44,178,20.64,5,2026-03-19,1.77,12,0,1073,890,20.56,0,Established High-Value,Maintain engagement and protect existing value,0.18680084759800142,1.77,0.646,0.674,0.133,0.532,0.3325,0.223,0.638,50.9,88,0.44785276073619634,Low Priority,Avoid over-servicing and monitor for meaningful changes
H0109,Dr. HCP_0109,General Physician,B,West-2,West,53,1979,5.3,9,5,13,58,19.92,5,2026-03-27,4.08,4,0,638,500,27.6,1,Emerging Growth,Nurture growth through targeted follow-ups,0.24329835329267002,4.08,0.424,0.72,0.655,0.262,0.4585,0.68,0.638,55.16,37,0.815,High Priority,Prioritize targeted follow-ups to support continued growth
H0110,Dr. HCP_0110,Neurologist,A,West-2,West,46,1650,4.6,10,5,9,34,19.78,5,2026-03-11,5.11,20,0,609,326,86.81,1,Emerging Growth,Nurture growth through targeted follow-ups,0.6234987862701038,5.11,0.36,0.918,0.762,0.661,0.7115,0.788,0.638,65.15,7,0.97,High Priority,Prioritize targeted follow-ups to support continued growth
H0111,Dr. HCP_0111,Oncologist,B,Central-1,Central,77,3295,7.7,10,5,31,113,20.19,5,2026-02-25,2.48,34,0,1163,652,78.37,0,Established High-Value,Maintain engagement and protect existing value,0.5780404990149517,2.48,0.664,0.9,0.28300000000000003,0.78,0.5315000000000001,0.306,0.638,62.18,29,0.8282208588957055,High Priority,Protect existing value and maintain consistent engagement
H0112,Dr. HCP_0112,Oncologist,A,West-2,West,82,3449,8.2,10,5,10,35,22.8,5,2025-12-18,8.2,103,0,951,1044,-8.91,2,Efficient High-Value,Prioritize selective engagement and expansion,-0.09320712960754651,8.2,0.69,0.386,0.74,0.878,0.8089999999999999,0.922,0.638,68.86,22,0.7407407407407407,Medium Priority,Review for incremental engagement without excessive call frequency
H0113,Dr. HCP_0113,General Physician,C,South-2,South,93,3594,9.3,10,5,81,321,21.09,5,2026-03-29,1.15,2,0,859,1371,-37.35,0,Established High-Value,Maintain engagement and protect existing value,-0.46709241903827703,1.15,0.704,0.12,0.0040000000000000036,0.158,0.081,0.06,0.638,32.82,154,0.03680981595092025,Low Priority,Avoid over-servicing and monitor for meaningful changes
H0114,Dr. HCP_0114,Oncologist,C,Central-1,Central,106,4037,10.6,10,5,51,200,19.04,5,2026-03-27,2.08,4,0,1373,1114,23.25,0,Established High-Value,Maintain engagement and protect existing value,0.20887178888807512,2.08,0.742,0.694,0.08899999999999997,0.262,0.1755,0.269,0.638,50.94,87,0.4539877300613497,Low Priority,Avoid over-servicing and monitor for meaningful changes
H0115,Dr. HCP_0115,Oncologist,B,East-1,East,3,77,0.3,3,1,0,0,0.0,0,,,304,1,0,54,-100.0,3,Uncovered HCPs,Evaluate active prescribers before initiating outreach,-4.007333185232471,3.45,0.052,0.008,0.943,0.945,0.944,0.501,0.054,33.38,37,0.08928571428571429,Low Priority,Deprioritize until meaningful prescription activity appears
H0116,Dr. HCP_0116,Endocrinologist,C,East-1,East,4,140,0.4,4,1,0,0,0.0,0,,,304,1,25,43,-41.86,3,Uncovered HCPs,Evaluate active prescribers before initiating outreach,-0.5260930958967789,3.45,0.062,0.1,0.943,0.945,0.944,0.501,0.054,35.52,26,0.2857142857142857,Low Priority,Deprioritize until meaningful prescription activity appears
H0117,Dr. HCP_0117,Pulmonologist,C,East-2,East,25,1071,2.5,10,4,17,65,20.24,5,2026-03-25,1.47,6,0,475,301,57.81,1,Emerging Growth,Nurture growth through targeted follow-ups,0.45499083685655073,1.47,0.228,0.86,0.522,0.356,0.439,0.137,0.213,39.2,148,0.24,Low Priority,Monitor growth before increasing field engagement
H0118,Dr. HCP_0118,Endocrinologist,A,South-1,South,70,2448,7.0,10,5,12,37,20.42,4,2026-02-19,5.83,40,0,627,923,-32.07,1,Emerging Growth,Nurture growth through targeted follow-ups,-0.38617190517348554,5.83,0.526,0.156,0.69,0.8,0.745,0.838,0.638,56.47,30,0.85,High Priority,Prioritize targeted follow-ups to support continued growth
H0119,Dr. HCP_0119,General Physician,C,West-1,West,35,1351,3.5,10,5,22,96,18.86,5,2026-03-10,1.59,21,0,365,588,-37.93,1,Emerging Growth,Nurture growth through targeted follow-ups,-0.47579285025022067,1.59,0.287,0.114,0.41400000000000003,0.672,0.543,0.162,0.638,33.28,167,0.145,Low Priority,Monitor growth before increasing field engagement
H0120,Dr. HCP_0120,Cardiologist,B,South-2,South,239,9324,23.9,10,5,50,211,22.88,5,2026-03-13,4.78,18,0,3018,2850,5.89,0,Established High-Value,Maintain engagement and protect existing value,0.057255840794167234,4.78,0.986,0.56,0.09399999999999997,0.637,0.3655,0.753,0.638,67.59,8,0.9570552147239264,High Priority,Protect existing value and maintain consistent engagement
H0121,Dr. HCP_0121,Pulmonologist,C,West-1,West,41,1680,4.1,10,5,27,111,21.59,5,2026-03-16,1.52,15,0,284,909,-68.76,1,Emerging Growth,Nurture growth through targeted follow-ups,-1.1609554192422449,1.52,0.368,0.032,0.33599999999999997,0.597,0.46649999999999997,0.146,0.638,31.91,170,0.13,Low Priority,Monitor growth before increasing field engagement
H0122,Dr. HCP_0122,Cardiologist,C,West-1,West,24,854,2.4,9,5,15,75,18.33,5,2026-03-27,1.6,4,0,292,266,9.77,1,Emerging Growth,Nurture growth through targeted follow-ups,0.09292395061681802,1.6,0.178,0.604,0.577,0.262,0.4195,0.166,0.638,36.78,157,0.195,Low Priority,Monitor growth before increasing field engagement
H0123,Dr. HCP_0123,Oncologist,B,West-1,West,48,1852,4.8,10,5,12,43,14.0,5,2026-03-27,4.0,4,0,638,469,36.03,1,Emerging Growth,Nurture growth through targeted follow-ups,0.30717175967343024,4.0,0.394,0.782,0.69,0.262,0.476,0.665,0.638,55.72,33,0.835,High Priority,Prioritize targeted follow-ups to support continued growth
H0124,Dr. HCP_0124,Oncologist,A,Central-2,Central,20,814,2.0,9,3,2,10,22.0,2,2026-03-04,10.0,27,0,228,321,-28.97,2,Efficient High-Value,Prioritize selective engagement and expansion,-0.34082954199016857,10.0,0.166,0.186,0.881,0.746,0.8135,0.968,0.13,44.86,79,0.012345679012345678,Low Priority,Maintain efficient coverage and monitor prescription behaviour
H0125,Dr. HCP_0125,Pulmonologist,B,North-1,North,90,3364,9.0,10,5,30,115,19.1,5,2026-03-19,3.0,12,0,1138,1270,-10.39,0,Established High-Value,Maintain engagement and protect existing value,-0.10965330774227233,3.0,0.678,0.36,0.29700000000000004,0.532,0.41450000000000004,0.362,0.638,49.71,93,0.4171779141104294,Low Priority,Avoid over-servicing and monitor for meaningful changes
H0126,Dr. HCP_0126,Oncologist,B,West-1,West,48,2052,4.8,10,5,17,69,20.29,5,2026-02-27,2.82,32,0,474,818,-42.05,1,Emerging Growth,Nurture growth through targeted follow-ups,-0.5447692798184285,2.82,0.442,0.092,0.522,0.769,0.6455,0.341,0.638,42.73,124,0.36,Low Priority,Monitor growth before increasing field engagement
H0127,Dr. HCP_0127,Endocrinologist,C,West-2,West,48,1824,4.8,10,5,19,97,19.47,5,2026-03-16,2.53,15,0,429,737,-41.79,1,Emerging Growth,Nurture growth through targeted follow-ups,-0.5401586159128646,2.53,0.388,0.094,0.46499999999999997,0.597,0.5309999999999999,0.312,0.638,37.85,151,0.225,Low Priority,Monitor growth before increasing field engagement
H0128,Dr. HCP_0128,Oncologist,C,West-1,West,42,1541,4.2,10,5,24,90,19.33,5,2026-03-22,1.75,9,0,418,328,27.44,1,Emerging Growth,Nurture growth through targeted follow-ups,0.24181316915676554,1.75,0.336,0.718,0.38,0.454,0.41700000000000004,0.214,0.638,44.46,111,0.425,Low Priority,Monitor growth before increasing field engagement
H0129,Dr. HCP_0129,Pulmonologist,A,West-1,West,55,2341,5.5,10,5,7,34,21.14,3,2026-03-07,7.86,24,0,551,696,-20.83,2,Efficient High-Value,Prioritize selective engagement and expansion,-0.23323736448342913,7.86,0.498,0.258,0.815,0.716,0.7655,0.91,0.638,59.27,55,0.30864197530864196,Low Priority,Maintain efficient coverage and monitor prescription behaviour
H0130,Dr. HCP_0130,Oncologist,B,South-1,South,135,5467,13.5,10,5,33,128,23.03,5,2026-03-26,4.09,5,0,1427,1972,-27.64,0,Established High-Value,Maintain engagement and protect existing value,-0.32328036312308583,4.09,0.864,0.2,0.255,0.311,0.28300000000000003,0.682,0.638,53.6,68,0.5828220858895705,Medium Priority,Continue the current engagement cadence
H0131,Dr. HCP_0131,Neurologist,B,Central-2,Central,32,1364,3.2,9,5,10,47,16.9,5,2026-03-05,3.2,26,0,418,299,39.8,1,Emerging Growth,Nurture growth through targeted follow-ups,0.3340884452659365,3.2,0.29,0.796,0.74,0.735,0.7375,0.396,0.638,55.38,36,0.82,High Priority,Prioritize targeted follow-ups to support continued growth
H0132,Dr. HCP_0132,Neurologist,B,West-1,West,62,2432,6.2,10,4,11,53,18.73,5,2026-03-17,5.64,14,0,864,617,40.03,1,Emerging Growth,Nurture growth through targeted follow-ups,0.33624104947418854,5.64,0.518,0.8,0.716,0.582,0.649,0.827,0.213,62.3,15,0.93,High Priority,Prioritize targeted follow-ups to support continued growth
H0133,Dr. HCP_0133,General Physician,A,North-2,North,251,9731,25.1,10,5,28,110,19.36,5,2026-03-24,8.96,7,0,2826,3450,-18.09,2,Efficient High-Value,Prioritize selective engagement and expansion,-0.19944796540441256,8.96,0.988,0.29,0.32599999999999996,0.399,0.3625,0.946,0.638,65.07,36,0.5679012345679012,Medium Priority,Review for incremental engagement without excessive call frequency
H0134,Dr. HCP_0134,Oncologist,B,South-1,South,49,1906,4.9,9,5,24,102,19.83,5,2026-03-28,2.04,3,0,608,688,-11.63,1,Emerging Growth,Nurture growth through targeted follow-ups,-0.12342300330376155,2.04,0.416,0.342,0.38,0.212,0.296,0.266,0.638,37.09,154,0.21,Low Priority,Monitor growth before increasing field engagement
H0135,Dr. HCP_0135,Pulmonologist,C,North-1,North,120,4850,12.0,10,5,52,220,19.15,5,2026-03-19,2.31,12,0,1419,1404,1.07,0,Established High-Value,Maintain engagement and protect existing value,0.010619568827460846,2.31,0.806,0.518,0.08399999999999996,0.532,0.308,0.292,0.638,53.0,72,0.558282208588957,Medium Priority,Continue the current engagement cadence
H0136,Dr. HCP_0136,Endocrinologist,B,East-2,East,20,836,2.0,8,5,8,19,26.13,4,2026-01-25,2.5,65,0,186,188,-1.06,1,Emerging Growth,Nurture growth through targeted follow-ups,-0.010638398205055744,2.5,0.172,0.452,0.787,0.849,0.8180000000000001,0.31,0.638,45.68,99,0.485,Low Priority,Monitor growth before increasing field engagement
H0137,Dr. HCP_0137,Pulmonologist,B,East-2,East,40,1446,4.0,10,5,13,51,18.38,4,2026-03-08,3.08,23,0,518,523,-0.96,1,Emerging Growth,Nurture growth through targeted follow-ups,-0.009587801155153564,3.08,0.312,0.456,0.655,0.698,0.6765,0.368,0.638,47.29,90,0.54,Medium Priority,Nurture through planned follow-ups and monitor momentum
H0138,Dr. HCP_0138,Oncologist,C,East-1,East,7,266,0.7,5,2,0,0,0.0,0,,,304,1,33,167,-80.24,3,Uncovered HCPs,Evaluate active prescribers before initiating outreach,-1.5976034547870972,3.45,0.088,0.026,0.943,0.945,0.944,0.501,0.092,35.19,29,0.23214285714285715,Low Priority,Deprioritize until meaningful prescription activity appears
H0139,Dr. HCP_0139,Oncologist,B,North-2,North,98,4246,9.8,10,5,34,147,19.38,5,2026-03-16,2.88,15,0,1045,1612,-35.17,0,Established High-Value,Maintain engagement and protect existing value,-0.4331224335003405,2.88,0.76,0.138,0.243,0.597,0.42,0.348,0.638,47.66,104,0.3496932515337423,Low Priority,Avoid over-servicing and monitor for meaningful changes
H0140,Dr. HCP_0140,Cardiologist,C,Central-1,Central,81,3091,8.1,10,5,63,275,18.14,5,2026-03-30,1.29,1,0,1010,756,33.6,0,Established High-Value,Maintain engagement and protect existing value,0.2893319655830231,1.29,0.634,0.764,0.03600000000000003,0.092,0.06400000000000002,0.098,0.638,43.75,127,0.2085889570552147,Low Priority,Avoid over-servicing and monitor for meaningful changes
H0141,Dr. HCP_0141,General Physician,C,South-2,South,77,2840,7.7,10,5,61,269,18.48,5,2026-03-29,1.26,2,0,880,786,11.96,0,Established High-Value,Maintain engagement and protect existing value,0.11282937751877675,1.26,0.598,0.624,0.04200000000000004,0.158,0.10000000000000002,0.089,0.638,40.64,136,0.15337423312883436,Low Priority,Avoid over-servicing and monitor for meaningful changes
H0142,Dr. HCP_0142,Cardiologist,B,North-1,North,109,4337,10.9,10,5,32,134,19.72,5,2026-03-24,3.41,7,0,1243,1256,-1.04,0,Established High-Value,Maintain engagement and protect existing value,-0.010395935291122704,3.41,0.768,0.454,0.269,0.399,0.334,0.434,0.638,53.36,69,0.5766871165644172,Medium Priority,Continue the current engagement cadence
H0143,Dr. HCP_0143,Cardiologist,B,South-2,South,242,9862,24.2,10,5,58,245,18.43,5,2026-03-27,4.17,4,0,3372,2833,19.03,0,Established High-Value,Maintain engagement and protect existing value,0.17411341481102394,4.17,0.994,0.664,0.051000000000000045,0.262,0.15650000000000003,0.698,0.638,63.86,18,0.8957055214723927,High Priority,Protect existing value and maintain consistent engagement
H0144,Dr. HCP_0144,Endocrinologist,B,South-2,South,246,9238,24.6,10,5,72,302,20.76,5,2026-03-27,3.42,4,0,3033,2796,8.48,0,Established High-Value,Maintain engagement and protect existing value,0.08133446670651878,3.42,0.984,0.582,0.017000000000000015,0.262,0.1395,0.438,0.638,57.6,48,0.7116564417177914,Medium Priority,Continue the current engagement cadence
H0145,Dr. HCP_0145,Neurologist,B,North-2,North,175,6960,17.5,10,5,33,117,18.15,5,2026-03-23,5.3,8,0,2115,2200,-3.86,0,Established High-Value,Maintain engagement and protect existing value,-0.039384288548271584,5.3,0.934,0.43,0.255,0.431,0.34299999999999997,0.808,0.638,63.7,20,0.8834355828220859,High Priority,Protect existing value and maintain consistent engagement
H0146,Dr. HCP_0146,General Physician,A,West-2,West,53,2334,5.3,10,4,8,30,21.88,3,2026-03-07,6.63,24,0,819,743,10.23,2,Efficient High-Value,Prioritize selective engagement and expansion,0.09726330542520678,6.63,0.496,0.61,0.787,0.716,0.7515000000000001,0.863,0.213,60.94,51,0.3765432098765432,Low Priority,Maintain efficient coverage and monitor prescription behaviour
H0147,Dr. HCP_0147,Endocrinologist,B,East-2,East,50,1875,5.0,10,4,11,46,23.18,4,2026-03-15,4.55,16,0,567,399,42.11,1,Emerging Growth,Nurture growth through targeted follow-ups,0.35065687161316994,4.55,0.406,0.81,0.716,0.61,0.663,0.733,0.213,58.08,26,0.87,High Priority,Prioritize targeted follow-ups to support continued growth
H0148,Dr. HCP_0148,Pulmonologist,B,South-1,South,140,5264,14.0,10,5,33,132,21.97,5,2026-03-18,4.24,13,0,1268,1785,-28.96,0,Established High-Value,Maintain engagement and protect existing value,-0.34174929372205654,4.24,0.85,0.184,0.255,0.561,0.40800000000000003,0.709,0.638,56.4,58,0.6503067484662577,Medium Priority,Continue the current engagement cadence
H0149,Dr. HCP_0149,Cardiologist,A,Central-2,Central,20,812,2.0,8,3,3,13,20.33,3,2026-01-26,6.67,64,0,241,294,-18.03,2,Efficient High-Value,Prioritize selective engagement and expansion,-0.19803763018313347,6.67,0.164,0.292,0.87,0.842,0.856,0.869,0.13,46.5,77,0.037037037037037035,Low Priority,Maintain efficient coverage and monitor prescription behaviour
H0150,Dr. HCP_0150,General Physician,B,Central-2,Central,40,1664,4.0,10,4,7,18,21.0,4,2026-03-26,5.71,5,0,419,602,-30.4,1,Emerging Growth,Nurture growth through targeted follow-ups,-0.36166248544977186,5.71,0.365,0.17,0.815,0.311,0.563,0.831,0.213,43.02,121,0.375,Low Priority,Monitor growth before increasing field engagement
H0151,Dr. HCP_0151,General Physician,C,West-1,West,28,1132,2.8,10,4,14,46,20.43,5,2026-03-19,2.0,12,0,429,327,31.19,1,Emerging Growth,Nurture growth through targeted follow-ups,0.2707716003034637,2.0,0.242,0.742,0.615,0.532,0.5735,0.26,0.213,42.47,125,0.355,Low Priority,Monitor growth before increasing field engagement
H0152,Dr. HCP_0152,Neurologist,B,North-2,North,117,5108,11.7,10,5,36,124,20.36,5,2026-03-27,3.25,4,0,1538,1454,5.78,0,Established High-Value,Maintain engagement and protect existing value,0.056126954233286064,3.25,0.832,0.558,0.22499999999999998,0.262,0.2435,0.403,0.638,54.63,64,0.6073619631901841,Medium Priority,Continue the current engagement cadence
H0153,Dr. HCP_0153,General Physician,A,North-2,North,130,4822,13.0,10,5,17,46,20.06,5,2026-03-24,7.65,7,0,1507,1165,29.36,2,Efficient High-Value,Prioritize selective engagement and expansion,0.2572051816574641,7.65,0.802,0.732,0.522,0.399,0.4605,0.9,0.638,70.09,19,0.7777777777777778,Medium Priority,Review for incremental engagement without excessive call frequency
H0154,Dr. HCP_0154,Cardiologist,B,Central-2,Central,49,2095,4.9,10,5,15,62,20.13,5,2026-03-30,3.27,1,0,556,589,-5.6,1,Emerging Growth,Nurture growth through targeted follow-ups,-0.057557296972480465,3.27,0.454,0.42,0.577,0.092,0.33449999999999996,0.409,0.638,42.9,122,0.37,Low Priority,Monitor growth before increasing field engagement
H0155,Dr. HCP_0155,Neurologist,C,East-2,East,25,1055,2.5,10,5,18,83,21.89,5,2026-03-31,1.39,0,0,289,310,-6.77,1,Emerging Growth,Nurture growth through targeted follow-ups,-0.06991198919871433,1.39,0.224,0.404,0.492,0.029,0.2605,0.123,0.638,29.54,176,0.1,Low Priority,Monitor growth before increasing field engagement
H0156,Dr. HCP_0156,Cardiologist,B,East-2,East,58,2471,5.8,10,5,15,54,19.13,5,2026-03-03,3.87,28,0,624,1028,-39.3,1,Emerging Growth,Nurture growth through targeted follow-ups,-0.49859108609764835,3.87,0.53,0.108,0.577,0.754,0.6655,0.638,0.638,50.65,65,0.6725,Medium Priority,Nurture through planned follow-ups and monitor momentum
H0157,Dr. HCP_0157,Oncologist,B,North-1,North,73,3063,7.3,10,5,23,100,18.39,5,2026-03-18,3.17,13,0,829,851,-2.59,1,Emerging Growth,Nurture growth through targeted follow-ups,-0.02616082603867209,3.17,0.632,0.44,0.396,0.561,0.47850000000000004,0.387,0.638,51.91,56,0.72,Medium Priority,Nurture through planned follow-ups and monitor momentum
H0158,Dr. HCP_0158,Oncologist,C,North-2,North,106,4285,10.6,10,5,63,213,21.86,5,2026-03-30,1.68,1,0,1308,1353,-3.33,0,Established High-Value,Maintain engagement and protect existing value,-0.0337996875623201,1.68,0.764,0.436,0.03600000000000003,0.092,0.06400000000000002,0.19,0.638,42.47,132,0.17791411042944785,Low Priority,Avoid over-servicing and monitor for meaningful changes
H0159,Dr. HCP_0159,General Physician,B,West-2,West,32,1259,3.2,9,5,13,40,24.62,5,2026-03-04,2.46,27,0,293,181,61.88,1,Emerging Growth,Nurture growth through targeted follow-ups,0.4795730802618863,2.46,0.266,0.872,0.655,0.746,0.7005,0.3,0.638,53.81,45,0.775,Medium Priority,Nurture through planned follow-ups and monitor momentum
H0160,Dr. HCP_0160,Endocrinologist,C,West-1,West,30,1128,3.0,10,5,29,128,21.97,5,2026-03-23,1.03,8,0,281,454,-38.11,1,Emerging Growth,Nurture growth through targeted follow-ups,-0.4783903480128364,1.03,0.24,0.112,0.31299999999999994,0.431,0.372,0.034,0.638,25.63,190,0.03,Low Priority,Monitor growth before increasing field engagement
H0161,Dr. HCP_0161,Neurologist,B,Central-2,Central,40,1546,4.0,10,5,14,67,22.14,5,2026-03-22,2.86,9,0,542,401,35.16,1,Emerging Growth,Nurture growth through targeted follow-ups,0.30065723131491406,2.86,0.338,0.774,0.615,0.454,0.5345,0.346,0.638,50.55,68,0.655,Medium Priority,Nurture through planned follow-ups and monitor momentum
H0162,Dr. HCP_0162,Oncologist,B,West-2,West,48,1716,4.8,10,5,13,37,22.23,5,2026-03-06,3.69,25,0,584,454,28.63,1,Emerging Growth,Nurture growth through targeted follow-ups,0.25131442828090655,3.69,0.374,0.726,0.655,0.727,0.6910000000000001,0.597,0.638,58.35,25,0.875,High Priority,Prioritize targeted follow-ups to support continued growth
H0163,Dr. HCP_0163,Endocrinologist,B,East-2,East,51,2242,5.1,10,5,10,49,18.8,5,2026-03-10,5.1,21,0,670,530,26.42,1,Emerging Growth,Nurture growth through targeted follow-ups,0.2340071157297432,5.1,0.486,0.706,0.74,0.672,0.706,0.786,0.638,64.52,9,0.96,High Priority,Prioritize targeted follow-ups to support continued growth
H0164,Dr. HCP_0164,Oncologist,B,East-1,East,4,168,0.4,4,1,0,0,0.0,0,,,304,1,39,76,-48.68,3,Uncovered HCPs,Evaluate active prescribers before initiating outreach,-0.6549259677397479,3.45,0.07,0.074,0.943,0.945,0.944,0.501,0.054,35.24,28,0.25,Low Priority,Deprioritize until meaningful prescription activity appears
H0165,Dr. HCP_0165,Neurologist,A,West-2,West,34,1297,3.4,10,4,2,8,30.0,2,2025-08-05,17.0,238,0,485,202,140.1,2,Efficient High-Value,Prioritize selective engagement and expansion,0.8730026448587065,17.0,0.279,0.962,0.881,0.886,0.8835,0.998,0.213,66.8,32,0.6172839506172839,Medium Priority,Review for incremental engagement without excessive call frequency
H0166,Dr. HCP_0166,Cardiologist,C,East-2,East,24,998,2.4,7,5,14,55,19.93,5,2026-03-31,1.71,0,0,256,156,64.1,1,Emerging Growth,Nurture growth through targeted follow-ups,0.4928302795469124,1.71,0.208,0.882,0.615,0.029,0.322,0.201,0.638,41.32,132,0.32,Low Priority,Monitor growth before increasing field engagement
H0167,Dr. HCP_0167,Endocrinologist,B,East-2,East,23,1073,2.3,8,4,9,29,22.67,4,2026-03-25,2.56,6,0,140,301,-53.49,1,Emerging Growth,Nurture growth through targeted follow-ups,-0.7616671269967012,2.56,0.23,0.062,0.762,0.356,0.5589999999999999,0.314,0.213,28.96,180,0.08,Low Priority,Monitor growth before increasing field engagement
H0168,Dr. HCP_0168,Pulmonologist,A,South-2,South,140,5574,14.0,10,5,21,75,22.71,5,2026-03-27,6.67,4,0,1632,1789,-8.78,2,Efficient High-Value,Prioritize selective engagement and expansion,-0.0917968058643357,6.67,0.872,0.388,0.43400000000000005,0.262,0.34800000000000003,0.869,0.638,62.04,46,0.4444444444444444,Low Priority,Maintain efficient coverage and monitor prescription behaviour
H0169,Dr. HCP_0169,Pulmonologist,A,East-2,East,73,3193,7.3,10,4,8,41,21.75,4,2026-03-27,9.13,4,0,1435,780,83.97,2,Efficient High-Value,Prioritize selective engagement and expansion,0.6090415997684833,9.13,0.652,0.914,0.787,0.262,0.5245,0.952,0.213,67.36,30,0.6419753086419753,Medium Priority,Review for incremental engagement without excessive call frequency
H0170,Dr. HCP_0170,Cardiologist,B,Central-1,Central,106,4141,10.6,10,5,29,126,21.21,5,2026-03-11,3.66,20,0,1128,1366,-17.42,0,Established High-Value,Maintain engagement and protect existing value,-0.19128627257428743,3.66,0.756,0.294,0.31299999999999994,0.661,0.487,0.593,0.638,56.01,61,0.6257668711656442,Medium Priority,Continue the current engagement cadence
H0171,Dr. HCP_0171,Endocrinologist,B,North-2,North,142,5649,14.2,10,5,37,158,21.76,5,2026-03-31,3.84,0,0,1736,1652,5.08,0,Established High-Value,Maintain engagement and protect existing value,0.04956766842008076,3.84,0.882,0.552,0.21599999999999997,0.029,0.12249999999999998,0.63,0.638,56.39,59,0.6411042944785276,Medium Priority,Continue the current engagement cadence
H0172,Dr. HCP_0172,Neurologist,A,West-2,West,48,2011,4.8,10,3,3,11,17.33,2,2025-12-25,16.0,96,0,621,529,17.39,2,Efficient High-Value,Prioritize selective engagement and expansion,0.1600630861930119,16.0,0.432,0.658,0.87,0.87,0.87,0.996,0.13,64.11,40,0.5185185185185185,Medium Priority,Review for incremental engagement without excessive call frequency
H0173,Dr. HCP_0173,General Physician,B,West-2,West,72,2912,7.2,10,5,19,87,17.37,5,2026-03-28,3.79,3,0,1218,639,90.61,1,Emerging Growth,Nurture growth through targeted follow-ups,0.6443179531275538,3.79,0.608,0.922,0.46499999999999997,0.212,0.33849999999999997,0.618,0.638,60.79,21,0.895,High Priority,Prioritize targeted follow-ups to support continued growth
H0174,Dr. HCP_0174,Cardiologist,B,West-2,West,52,2213,5.2,10,5,16,66,21.06,5,2026-03-25,3.25,6,0,738,607,21.58,1,Emerging Growth,Nurture growth through targeted follow-ups,0.1951230389820342,3.25,0.484,0.68,0.5489999999999999,0.356,0.45249999999999996,0.403,0.638,51.86,57,0.715,Medium Priority,Nurture through planned follow-ups and monitor momentum
H0175,Dr. HCP_0175,Endocrinologist,B,East-1,East,4,152,0.4,4,2,0,0,0.0,0,,,304,1,26,72,-63.89,3,Uncovered HCPs,Evaluate active prescribers before initiating outreach,-0.9946225751440618,3.45,0.064,0.04,0.943,0.945,0.944,0.501,0.092,34.75,30,0.21428571428571427,Low Priority,Deprioritize until meaningful prescription activity appears
H0176,Dr. HCP_0176,Pulmonologist,A,South-2,South,218,7683,21.8,10,5,31,132,19.16,5,2026-03-29,7.03,2,0,2718,1819,49.42,2,Efficient High-Value,Prioritize selective engagement and expansion,0.4014276645616297,7.03,0.954,0.838,0.28300000000000003,0.158,0.22050000000000003,0.88,0.638,70.47,18,0.7901234567901234,Medium Priority,Review for incremental engagement without excessive call frequency
H0177,Dr. HCP_0177,Neurologist,B,West-2,West,52,2182,5.2,10,4,10,32,15.2,4,2026-03-07,5.2,24,0,789,581,35.8,1,Emerging Growth,Nurture growth through targeted follow-ups,0.3055624977296292,5.2,0.478,0.778,0.74,0.716,0.728,0.797,0.213,62.18,16,0.9225,High Priority,Prioritize targeted follow-ups to support continued growth
H0178,Dr. HCP_0178,General Physician,B,West-1,West,22,777,2.2,9,4,8,33,20.0,4,2026-03-21,2.75,10,0,154,174,-11.49,1,Emerging Growth,Nurture growth through targeted follow-ups,-0.12136085700426769,2.75,0.156,0.344,0.787,0.475,0.631,0.327,0.213,34.37,165,0.155,Low Priority,Monitor growth before increasing field engagement
H0179,Dr. HCP_0179,General Physician,C,East-2,East,16,633,1.6,9,4,12,50,19.58,4,2026-02-10,1.33,49,0,165,216,-23.61,1,Emerging Growth,Nurture growth through targeted follow-ups,-0.26790956518391607,1.33,0.132,0.238,0.69,0.821,0.7555,0.108,0.213,31.36,172,0.12,Low Priority,Monitor growth before increasing field engagement
H0180,Dr. HCP_0180,Pulmonologist,A,East-1,East,2,75,0.2,2,1,0,0,0.0,0,,,304,1,26,0,,3,Uncovered HCPs,Evaluate active prescribers before initiating outreach,3.295836866004329,3.45,0.05,0.994,0.943,0.945,0.944,0.501,0.054,53.04,8,0.875,High Priority,Validate prescribing potential and consider initiating outreach
H0181,Dr. HCP_0181,Cardiologist,B,South-2,South,218,8432,21.8,10,5,40,147,21.73,5,2026-03-13,5.45,18,0,2231,2725,-18.13,0,Established High-Value,Maintain engagement and protect existing value,-0.19993728875527594,5.45,0.972,0.288,0.17700000000000005,0.637,0.40700000000000003,0.818,0.638,63.74,19,0.8895705521472392,High Priority,Protect existing value and maintain consistent engagement
H0182,Dr. HCP_0182,Cardiologist,A,East-2,East,63,2455,6.3,10,5,7,34,17.57,3,2026-03-31,9.0,0,0,826,563,46.71,2,Efficient High-Value,Prioritize selective engagement and expansion,0.3827504435256319,9.0,0.528,0.83,0.815,0.029,0.422,0.948,0.638,63.59,43,0.48148148148148145,Low Priority,Maintain efficient coverage and monitor prescription behaviour
H0183,Dr. HCP_0183,Endocrinologist,C,South-2,South,89,3395,8.9,10,5,72,298,18.44,5,2026-03-31,1.24,0,0,818,1300,-37.08,0,Established High-Value,Maintain engagement and protect existing value,-0.4628043946594351,1.24,0.682,0.128,0.017000000000000015,0.029,0.023000000000000007,0.084,0.638,31.24,156,0.024539877300613498,Low Priority,Avoid over-servicing and monitor for meaningful changes
H0184,Dr. HCP_0184,General Physician,C,East-1,East,4,209,0.4,3,1,0,0,0.0,0,,,304,1,0,48,-100.0,3,Uncovered HCPs,Evaluate active prescribers before initiating outreach,-3.8918202981106265,3.45,0.078,0.012,0.943,0.945,0.944,0.501,0.054,34.24,32,0.17857142857142858,Low Priority,Deprioritize until meaningful prescription activity appears
H0185,Dr. HCP_0185,Endocrinologist,B,North-2,North,147,5915,14.7,10,5,38,152,22.84,5,2026-03-30,3.87,1,0,1374,1977,-30.5,0,Established High-Value,Maintain engagement and protect existing value,-0.3636325020819857,3.87,0.898,0.168,0.20299999999999996,0.092,0.14749999999999996,0.638,0.638,49.94,92,0.4233128834355828,Low Priority,Avoid over-servicing and monitor for meaningful changes
H0186,Dr. HCP_0186,Pulmonologist,B,South-2,South,160,6613,16.0,10,5,33,110,20.15,5,2026-03-21,4.85,10,0,1999,2210,-9.55,0,Established High-Value,Maintain engagement and protect existing value,-0.10029772131536419,4.85,0.928,0.374,0.255,0.475,0.365,0.77,0.638,62.37,27,0.8404907975460123,High Priority,Protect existing value and maintain consistent engagement
H0187,Dr. HCP_0187,Cardiologist,C,East-1,East,9,429,0.9,7,2,0,0,0.0,0,,,304,1,114,57,100.0,3,Uncovered HCPs,Evaluate active prescribers before initiating outreach,0.6844891178168311,3.45,0.108,0.944,0.943,0.945,0.944,0.501,0.092,54.15,5,0.9285714285714286,High Priority,Validate prescribing potential and consider initiating outreach
H0188,Dr. HCP_0188,Cardiologist,B,East-1,East,0,0,0.0,0,0,0,0,0.0,0,,,304,1,0,0,,3,Uncovered HCPs,Evaluate active prescribers before initiating outreach,0.0,3.45,0.017,0.486,0.943,0.945,0.944,0.501,0.017,41.51,16,0.5982142857142857,Medium Priority,Review prescription activity before allocating field effort
H0189,Dr. HCP_0189,Pulmonologist,B,Central-1,Central,153,6162,15.3,10,5,34,133,20.06,5,2026-03-29,4.5,2,0,1497,2020,-25.89,0,Established High-Value,Maintain engagement and protect existing value,-0.29946155332645663,4.5,0.91,0.218,0.243,0.158,0.2005,0.729,0.638,53.99,66,0.5950920245398773,Medium Priority,Continue the current engagement cadence
H0190,Dr. HCP_0190,Cardiologist,B,West-2,West,78,2891,7.8,10,5,15,66,16.07,5,2026-02-27,5.2,32,0,1211,779,55.46,1,Emerging Growth,Nurture growth through targeted follow-ups,0.440733246945622,5.2,0.606,0.848,0.577,0.769,0.673,0.797,0.638,70.3,1,1.0,High Priority,Prioritize targeted follow-ups to support continued growth
H0191,Dr. HCP_0191,Pulmonologist,A,Central-2,Central,18,699,1.8,9,4,4,3,21.0,3,2026-02-01,4.5,58,0,273,189,44.44,1,Emerging Growth,Nurture growth through targeted follow-ups,0.3661040342275843,4.5,0.136,0.818,0.859,0.834,0.8465,0.729,0.213,54.67,40,0.8,High Priority,Prioritize targeted follow-ups to support continued growth
H0192,Dr. HCP_0192,Oncologist,C,West-2,West,16,586,1.6,7,5,13,56,23.92,5,2026-03-18,1.23,13,0,55,281,-80.43,1,Emerging Growth,Nurture growth through targeted follow-ups,-1.6165553802029642,1.23,0.124,0.024,0.655,0.561,0.6080000000000001,0.079,0.638,26.97,185,0.055,Low Priority,Monitor growth before increasing field engagement
H0193,Dr. HCP_0193,Cardiologist,C,South-1,South,64,2719,6.4,10,5,39,130,20.08,5,2026-03-30,1.64,1,0,911,837,8.84,0,Established High-Value,Maintain engagement and protect existing value,0.08462188959224815,1.64,0.582,0.588,0.18999999999999995,0.092,0.14099999999999996,0.176,0.638,41.76,134,0.1656441717791411,Low Priority,Avoid over-servicing and monitor for meaningful changes
H0194,Dr. HCP_0194,Cardiologist,B,West-2,West,47,1871,4.7,10,5,15,49,19.13,5,2026-03-31,3.13,0,0,775,494,56.88,1,Emerging Growth,Nurture growth through targeted follow-ups,0.4495947576145287,3.13,0.402,0.856,0.577,0.029,0.303,0.377,0.638,48.79,79,0.595,Medium Priority,Nurture through planned follow-ups and monitor momentum
H0195,Dr. HCP_0195,Oncologist,B,West-1,West,30,1378,3.0,10,5,11,46,19.45,5,2026-03-28,2.73,3,0,533,434,22.81,1,Emerging Growth,Nurture growth through targeted follow-ups,0.20504980787151084,2.73,0.294,0.688,0.716,0.212,0.46399999999999997,0.324,0.638,45.42,101,0.475,Low Priority,Monitor growth before increasing field engagement
H0196,Dr. HCP_0196,General Physician,B,Central-2,Central,34,1297,3.4,10,5,13,58,22.77,5,2026-03-20,2.62,11,0,417,412,1.21,1,Emerging Growth,Nurture growth through targeted follow-ups,0.01203383956372317,2.62,0.279,0.522,0.655,0.5,0.5775,0.316,0.638,44.37,112,0.42,Low Priority,Monitor growth before increasing field engagement
H0197,Dr. HCP_0197,Endocrinologist,C,South-1,South,61,2393,6.1,10,5,37,130,22.32,5,2026-03-13,1.65,18,0,913,583,56.6,0,Established High-Value,Maintain engagement and protect existing value,0.44792958862592247,1.65,0.506,0.854,0.21599999999999997,0.637,0.4265,0.18,0.638,52.0,78,0.5214723926380368,Medium Priority,Continue the current engagement cadence
H0198,Dr. HCP_0198,Endocrinologist,C,North-2,North,123,5061,12.3,10,5,56,215,18.96,5,2026-03-16,2.2,15,0,1343,1350,-0.52,0,Established High-Value,Maintain engagement and protect existing value,-0.0051948168771041026,2.2,0.826,0.458,0.061000000000000054,0.597,0.329,0.285,0.638,52.82,74,0.5460122699386503,Medium Priority,Continue the current engagement cadence
H0199,Dr. HCP_0199,Oncologist,C,Central-1,Central,68,2838,6.8,10,5,35,131,22.14,5,2026-03-30,1.94,1,0,809,892,-9.3,0,Established High-Value,Maintain engagement and protect existing value,-0.09755233321001455,1.94,0.596,0.38,0.23399999999999999,0.092,0.16299999999999998,0.247,0.638,39.64,140,0.12883435582822086,Low Priority,Avoid over-servicing and monitor for meaningful changes
H0200,Dr. HCP_0200,Oncologist,C,Central-1,Central,75,2807,7.5,10,5,49,167,19.37,5,2026-03-28,1.53,3,0,821,931,-11.82,0,Established High-Value,Maintain engagement and protect existing value,-0.12559241962941137,1.53,0.59,0.34,0.10099999999999998,0.212,0.15649999999999997,0.149,0.638,37.03,147,0.08588957055214724,Low Priority,Avoid over-servicing and monitor for meaningful changes
H0201,Dr. HCP_0201,Pulmonologist,B,West-2,West,49,2014,4.9,9,5,16,53,22.0,5,2026-03-22,3.06,9,0,566,596,-5.03,1,Emerging Growth,Nurture growth through targeted follow-ups,-0.051557809664850573,3.06,0.436,0.426,0.5489999999999999,0.454,0.5015,0.366,0.638,46.01,98,0.4925,Low Priority,Monitor growth before increasing field engagement
H0202,Dr. HCP_0202,Neurologist,A,East-1,East,5,279,0.5,3,1,0,0,0.0,0,,,304,1,0,58,-100.0,3,Uncovered HCPs,Evaluate active prescribers before initiating outreach,-4.07753744390572,3.45,0.09,0.006,0.943,0.945,0.944,0.501,0.054,34.48,31,0.19642857142857142,Low Priority,Deprioritize until meaningful prescription activity appears
H0203,Dr. HCP_0203,General Physician,A,Central-2,Central,48,2063,4.8,10,4,5,21,23.8,3,2026-03-12,9.6,19,0,487,822,-40.75,2,Efficient High-Value,Prioritize selective engagement and expansion,-0.5226407948239222,9.6,0.444,0.102,0.846,0.651,0.7484999999999999,0.96,0.213,50.6,70,0.12345679012345678,Low Priority,Maintain efficient coverage and monitor prescription behaviour
H0204,Dr. HCP_0204,General Physician,C,South-2,South,127,4964,12.7,10,5,75,287,18.05,5,2026-03-26,1.69,5,0,1729,1588,8.88,0,Established High-Value,Maintain engagement and protect existing value,0.08501652095510792,1.69,0.816,0.594,0.01200000000000001,0.311,0.1615,0.195,0.638,49.7,94,0.4110429447852761,Low Priority,Avoid over-servicing and monitor for meaningful changes
H0205,Dr. HCP_0205,General Physician,B,East-1,East,2,61,0.2,2,1,0,0,0.0,0,,,304,1,0,31,-100.0,3,Uncovered HCPs,Evaluate active prescribers before initiating outreach,-3.4657359027997265,3.45,0.044,0.014,0.943,0.945,0.944,0.501,0.054,33.26,38,0.07142857142857142,Low Priority,Deprioritize until meaningful prescription activity appears
H0206,Dr. HCP_0206,Endocrinologist,A,South-1,South,117,4757,11.7,10,5,12,41,19.25,5,2026-03-24,9.75,7,0,1724,1556,10.8,2,Efficient High-Value,Prioritize selective engagement and expansion,0.10246615763146139,9.75,0.8,0.616,0.69,0.399,0.5445,0.964,0.638,70.77,14,0.8395061728395061,High Priority,Prioritize selective outreach and evaluate expansion opportunities
H0207,Dr. HCP_0207,Cardiologist,A,Central-1,Central,62,2170,6.2,10,5,9,46,22.33,4,2026-03-14,6.89,17,0,485,773,-37.26,2,Efficient High-Value,Prioritize selective engagement and expansion,-0.4653632496892337,6.89,0.474,0.122,0.762,0.622,0.692,0.876,0.638,53.48,68,0.14814814814814814,Low Priority,Maintain efficient coverage and monitor prescription behaviour
H0208,Dr. HCP_0208,Oncologist,B,North-1,North,132,5643,13.2,10,5,40,181,18.05,5,2026-03-31,3.3,0,0,1818,1315,38.25,0,Established High-Value,Maintain engagement and protect existing value,0.32369006663285926,3.3,0.88,0.794,0.17700000000000005,0.029,0.10300000000000002,0.415,0.638,57.46,50,0.6993865030674846,Medium Priority,Continue the current engagement cadence
H0209,Dr. HCP_0209,Oncologist,A,Central-2,Central,61,2622,6.1,10,5,9,35,20.67,5,2026-03-09,6.78,22,0,873,535,63.18,2,Efficient High-Value,Prioritize selective engagement and expansion,0.4889462145847334,6.78,0.564,0.876,0.762,0.682,0.722,0.872,0.638,71.95,9,0.9012345679012346,High Priority,Prioritize selective outreach and evaluate expansion opportunities
H0210,Dr. HCP_0210,Endocrinologist,A,North-1,North,79,3317,7.9,10,5,15,56,20.0,5,2026-03-21,5.27,10,0,514,1282,-59.91,1,Emerging Growth,Nurture growth through targeted follow-ups,-0.9127894639519001,5.27,0.672,0.042,0.577,0.475,0.526,0.806,0.638,52.62,51,0.745,Medium Priority,Nurture through planned follow-ups and monitor momentum
H0211,Dr. HCP_0211,General Physician,B,East-1,East,4,194,0.4,4,1,0,0,0.0,0,,,304,1,58,96,-39.58,3,Uncovered HCPs,Evaluate active prescribers before initiating outreach,-0.4971735345976631,3.45,0.076,0.11,0.943,0.945,0.944,0.501,0.054,36.14,25,0.30357142857142855,Low Priority,Deprioritize until meaningful prescription activity appears
H0212,Dr. HCP_0212,General Physician,B,North-2,North,195,7660,19.5,10,5,39,136,18.33,5,2026-03-28,5.0,3,0,2136,1954,9.31,0,Established High-Value,Maintain engagement and protect existing value,0.0890127828996814,5.0,0.952,0.6,0.18999999999999995,0.212,0.20099999999999996,0.778,0.638,63.64,21,0.8773006134969326,High Priority,Protect existing value and maintain consistent engagement
H0213,Dr. HCP_0213,General Physician,B,East-1,East,3,125,0.3,3,1,0,0,0.0,0,,,304,1,0,49,-100.0,3,Uncovered HCPs,Evaluate active prescribers before initiating outreach,-3.912023005428146,3.45,0.06,0.01,0.943,0.945,0.944,0.501,0.054,33.66,36,0.10714285714285714,Low Priority,Deprioritize until meaningful prescription activity appears
H0214,Dr. HCP_0214,Cardiologist,B,West-1,West,26,1034,2.6,10,5,13,48,20.38,5,2026-02-27,2.0,32,0,295,268,10.07,1,Emerging Growth,Nurture growth through targeted follow-ups,0.09564807472222103,2.0,0.218,0.606,0.655,0.769,0.712,0.26,0.638,46.74,93,0.5225,Medium Priority,Nurture through planned follow-ups and monitor momentum
H0215,Dr. HCP_0215,Pulmonologist,C,South-1,South,66,2987,6.6,10,5,40,150,18.45,5,2026-03-22,1.65,9,0,905,899,0.67,0,Established High-Value,Maintain engagement and protect existing value,0.006644542718668767,1.65,0.616,0.514,0.17700000000000005,0.454,0.3155,0.18,0.638,45.73,116,0.27607361963190186,Low Priority,Avoid over-servicing and monitor for meaningful changes
H0216,Dr. HCP_0216,Cardiologist,B,North-2,North,120,5223,12.0,10,5,43,211,19.88,5,2026-03-26,2.79,5,0,1849,1727,7.06,0,Established High-Value,Maintain engagement and protect existing value,0.06822096870836969,2.79,0.842,0.57,0.14300000000000002,0.311,0.227,0.336,0.638,53.76,67,0.588957055214724,Medium Priority,Continue the current engagement cadence
H0217,Dr. HCP_0217,Neurologist,B,East-1,East,0,0,0.0,0,0,0,0,0.0,0,,,304,1,0,0,,3,Uncovered HCPs,Evaluate active prescribers before initiating outreach,0.0,3.45,0.017,0.486,0.943,0.945,0.944,0.501,0.017,41.51,16,0.5982142857142857,Medium Priority,Review prescription activity before allocating field effort
H0218,Dr. HCP_0218,Cardiologist,C,West-2,West,27,1059,2.7,9,5,23,77,18.87,5,2026-03-29,1.17,2,0,261,365,-28.49,1,Emerging Growth,Nurture growth through targeted follow-ups,-0.3342888296402693,1.17,0.226,0.19,0.396,0.158,0.277,0.064,0.638,24.84,192,0.02,Low Priority,Monitor growth before increasing field engagement
H0219,Dr. HCP_0219,General Physician,B,East-1,East,6,193,0.6,5,2,0,0,0.0,0,,,304,1,119,44,170.45,3,Uncovered HCPs,Evaluate active prescribers before initiating outreach,0.9808292530117262,3.45,0.074,0.974,0.943,0.945,0.944,0.501,0.092,53.73,6,0.9107142857142857,High Priority,Validate prescribing potential and consider initiating outreach
H0220,Dr. HCP_0220,Neurologist,C,East-1,East,1,21,0.1,1,1,0,0,0.0,0,,,304,1,0,21,-100.0,3,Uncovered HCPs,Evaluate active prescribers before initiating outreach,-3.091042453358316,3.45,0.034,0.02,0.943,0.945,0.944,0.501,0.054,33.07,40,0.017857142857142856,Low Priority,Deprioritize until meaningful prescription activity appears
H0221,Dr. HCP_0221,Cardiologist,B,West-2,West,42,1715,4.2,10,5,11,40,14.73,4,2026-03-13,3.82,18,0,527,416,26.68,1,Emerging Growth,Nurture growth through targeted follow-ups,0.23601006190745988,3.82,0.372,0.71,0.716,0.637,0.6765,0.626,0.638,58.04,27,0.865,High Priority,Prioritize targeted follow-ups to support continued growth
H0222,Dr. HCP_0222,General Physician,B,West-1,West,50,2126,5.0,10,4,12,45,15.08,5,2026-02-21,4.17,38,0,594,737,-19.4,1,Emerging Growth,Nurture growth through targeted follow-ups,-0.21538241905484234,4.17,0.468,0.278,0.69,0.793,0.7415,0.698,0.213,50.74,64,0.68,Medium Priority,Nurture through planned follow-ups and monitor momentum
H0223,Dr. HCP_0223,Pulmonologist,A,Central-2,Central,64,2606,6.4,10,5,8,44,19.5,4,2026-02-25,8.0,34,0,891,786,13.36,2,Efficient High-Value,Prioritize selective engagement and expansion,0.1252378841626065,8.0,0.558,0.632,0.787,0.78,0.7835000000000001,0.915,0.638,69.07,21,0.7530864197530864,Medium Priority,Review for incremental engagement without excessive call frequency
H0224,Dr. HCP_0224,Endocrinologist,B,North-2,North,141,6027,14.1,10,5,31,92,19.45,5,2026-03-24,4.55,7,0,2138,1502,42.34,0,Established High-Value,Maintain engagement and protect existing value,0.3528753193294314,4.55,0.906,0.812,0.28300000000000003,0.399,0.341,0.733,0.638,69.32,5,0.9754601226993865,High Priority,Protect existing value and maintain consistent engagement
H0225,Dr. HCP_0225,Neurologist,B,East-1,East,7,250,0.7,4,3,0,0,0.0,0,,,304,1,25,186,-86.56,3,Uncovered HCPs,Evaluate active prescribers before initiating outreach,-1.9730120788331047,3.45,0.086,0.022,0.943,0.945,0.944,0.501,0.13,35.44,27,0.26785714285714285,Low Priority,Deprioritize until meaningful prescription activity appears
H0226,Dr. HCP_0226,Oncologist,B,South-1,South,90,3429,9.0,10,5,24,91,18.08,5,2026-03-15,3.75,16,0,1155,995,16.08,1,Emerging Growth,Nurture growth through targeted follow-ups,0.14897379164772495,3.75,0.688,0.646,0.38,0.61,0.495,0.611,0.638,61.48,19,0.905,High Priority,Prioritize targeted follow-ups to support continued growth
H0227,Dr. HCP_0227,Endocrinologist,C,East-1,East,8,381,0.8,6,2,0,0,0.0,0,,,304,1,84,187,-55.08,3,Uncovered HCPs,Evaluate active prescribers before initiating outreach,-0.7937907063396326,3.45,0.106,0.054,0.943,0.945,0.944,0.501,0.092,36.29,24,0.32142857142857145,Low Priority,Deprioritize until meaningful prescription activity appears
H0228,Dr. HCP_0228,Cardiologist,B,West-2,West,41,1575,4.1,10,4,8,27,16.88,4,2025-12-22,5.13,99,0,486,463,4.97,1,Emerging Growth,Nurture growth through targeted follow-ups,0.048379570856334375,5.13,0.342,0.55,0.787,0.872,0.8295,0.791,0.213,55.99,31,0.845,High Priority,Prioritize targeted follow-ups to support continued growth
H0229,Dr. HCP_0229,Oncologist,C,East-2,East,21,839,2.1,10,5,23,75,20.26,5,2026-03-31,0.91,0,0,479,193,148.19,1,Emerging Growth,Nurture growth through targeted follow-ups,0.9059279448386084,0.91,0.174,0.968,0.396,0.029,0.21250000000000002,0.012,0.638,36.45,158,0.19,Low Priority,Monitor growth before increasing field engagement
H0230,Dr. HCP_0230,General Physician,B,East-2,East,54,1990,5.4,10,5,11,35,17.27,5,2026-02-17,4.91,42,0,551,743,-25.84,1,Emerging Growth,Nurture growth through targeted follow-ups,-0.2984929885559966,4.91,0.426,0.22,0.716,0.803,0.7595000000000001,0.774,0.638,54.16,41,0.795,Medium Priority,Nurture through planned follow-ups and monitor momentum
H0231,Dr. HCP_0231,Pulmonologist,C,South-1,South,39,1728,3.9,10,5,42,156,18.21,5,2026-03-28,0.93,3,0,622,434,43.32,0,Established High-Value,Maintain engagement and protect existing value,0.3592004876987689,0.93,0.376,0.814,0.15300000000000002,0.212,0.1825,0.016,0.638,38.74,142,0.1165644171779141,Low Priority,Avoid over-servicing and monitor for meaningful changes
H0232,Dr. HCP_0232,Pulmonologist,B,West-2,West,39,1631,3.9,10,4,18,71,19.89,4,2026-03-17,2.17,14,0,570,546,4.4,1,Emerging Growth,Nurture growth through targeted follow-ups,0.042940407234029365,2.17,0.356,0.546,0.492,0.582,0.5369999999999999,0.28,0.213,41.36,131,0.325,Low Priority,Monitor growth before increasing field engagement
H0233,Dr. HCP_0233,Cardiologist,B,Central-1,Central,128,4642,12.8,10,5,27,114,19.81,5,2026-03-08,4.74,23,0,979,1937,-49.46,0,Established High-Value,Maintain engagement and protect existing value,-0.6818592207860945,4.74,0.788,0.068,0.33599999999999997,0.698,0.5169999999999999,0.75,0.638,55.56,62,0.6196319018404908,Medium Priority,Continue the current engagement cadence
H0234,Dr. HCP_0234,Pulmonologist,B,North-2,North,185,7167,18.5,10,5,40,148,21.38,5,2026-03-24,4.63,7,0,2091,2316,-9.72,0,Established High-Value,Maintain engagement and protect existing value,-0.1021526992475632,4.63,0.944,0.37,0.17700000000000005,0.399,0.28800000000000003,0.739,0.638,60.38,37,0.7791411042944786,Medium Priority,Continue the current engagement cadence
H0235,Dr. HCP_0235,Cardiologist,A,East-2,East,25,964,2.5,9,3,2,10,19.0,2,2025-11-25,12.5,126,0,240,289,-16.96,2,Efficient High-Value,Prioritize selective engagement and expansion,-0.18508398948986482,12.5,0.195,0.296,0.881,0.884,0.8825000000000001,0.99,0.13,49.98,71,0.1111111111111111,Low Priority,Maintain efficient coverage and monitor prescription behaviour
H0236,Dr. HCP_0236,Cardiologist,C,Central-1,Central,102,3932,10.2,10,5,58,226,20.6,5,2026-03-30,1.76,1,0,894,1922,-53.49,0,Established High-Value,Maintain engagement and protect existing value,-0.7648180273139245,1.76,0.736,0.06,0.051000000000000045,0.092,0.07150000000000002,0.218,0.638,34.72,153,0.04294478527607362,Low Priority,Avoid over-servicing and monitor for meaningful changes
H0237,Dr. HCP_0237,Cardiologist,B,West-1,West,67,2589,6.7,10,5,18,74,20.22,5,2026-03-02,3.72,29,0,696,998,-30.26,1,Emerging Growth,Nurture growth through targeted follow-ups,-0.3599693678880298,3.72,0.554,0.172,0.492,0.757,0.6245,0.605,0.638,51.13,61,0.695,Medium Priority,Nurture through planned follow-ups and monitor momentum
H0238,Dr. HCP_0238,Pulmonologist,A,Central-1,Central,53,2100,5.3,10,5,7,34,19.71,3,2026-03-05,7.57,26,0,564,634,-11.04,2,Efficient High-Value,Prioritize selective engagement and expansion,-0.11679926774625038,7.57,0.456,0.348,0.815,0.735,0.7749999999999999,0.894,0.638,59.8,53,0.3333333333333333,Low Priority,Maintain efficient coverage and monitor prescription behaviour
H0239,Dr. HCP_0239,Cardiologist,B,West-2,West,21,855,2.1,9,4,6,22,22.17,4,2026-02-20,3.5,39,0,252,222,13.51,1,Emerging Growth,Nurture growth through targeted follow-ups,0.1262177172674015,3.5,0.18,0.634,0.833,0.798,0.8155,0.563,0.213,49.04,76,0.61,Medium Priority,Nurture through planned follow-ups and monitor momentum
H0240,Dr. HCP_0240,Neurologist,A,East-1,East,5,120,0.5,4,1,0,0,0.0,0,,,304,1,22,74,-70.27,3,Uncovered HCPs,Evaluate active prescribers before initiating outreach,-1.1819938976071604,3.45,0.058,0.028,0.943,0.945,0.944,0.501,0.054,33.96,34,0.14285714285714285,Low Priority,Deprioritize until meaningful prescription activity appears
H0241,Dr. HCP_0241,Oncologist,C,East-1,East,1,22,0.1,1,1,0,0,0.0,0,,,304,1,0,22,-100.0,3,Uncovered HCPs,Evaluate active prescribers before initiating outreach,-3.1354942159291497,3.45,0.037,0.017,0.943,0.945,0.944,0.501,0.054,33.11,39,0.044642857142857144,Low Priority,Deprioritize until meaningful prescription activity appears
H0242,Dr. HCP_0242,Cardiologist,C,North-2,North,112,4668,11.2,10,5,63,254,20.68,5,2026-03-20,1.78,11,0,1249,1460,-14.45,0,Established High-Value,Maintain engagement and protect existing value,-0.15597758145435314,1.78,0.792,0.324,0.03600000000000003,0.5,0.268,0.226,0.638,46.71,109,0.31901840490797545,Low Priority,Avoid over-servicing and monitor for meaningful changes
H0243,Dr. HCP_0243,Pulmonologist,C,South-1,South,73,2742,7.3,10,5,42,171,21.19,5,2026-03-29,1.74,2,0,718,733,-2.05,0,Established High-Value,Maintain engagement and protect existing value,-0.020647670893468195,1.74,0.584,0.442,0.15300000000000002,0.158,0.15550000000000003,0.21,0.638,39.78,139,0.13496932515337423,Low Priority,Avoid over-servicing and monitor for meaningful changes
H0244,Dr. HCP_0244,Oncologist,B,Central-1,Central,89,3362,8.9,10,5,27,112,19.48,5,2026-03-29,3.3,2,0,1144,902,26.83,1,Emerging Growth,Nurture growth through targeted follow-ups,0.23743736257135506,3.3,0.676,0.714,0.33599999999999997,0.158,0.247,0.415,0.638,53.34,48,0.76,Medium Priority,Nurture through planned follow-ups and monitor momentum
H0245,Dr. HCP_0245,Cardiologist,A,South-2,South,287,11848,28.7,10,5,27,106,16.15,5,2026-03-26,10.63,5,0,3450,3824,-9.78,2,Efficient High-Value,Prioritize selective engagement and expansion,-0.10289442316263298,10.63,0.998,0.368,0.33599999999999997,0.311,0.3235,0.976,0.638,66.41,34,0.5925925925925926,Medium Priority,Review for incremental engagement without excessive call frequency
H0246,Dr. HCP_0246,General Physician,C,North-2,North,78,2982,7.8,10,5,47,201,21.96,5,2026-03-19,1.66,12,0,766,1196,-35.95,0,Established High-Value,Maintain engagement and protect existing value,-0.44508690419071684,1.66,0.614,0.132,0.10999999999999999,0.532,0.321,0.184,0.638,38.22,144,0.10429447852760736,Low Priority,Avoid over-servicing and monitor for meaningful changes
H0247,Dr. HCP_0247,General Physician,B,West-2,West,52,2012,5.2,10,5,13,61,19.62,5,2026-03-01,4.0,30,0,775,276,180.8,1,Emerging Growth,Nurture growth through targeted follow-ups,1.0301350139958805,4.0,0.434,0.978,0.655,0.761,0.708,0.665,0.638,66.63,5,0.98,High Priority,Prioritize targeted follow-ups to support continued growth
H0248,Dr. HCP_0248,General Physician,C,Central-1,Central,86,3470,8.6,10,5,40,180,21.0,5,2026-03-30,2.15,1,0,1112,1050,5.9,0,Established High-Value,Maintain engagement and protect existing value,0.057316980398593564,2.15,0.694,0.562,0.17700000000000005,0.092,0.1345,0.277,0.638,45.96,114,0.2883435582822086,Low Priority,Avoid over-servicing and monitor for meaningful changes
H0249,Dr. HCP_0249,Oncologist,C,West-1,West,27,989,2.7,9,5,16,68,19.31,4,2026-03-20,1.69,11,0,165,345,-52.17,1,Emerging Growth,Nurture growth through targeted follow-ups,-0.734450986701181,1.69,0.206,0.066,0.5489999999999999,0.5,0.5245,0.195,0.638,29.92,174,0.11,Low Priority,Monitor growth before increasing field engagement
H0250,Dr. HCP_0250,Oncologist,C,South-2,South,95,3784,9.5,10,5,77,319,20.71,5,2026-03-13,1.23,18,0,866,1335,-35.13,0,Established High-Value,Maintain engagement and protect existing value,-0.4323963773160493,1.23,0.722,0.14,0.010000000000000009,0.637,0.3235,0.079,0.638,40.11,138,0.1411042944785276,Low Priority,Avoid over-servicing and monitor for meaningful changes
H0251,Dr. HCP_0251,Endocrinologist,B,West-1,West,69,3004,6.9,10,5,17,51,19.0,5,2026-02-27,4.06,32,0,1004,688,45.93,1,Emerging Growth,Nurture growth through targeted follow-ups,0.37750154947951753,4.06,0.62,0.824,0.522,0.769,0.6455,0.674,0.638,67.71,2,0.995,High Priority,Prioritize targeted follow-ups to support continued growth
H0252,Dr. HCP_0252,Pulmonologist,B,North-2,North,105,3679,10.5,10,5,28,112,20.64,5,2026-03-28,3.75,3,0,1137,881,29.06,0,Established High-Value,Maintain engagement and protect existing value,0.2548355586794848,3.75,0.71,0.728,0.32599999999999996,0.212,0.26899999999999996,0.611,0.638,58.13,44,0.7361963190184049,Medium Priority,Continue the current engagement cadence
H0253,Dr. HCP_0253,Neurologist,C,East-2,East,19,743,1.9,10,4,18,76,20.5,5,2026-03-15,1.06,16,0,315,196,60.71,1,Emerging Growth,Nurture growth through targeted follow-ups,0.4725384848489238,1.06,0.146,0.866,0.492,0.61,0.5509999999999999,0.04,0.213,38.2,150,0.23,Low Priority,Monitor growth before increasing field engagement
H0254,Dr. HCP_0254,Pulmonologist,B,North-1,North,148,5954,14.8,10,5,41,184,19.46,5,2026-03-24,3.61,7,0,1835,1464,25.34,0,Established High-Value,Maintain engagement and protect existing value,0.2257340497292688,3.61,0.902,0.698,0.16400000000000003,0.399,0.28150000000000003,0.586,0.638,63.23,24,0.8588957055214724,High Priority,Protect existing value and maintain consistent engagement
H0255,Dr. HCP_0255,Neurologist,A,Central-2,Central,56,2278,5.6,10,5,7,35,23.29,4,2026-02-02,8.0,57,0,603,544,10.85,2,Efficient High-Value,Prioritize selective engagement and expansion,0.10278840327157113,8.0,0.49,0.618,0.815,0.831,0.823,0.915,0.638,67.74,29,0.654320987654321,Medium Priority,Review for incremental engagement without excessive call frequency
H0256,Dr. HCP_0256,Oncologist,B,South-1,South,86,3051,8.6,10,5,25,104,18.88,5,2026-03-19,3.44,12,0,926,712,30.06,1,Emerging Growth,Nurture growth through targeted follow-ups,0.26247214515155903,3.44,0.628,0.738,0.364,0.532,0.448,0.442,0.638,57.81,29,0.855,High Priority,Prioritize targeted follow-ups to support continued growth
H0257,Dr. HCP_0257,Pulmonologist,C,East-2,East,23,972,2.3,9,5,19,91,22.21,5,2026-02-15,1.21,44,0,389,105,270.48,1,Emerging Growth,Nurture growth through targeted follow-ups,1.3027076450116253,1.21,0.2,0.984,0.46499999999999997,0.81,0.6375,0.071,0.638,49.06,75,0.6175,Medium Priority,Nurture through planned follow-ups and monitor momentum
H0258,Dr. HCP_0258,Pulmonologist,B,West-2,West,52,2244,5.2,10,4,15,63,21.0,4,2026-03-31,3.47,0,0,513,704,-27.13,1,Emerging Growth,Nurture growth through targeted follow-ups,-0.31597453735710346,3.47,0.488,0.208,0.577,0.029,0.303,0.56,0.213,36.9,156,0.2,Low Priority,Monitor growth before increasing field engagement
H0259,Dr. HCP_0259,Neurologist,B,South-2,South,155,6163,15.5,10,5,36,132,20.67,5,2026-03-25,4.31,6,0,1909,2016,-5.31,0,Established High-Value,Maintain engagement and protect existing value,-0.054508016913535684,4.31,0.912,0.424,0.22499999999999998,0.356,0.2905,0.719,0.638,60.27,39,0.7668711656441718,Medium Priority,Continue the current engagement cadence
H0260,Dr. HCP_0260,Oncologist,A,South-2,South,132,5135,13.2,10,5,23,82,19.09,5,2026-03-25,5.74,6,0,1233,2113,-41.65,2,Efficient High-Value,Prioritize selective engagement and expansion,-0.5383209619648497,5.74,0.834,0.096,0.396,0.356,0.376,0.836,0.638,55.26,63,0.20987654320987653,Low Priority,Maintain efficient coverage and monitor prescription behaviour
H0261,Dr. HCP_0261,General Physician,B,East-2,East,32,1258,3.2,10,5,12,47,20.08,5,2026-03-13,2.67,18,0,498,274,81.75,1,Emerging Growth,Nurture growth through targeted follow-ups,0.5958349980849471,2.67,0.264,0.908,0.69,0.637,0.6635,0.32,0.638,53.85,44,0.78,Medium Priority,Nurture through planned follow-ups and monitor momentum
H0262,Dr. HCP_0262,Oncologist,C,West-1,West,34,1407,3.4,9,4,22,111,20.86,5,2026-03-27,1.55,4,0,363,430,-15.58,1,Emerging Growth,Nurture growth through targeted follow-ups,-0.16895422246700686,1.55,0.305,0.316,0.41400000000000003,0.262,0.338,0.153,0.213,28.34,182,0.07,Low Priority,Monitor growth before increasing field engagement
H0263,Dr. HCP_0263,Cardiologist,A,West-2,West,35,1349,3.5,10,4,2,12,15.0,2,2026-01-30,17.5,60,0,445,433,2.77,2,Efficient High-Value,Prioritize selective engagement and expansion,0.027274417919659122,17.5,0.284,0.54,0.881,0.837,0.859,1.0,0.213,57.92,59,0.25925925925925924,Low Priority,Maintain efficient coverage and monitor prescription behaviour
H0264,Dr. HCP_0264,Neurologist,B,Central-1,Central,104,4405,10.4,10,5,26,107,22.27,5,2026-03-30,4.0,1,0,1519,1112,36.6,0,Established High-Value,Maintain engagement and protect existing value,0.3116512625647774,4.0,0.776,0.784,0.349,0.092,0.22049999999999997,0.665,0.638,60.83,34,0.7975460122699386,Medium Priority,Continue the current engagement cadence
H0265,Dr. HCP_0265,Oncologist,C,North-2,North,86,3100,8.6,10,5,45,155,20.24,5,2026-03-27,1.91,4,0,1009,996,1.31,0,Established High-Value,Maintain engagement and protect existing value,0.012954839873466462,1.91,0.636,0.524,0.124,0.262,0.193,0.243,0.638,44.41,123,0.2331288343558282,Low Priority,Avoid over-servicing and monitor for meaningful changes
H0266,Dr. HCP_0266,Oncologist,C,Central-1,Central,75,3059,7.5,10,5,54,220,19.69,5,2026-03-29,1.39,2,0,1041,874,19.11,0,Established High-Value,Maintain engagement and protect existing value,0.17467333595569823,1.39,0.63,0.666,0.07199999999999995,0.158,0.11499999999999998,0.123,0.638,43.32,129,0.19631901840490798,Low Priority,Avoid over-servicing and monitor for meaningful changes
H0267,Dr. HCP_0267,Oncologist,B,South-1,South,111,4902,11.1,10,5,30,109,21.43,5,2026-03-08,3.7,23,0,1653,1120,47.59,0,Established High-Value,Maintain engagement and protect existing value,0.3889754525114766,3.7,0.812,0.832,0.29700000000000004,0.698,0.4975,0.6,0.638,68.82,6,0.9693251533742331,High Priority,Protect existing value and maintain consistent engagement
H0268,Dr. HCP_0268,Oncologist,C,North-2,North,117,5056,11.7,10,5,66,280,19.74,5,2026-03-30,1.77,1,0,1425,1309,8.86,0,Established High-Value,Maintain engagement and protect existing value,0.08484618477904426,1.77,0.824,0.592,0.027000000000000024,0.092,0.05950000000000001,0.223,0.638,47.77,103,0.3558282208588957,Low Priority,Avoid over-servicing and monitor for meaningful changes
H0269,Dr. HCP_0269,Neurologist,B,East-2,East,37,1462,3.7,9,4,15,65,20.13,5,2026-03-11,2.47,20,0,437,476,-8.19,1,Emerging Growth,Nurture growth through targeted follow-ups,-0.08529758051189518,2.47,0.316,0.394,0.577,0.661,0.619,0.303,0.213,39.51,143,0.265,Low Priority,Monitor growth before increasing field engagement
H0270,Dr. HCP_0270,Pulmonologist,B,North-2,North,151,5892,15.1,10,5,43,180,18.33,5,2026-03-19,3.51,12,0,1843,1720,7.15,0,Established High-Value,Maintain engagement and protect existing value,0.06903160790499996,3.51,0.894,0.572,0.14300000000000002,0.532,0.3375,0.568,0.638,61.6,30,0.8220858895705522,High Priority,Protect existing value and maintain consistent engagement
H0271,Dr. HCP_0271,General Physician,C,East-2,East,27,1231,2.7,10,3,17,91,18.35,5,2026-03-14,1.59,17,0,557,305,82.62,1,Emerging Growth,Nurture growth through targeted follow-ups,0.6007738604289301,1.59,0.26,0.91,0.522,0.622,0.5720000000000001,0.162,0.13,44.03,114,0.41,Low Priority,Monitor growth before increasing field engagement
H0272,Dr. HCP_0272,Cardiologist,C,Central-1,Central,44,1839,4.4,10,5,47,182,21.38,5,2026-03-29,0.94,2,0,452,293,54.27,0,Established High-Value,Maintain engagement and protect existing value,0.43231235814435287,0.94,0.39,0.846,0.10999999999999999,0.158,0.134,0.022,0.638,38.68,143,0.11042944785276074,Low Priority,Avoid over-servicing and monitor for meaningful changes
H0273,Dr. HCP_0273,General Physician,C,South-2,South,158,6276,15.8,10,5,84,387,20.02,5,2026-03-24,1.88,7,0,1905,1445,31.83,0,Established High-Value,Maintain engagement and protect existing value,0.276205681495437,1.88,0.918,0.746,0.0020000000000000018,0.399,0.2005,0.24,0.638,57.45,51,0.6932515337423313,Medium Priority,Continue the current engagement cadence
H0274,Dr. HCP_0274,General Physician,C,South-2,South,134,5317,13.4,10,5,72,314,19.9,5,2026-03-30,1.86,1,0,1790,1352,32.4,0,Established High-Value,Maintain engagement and protect existing value,0.28044977388992365,1.86,0.856,0.756,0.017000000000000015,0.092,0.05450000000000001,0.237,0.638,52.1,77,0.5276073619631901,Medium Priority,Continue the current engagement cadence
H0275,Dr. HCP_0275,Cardiologist,B,West-1,West,78,3315,7.8,10,5,21,75,24.81,5,2026-03-26,3.71,5,0,726,1255,-42.15,1,Emerging Growth,Nurture growth through targeted follow-ups,-0.5467608694946247,3.71,0.67,0.09,0.43400000000000005,0.311,0.37250000000000005,0.602,0.638,46.62,95,0.51,Medium Priority,Nurture through planned follow-ups and monitor momentum
H0276,Dr. HCP_0276,Endocrinologist,B,West-2,West,36,1606,3.6,9,5,16,79,20.5,5,2026-03-11,2.25,20,0,503,571,-11.91,1,Emerging Growth,Nurture growth through targeted follow-ups,-0.126562723308429,2.25,0.35,0.338,0.5489999999999999,0.661,0.605,0.29,0.638,43.11,120,0.38,Low Priority,Monitor growth before increasing field engagement
H0277,Dr. HCP_0277,Cardiologist,C,North-1,North,74,3138,7.4,9,5,56,192,18.11,5,2026-03-29,1.32,2,0,715,511,39.92,0,Established High-Value,Maintain engagement and protect existing value,0.33535554192113803,1.32,0.644,0.798,0.061000000000000054,0.158,0.10950000000000003,0.103,0.638,45.94,115,0.2822085889570552,Low Priority,Avoid over-servicing and monitor for meaningful changes
H0278,Dr. HCP_0278,Pulmonologist,B,North-1,North,158,6307,15.8,10,5,33,110,20.85,5,2026-03-27,4.79,4,0,2291,1197,91.4,0,Established High-Value,Maintain engagement and protect existing value,0.6487712991592351,4.79,0.92,0.924,0.255,0.262,0.2585,0.756,0.638,70.26,3,0.9877300613496932,High Priority,Protect existing value and maintain consistent engagement
H0279,Dr. HCP_0279,Oncologist,C,East-2,East,28,1148,2.8,9,5,19,70,23.58,5,2026-03-08,1.47,23,0,226,348,-35.06,1,Emerging Growth,Nurture growth through targeted follow-ups,-0.4301219047210241,1.47,0.246,0.142,0.46499999999999997,0.698,0.5814999999999999,0.137,0.638,33.19,168,0.14,Low Priority,Monitor growth before increasing field engagement
H0280,Dr. HCP_0280,Neurologist,C,South-2,South,68,2778,6.8,9,5,79,268,19.46,5,2026-03-28,0.86,3,0,1489,588,153.23,0,Established High-Value,Maintain engagement and protect existing value,0.9281052152879186,0.86,0.588,0.972,0.006000000000000005,0.212,0.109,0.006,0.638,46.28,110,0.3128834355828221,Low Priority,Avoid over-servicing and monitor for meaningful changes
H0281,Dr. HCP_0281,General Physician,C,Central-2,Central,29,1305,2.9,9,4,16,61,22.38,4,2026-03-05,1.81,26,0,554,429,29.14,1,Emerging Growth,Nurture growth through targeted follow-ups,0.25518290505882657,1.81,0.282,0.73,0.5489999999999999,0.735,0.6419999999999999,0.23,0.213,44.69,107,0.445,Low Priority,Monitor growth before increasing field engagement
H0282,Dr. HCP_0282,Endocrinologist,B,South-1,South,79,3112,7.9,10,5,21,85,19.62,5,2026-03-20,3.76,11,0,879,882,-0.34,1,Emerging Growth,Nurture growth through targeted follow-ups,-0.0034032931317078408,3.76,0.638,0.466,0.43400000000000005,0.5,0.467,0.615,0.638,55.74,32,0.84,High Priority,Prioritize targeted follow-ups to support continued growth
H0283,Dr. HCP_0283,Oncologist,B,Central-2,Central,27,894,2.7,9,4,13,38,21.54,4,2026-03-20,2.08,11,0,190,240,-20.83,1,Emerging Growth,Nurture growth through targeted follow-ups,-0.2325235054440249,2.08,0.188,0.26,0.655,0.5,0.5775,0.269,0.213,31.44,171,0.125,Low Priority,Monitor growth before increasing field engagement
H0284,Dr. HCP_0284,Neurologist,A,West-2,West,21,824,2.1,9,3,2,0,16.5,2,2025-06-23,10.5,281,0,289,149,93.96,2,Efficient High-Value,Prioritize selective engagement and expansion,0.6592456288842641,10.5,0.168,0.926,0.881,0.888,0.8845000000000001,0.974,0.13,61.58,48,0.41975308641975306,Low Priority,Maintain efficient coverage and monitor prescription behaviour
H0285,Dr. HCP_0285,Oncologist,B,South-2,South,130,5249,13.0,10,5,47,204,21.77,5,2026-03-28,2.77,3,0,1815,1781,1.91,0,Established High-Value,Maintain engagement and protect existing value,0.018899951130483927,2.77,0.846,0.528,0.10999999999999999,0.212,0.16099999999999998,0.333,0.638,51.34,84,0.4785276073619632,Low Priority,Avoid over-servicing and monitor for meaningful changes
H0286,Dr. HCP_0286,Pulmonologist,A,West-2,West,68,2490,6.8,10,3,8,25,24.5,3,2026-03-28,8.5,3,0,688,861,-20.09,2,Efficient High-Value,Prioritize selective engagement and expansion,-0.2240139996500341,8.5,0.54,0.27,0.787,0.212,0.4995,0.929,0.13,49.32,72,0.09876543209876543,Low Priority,Maintain efficient coverage and monitor prescription behaviour
H0287,Dr. HCP_0287,Pulmonologist,B,West-2,West,29,1051,2.9,9,5,12,37,16.17,4,2026-02-16,2.42,43,0,349,205,70.24,1,Emerging Growth,Nurture growth through targeted follow-ups,0.5300569856938777,2.42,0.222,0.894,0.69,0.806,0.748,0.298,0.638,54.09,42,0.79,Medium Priority,Nurture through planned follow-ups and monitor momentum
H0288,Dr. HCP_0288,Oncologist,B,North-2,North,139,5807,13.9,10,5,33,120,19.76,5,2026-03-27,4.21,4,0,1943,1547,25.6,0,Established High-Value,Maintain engagement and protect existing value,0.2277839308707117,4.21,0.888,0.7,0.255,0.262,0.2585,0.706,0.638,64.07,17,0.901840490797546,High Priority,Protect existing value and maintain consistent engagement
H0289,Dr. HCP_0289,Pulmonologist,B,Central-2,Central,30,1202,3.0,10,5,17,89,22.35,5,2026-03-27,1.76,4,0,267,430,-37.91,1,Emerging Growth,Nurture growth through targeted follow-ups,-0.4751211095928909,1.76,0.254,0.116,0.522,0.262,0.392,0.218,0.638,29.39,177,0.095,Low Priority,Monitor growth before increasing field engagement
H0290,Dr. HCP_0290,Oncologist,B,East-1,East,4,164,0.4,3,1,0,0,0.0,0,,,304,1,0,72,-100.0,3,Uncovered HCPs,Evaluate active prescribers before initiating outreach,-4.290459441148391,3.45,0.068,0.004,0.943,0.945,0.944,0.501,0.054,33.78,35,0.125,Low Priority,Deprioritize until meaningful prescription activity appears
H0291,Dr. HCP_0291,Oncologist,A,South-2,South,200,8556,20.0,10,5,22,86,18.55,5,2026-03-20,9.09,11,0,2641,2374,11.25,2,Efficient High-Value,Prioritize selective engagement and expansion,0.10653876861352884,9.09,0.978,0.62,0.41400000000000003,0.5,0.457,0.95,0.638,73.79,5,0.9506172839506173,High Priority,Prioritize selective outreach and evaluate expansion opportunities
H0292,Dr. HCP_0292,Endocrinologist,A,North-2,North,146,5808,14.6,10,5,22,110,18.77,5,2026-03-29,6.64,2,0,1314,2290,-42.62,2,Efficient High-Value,Prioritize selective engagement and expansion,-0.55515173784163,6.64,0.89,0.086,0.41400000000000003,0.158,0.28600000000000003,0.866,0.638,54.94,64,0.19753086419753085,Low Priority,Maintain efficient coverage and monitor prescription behaviour
H0293,Dr. HCP_0293,Pulmonologist,C,Central-2,Central,21,703,2.1,9,4,17,74,20.53,5,2026-03-21,1.24,10,0,221,264,-16.29,1,Emerging Growth,Nurture growth through targeted follow-ups,-0.17705244411394272,1.24,0.14,0.312,0.522,0.475,0.4985,0.084,0.213,26.29,187,0.045,Low Priority,Monitor growth before increasing field engagement
H0294,Dr. HCP_0294,Cardiologist,B,East-1,East,0,0,0.0,0,0,0,0,0.0,0,,,304,1,0,0,,3,Uncovered HCPs,Evaluate active prescribers before initiating outreach,0.0,3.45,0.017,0.486,0.943,0.945,0.944,0.501,0.017,41.51,16,0.5982142857142857,Medium Priority,Review prescription activity before allocating field effort
H0295,Dr. HCP_0295,Cardiologist,A,East-1,East,11,366,1.1,6,3,0,0,0.0,0,,,304,1,48,84,-42.86,3,Uncovered HCPs,Evaluate active prescribers before initiating outreach,-0.5508309583796902,3.45,0.098,0.088,0.943,0.945,0.944,0.501,0.13,37.11,22,0.35714285714285715,Low Priority,Deprioritize until meaningful prescription activity appears
H0296,Dr. HCP_0296,General Physician,B,Central-2,Central,40,1605,4.0,10,5,12,47,12.83,5,2026-02-27,3.33,32,0,444,369,20.33,1,Emerging Growth,Nurture growth through targeted follow-ups,0.18457127652797034,3.33,0.348,0.672,0.69,0.769,0.7295,0.419,0.638,54.78,39,0.805,High Priority,Prioritize targeted follow-ups to support continued growth
H0297,Dr. HCP_0297,Endocrinologist,C,East-1,East,1,48,0.1,1,1,0,0,0.0,0,,,304,1,0,0,,3,Uncovered HCPs,Evaluate active prescribers before initiating outreach,0.0,3.45,0.04,0.486,0.943,0.945,0.944,0.501,0.054,42.58,15,0.75,Medium Priority,Review prescription activity before allocating field effort
H0298,Dr. HCP_0298,General Physician,B,South-2,South,196,7402,19.6,10,5,41,155,18.24,5,2026-03-11,4.78,20,0,2077,2068,0.44,0,Established High-Value,Maintain engagement and protect existing value,0.004340493913630006,4.78,0.948,0.51,0.16400000000000003,0.661,0.41250000000000003,0.753,0.638,66.63,11,0.9386503067484663,High Priority,Protect existing value and maintain consistent engagement
H0299,Dr. HCP_0299,Pulmonologist,B,Central-2,Central,61,2595,6.1,10,5,15,41,22.27,5,2026-03-26,4.07,5,0,757,806,-6.08,1,Emerging Growth,Nurture growth through targeted follow-ups,-0.06264028262757737,4.07,0.556,0.414,0.577,0.311,0.44399999999999995,0.677,0.638,52.59,52,0.74,Medium Priority,Nurture through planned follow-ups and monitor momentum
H0300,Dr. HCP_0300,General Physician,A,North-2,North,169,6909,16.9,10,5,18,61,17.67,5,2026-03-26,9.39,5,0,2022,2427,-16.69,2,Efficient High-Value,Prioritize selective engagement and expansion,-0.18248631501164336,9.39,0.932,0.304,0.492,0.311,0.40149999999999997,0.958,0.638,64.83,38,0.5432098765432098,Medium Priority,Review for incremental engagement without excessive call frequency
H0301,Dr. HCP_0301,Oncologist,A,East-1,East,7,245,0.7,5,2,0,0,0.0,0,,,304,1,159,0,,3,Uncovered HCPs,Evaluate active prescribers before initiating outreach,5.075173815233827,3.45,0.084,1.0,0.943,0.945,0.944,0.501,0.092,54.56,3,0.9642857142857143,High Priority,Validate prescribing potential and consider initiating outreach
H0302,Dr. HCP_0302,Pulmonologist,B,Central-2,Central,44,1601,4.4,10,4,10,39,16.6,3,2026-03-30,4.4,1,0,631,469,34.54,1,Emerging Growth,Nurture growth through targeted follow-ups,0.29615669944275336,4.4,0.344,0.768,0.74,0.092,0.416,0.724,0.213,49.07,74,0.625,Medium Priority,Nurture through planned follow-ups and monitor momentum
H0303,Dr. HCP_0303,Pulmonologist,B,North-2,North,175,7082,17.5,10,5,46,164,19.22,5,2026-03-17,3.8,14,0,2397,1708,40.34,0,Established High-Value,Maintain engagement and protect existing value,0.33872665247186884,3.8,0.938,0.804,0.118,0.582,0.35,0.621,0.638,68.66,7,0.9631901840490797,High Priority,Protect existing value and maintain consistent engagement
H0304,Dr. HCP_0304,Endocrinologist,B,West-1,West,51,1964,5.1,10,5,15,50,16.8,5,2026-03-20,3.4,11,0,547,673,-18.72,1,Emerging Growth,Nurture growth through targeted follow-ups,-0.2069548239642911,3.4,0.422,0.284,0.577,0.5,0.5385,0.431,0.638,44.65,109,0.435,Low Priority,Monitor growth before increasing field engagement
H0305,Dr. HCP_0305,Neurologist,C,South-1,South,56,2421,5.6,10,5,40,192,20.38,5,2026-03-24,1.4,7,0,521,728,-28.43,0,Established High-Value,Maintain engagement and protect existing value,-0.33400614412601914,1.4,0.514,0.192,0.17700000000000005,0.399,0.28800000000000003,0.128,0.638,34.76,152,0.049079754601226995,Low Priority,Avoid over-servicing and monitor for meaningful changes
H0306,Dr. HCP_0306,Neurologist,C,Central-1,Central,91,3379,9.1,10,5,49,227,20.27,5,2026-03-28,1.86,3,0,1001,763,31.19,0,Established High-Value,Maintain engagement and protect existing value,0.27118549247828927,1.86,0.68,0.744,0.10099999999999998,0.212,0.15649999999999997,0.237,0.638,49.13,98,0.38650306748466257,Low Priority,Avoid over-servicing and monitor for meaningful changes
H0307,Dr. HCP_0307,Pulmonologist,B,South-1,South,86,3711,8.6,10,5,29,107,17.86,5,2026-03-19,2.97,12,0,1168,952,22.69,0,Established High-Value,Maintain engagement and protect existing value,0.20428905781786622,2.97,0.717,0.686,0.31299999999999994,0.532,0.4225,0.358,0.638,57.54,49,0.7055214723926381,Medium Priority,Continue the current engagement cadence
H0308,Dr. HCP_0308,General Physician,B,East-1,East,0,0,0.0,0,0,0,0,0.0,0,,,304,1,0,0,,3,Uncovered HCPs,Evaluate active prescribers before initiating outreach,0.0,3.45,0.017,0.486,0.943,0.945,0.944,0.501,0.017,41.51,16,0.5982142857142857,Medium Priority,Review prescription activity before allocating field effort
H0309,Dr. HCP_0309,Oncologist,C,North-2,North,101,4135,10.1,10,5,56,253,20.68,5,2026-03-29,1.8,2,0,1534,1048,46.37,0,Established High-Value,Maintain engagement and protect existing value,0.3806930516250002,1.8,0.752,0.826,0.061000000000000054,0.158,0.10950000000000003,0.228,0.638,51.62,83,0.48773006134969327,Low Priority,Avoid over-servicing and monitor for meaningful changes
H0310,Dr. HCP_0310,Endocrinologist,B,South-1,South,114,4192,11.4,10,5,29,103,18.31,5,2026-03-25,3.93,6,0,1163,1181,-1.52,0,Established High-Value,Maintain engagement and protect existing value,-0.015345569674661164,3.93,0.758,0.446,0.31299999999999994,0.356,0.33449999999999996,0.651,0.638,56.17,60,0.6319018404907976,Medium Priority,Continue the current engagement cadence
H0311,Dr. HCP_0311,Pulmonologist,B,Central-1,Central,99,3904,9.9,10,5,31,126,21.84,5,2026-03-26,3.19,5,0,1797,912,97.04,0,Established High-Value,Maintain engagement and protect existing value,0.6776943344365973,3.19,0.73,0.936,0.28300000000000003,0.311,0.29700000000000004,0.393,0.638,60.32,38,0.7730061349693251,Medium Priority,Continue the current engagement cadence
H0312,Dr. HCP_0312,Cardiologist,A,West-1,West,45,1996,4.5,10,5,8,34,22.13,4,2026-03-28,5.63,3,0,676,892,-24.22,1,Emerging Growth,Nurture growth through targeted follow-ups,-0.2769153079642237,5.63,0.428,0.234,0.787,0.212,0.4995,0.824,0.638,48.75,80,0.59,Medium Priority,Nurture through planned follow-ups and monitor momentum
H0313,Dr. HCP_0313,Cardiologist,A,Central-1,Central,124,5252,12.4,10,5,17,56,21.41,5,2026-01-26,7.29,64,0,1735,1594,8.85,2,Efficient High-Value,Prioritize selective engagement and expansion,0.08470988000135105,7.29,0.848,0.59,0.522,0.842,0.6819999999999999,0.892,0.638,74.05,4,0.9629629629629629,High Priority,Prioritize selective outreach and evaluate expansion opportunities
H0314,Dr. HCP_0314,General Physician,C,East-2,East,15,613,1.5,8,3,14,41,21.71,5,2026-03-06,1.07,25,0,206,180,14.44,1,Emerging Growth,Nurture growth through targeted follow-ups,0.13422176199954272,1.07,0.13,0.636,0.615,0.727,0.671,0.044,0.13,35.36,162,0.17,Low Priority,Monitor growth before increasing field engagement
H0315,Dr. HCP_0315,Oncologist,C,Central-2,Central,9,434,0.9,5,4,9,38,20.78,4,2026-03-10,1.0,21,0,0,219,-100.0,1,Emerging Growth,Nurture growth through targeted follow-ups,-5.393627546352362,1.0,0.11,0.002,0.762,0.672,0.7170000000000001,0.031,0.213,23.86,193,0.015,Low Priority,Monitor growth before increasing field engagement
H0316,Dr. HCP_0316,General Physician,B,North-2,North,156,5578,15.6,10,5,38,159,23.16,5,2026-03-31,4.11,0,0,1391,1975,-29.57,0,Established High-Value,Maintain engagement and protect existing value,-0.35033303741344746,4.11,0.874,0.178,0.20299999999999996,0.029,0.11599999999999998,0.687,0.638,49.36,95,0.4049079754601227,Low Priority,Avoid over-servicing and monitor for meaningful changes
H0317,Dr. HCP_0317,Cardiologist,B,West-2,West,42,1903,4.2,10,4,8,34,21.5,4,2026-01-09,5.25,81,0,694,482,43.98,1,Emerging Growth,Nurture growth through targeted follow-ups,0.36389519191221975,5.25,0.414,0.816,0.787,0.862,0.8245,0.804,0.213,63.54,13,0.94,High Priority,Prioritize targeted follow-ups to support continued growth
H0318,Dr. HCP_0318,Endocrinologist,A,Central-2,Central,64,2560,6.4,10,5,9,38,25.56,5,2026-03-06,7.11,25,0,688,823,-16.4,2,Efficient High-Value,Prioritize selective engagement and expansion,-0.17892925889581335,7.11,0.552,0.308,0.762,0.727,0.7444999999999999,0.882,0.638,60.94,51,0.3765432098765432,Low Priority,Maintain efficient coverage and monitor prescription behaviour
H0319,Dr. HCP_0319,General Physician,A,West-2,West,38,1521,3.8,10,3,6,28,21.17,3,2026-03-28,6.33,3,0,672,393,70.99,2,Efficient High-Value,Prioritize selective engagement and expansion,0.535394420346794,6.33,0.328,0.896,0.833,0.212,0.5225,0.854,0.13,54.93,65,0.18518518518518517,Low Priority,Maintain efficient coverage and monitor prescription behaviour
H0320,Dr. HCP_0320,Cardiologist,B,West-1,West,71,3155,7.1,10,5,21,85,21.0,5,2026-03-08,3.38,23,0,543,1232,-55.93,1,Emerging Growth,Nurture growth through targeted follow-ups,-0.8182562563084019,3.38,0.648,0.05,0.43400000000000005,0.698,0.5660000000000001,0.428,0.638,47.39,89,0.545,Medium Priority,Nurture through planned follow-ups and monitor momentum
H0321,Dr. HCP_0321,Cardiologist,B,North-1,North,161,6222,16.1,10,5,30,124,22.0,5,2026-03-04,5.37,27,0,1888,1425,32.49,0,Established High-Value,Maintain engagement and protect existing value,0.28117426652726785,5.37,0.914,0.758,0.29700000000000004,0.746,0.5215000000000001,0.81,0.638,74.15,1,1.0,High Priority,Protect existing value and maintain consistent engagement
H0322,Dr. HCP_0322,Cardiologist,C,West-2,West,17,657,1.7,9,5,19,72,20.37,5,2026-03-30,0.89,1,0,101,197,-48.73,1,Emerging Growth,Nurture growth through targeted follow-ups,-0.6632942174102645,0.89,0.134,0.072,0.46499999999999997,0.092,0.27849999999999997,0.01,0.638,18.95,195,0.005,Low Priority,Monitor growth before increasing field engagement
H0323,Dr. HCP_0323,Neurologist,B,South-2,South,298,12996,29.8,10,5,57,206,21.14,5,2026-03-31,5.23,0,0,3622,3351,8.09,0,Established High-Value,Maintain engagement and protect existing value,0.07774522929310201,5.23,1.0,0.58,0.05600000000000005,0.029,0.042500000000000024,0.802,0.638,61.07,33,0.803680981595092,High Priority,Protect existing value and maintain consistent engagement
H0324,Dr. HCP_0324,Oncologist,B,West-1,West,22,787,2.2,9,5,10,52,18.4,4,2026-03-25,2.2,6,0,189,236,-19.92,1,Emerging Growth,Nurture growth through targeted follow-ups,-0.22103606897464534,2.2,0.16,0.274,0.74,0.356,0.548,0.285,0.638,34.64,164,0.16,Low Priority,Monitor growth before increasing field engagement
H0325,Dr. HCP_0325,Oncologist,C,Central-1,Central,86,3477,8.6,10,5,44,164,20.43,5,2026-03-31,1.95,0,0,1115,1065,4.69,0,Established High-Value,Maintain engagement and protect existing value,0.045837538215466545,1.95,0.696,0.548,0.133,0.029,0.081,0.25,0.638,44.0,125,0.22085889570552147,Low Priority,Avoid over-servicing and monitor for meaningful changes
H0326,Dr. HCP_0326,General Physician,C,West-1,West,23,982,2.3,9,5,22,82,21.18,5,2026-03-14,1.05,17,0,441,320,37.81,1,Emerging Growth,Nurture growth through targeted follow-ups,0.3198687589476821,1.05,0.202,0.788,0.41400000000000003,0.622,0.518,0.036,0.638,41.69,129,0.335,Low Priority,Monitor growth before increasing field engagement
H0327,Dr. HCP_0327,Neurologist,B,West-2,West,31,1008,3.1,10,5,11,44,19.09,5,2026-02-15,2.82,44,0,241,310,-22.26,1,Emerging Growth,Nurture growth through targeted follow-ups,-0.2508551860225472,2.82,0.21,0.244,0.716,0.81,0.763,0.341,0.638,41.75,128,0.34,Low Priority,Monitor growth before increasing field engagement
H0328,Dr. HCP_0328,Cardiologist,B,East-1,East,1,49,0.1,1,1,0,0,0.0,0,,,304,1,0,0,,3,Uncovered HCPs,Evaluate active prescribers before initiating outreach,0.0,3.45,0.042,0.486,0.943,0.945,0.944,0.501,0.054,42.64,14,0.7678571428571429,Medium Priority,Review prescription activity before allocating field effort
H0329,Dr. HCP_0329,Oncologist,B,South-2,South,138,5604,13.8,10,5,42,165,20.21,5,2026-03-25,3.29,6,0,1634,1870,-12.62,0,Established High-Value,Maintain engagement and protect existing value,-0.13483024294273527,3.29,0.877,0.334,0.15300000000000002,0.356,0.2545,0.412,0.638,51.91,80,0.50920245398773,Medium Priority,Continue the current engagement cadence
H0330,Dr. HCP_0330,Pulmonologist,B,South-2,South,249,9816,24.9,10,5,58,243,18.4,5,2026-03-29,4.29,2,0,2956,3042,-2.83,0,Established High-Value,Maintain engagement and protect existing value,-0.028668630044492716,4.29,0.99,0.438,0.051000000000000045,0.158,0.10450000000000002,0.715,0.638,58.18,43,0.7423312883435583,Medium Priority,Continue the current engagement cadence
H0331,Dr. HCP_0331,Neurologist,B,East-2,East,38,1623,3.8,10,5,12,56,16.92,5,2026-02-12,3.17,47,0,626,321,95.02,1,Emerging Growth,Nurture growth through targeted follow-ups,0.6663949950885124,3.17,0.354,0.93,0.69,0.818,0.754,0.387,0.638,60.26,23,0.885,High Priority,Prioritize targeted follow-ups to support continued growth
H0332,Dr. HCP_0332,Oncologist,C,North-1,North,92,3877,9.2,10,5,60,241,19.62,5,2026-03-28,1.53,3,0,1116,1209,-7.69,0,Established High-Value,Maintain engagement and protect existing value,-0.07997383952158543,1.53,0.728,0.4,0.04400000000000004,0.212,0.128,0.149,0.638,41.66,135,0.15950920245398773,Low Priority,Avoid over-servicing and monitor for meaningful changes
H0333,Dr. HCP_0333,Cardiologist,A,South-2,South,200,8321,20.0,10,5,18,83,16.44,5,2026-03-24,11.11,7,0,2315,2780,-16.73,2,Efficient High-Value,Prioritize selective engagement and expansion,-0.18296901554107947,11.11,0.97,0.302,0.492,0.399,0.4455,0.978,0.638,67.33,31,0.6296296296296297,Medium Priority,Review for incremental engagement without excessive call frequency
H0334,Dr. HCP_0334,General Physician,A,North-2,North,82,3253,8.2,10,5,22,86,16.32,5,2026-03-18,3.73,13,0,857,1249,-31.39,1,Emerging Growth,Nurture growth through targeted follow-ups,-0.37629473080838416,3.73,0.66,0.164,0.41400000000000003,0.561,0.48750000000000004,0.608,0.638,50.77,63,0.685,Medium Priority,Nurture through planned follow-ups and monitor momentum
H0335,Dr. HCP_0335,Cardiologist,A,Central-2,Central,14,577,1.4,8,5,3,13,27.33,3,2026-02-26,4.67,33,0,173,176,-1.7,1,Emerging Growth,Nurture growth through targeted follow-ups,-0.01709443335929972,4.67,0.12,0.444,0.87,0.776,0.823,0.744,0.638,50.6,67,0.66,Medium Priority,Nurture through planned follow-ups and monitor momentum
H0336,Dr. HCP_0336,Endocrinologist,A,East-2,East,43,1610,4.3,10,4,5,31,20.8,4,2026-03-11,8.6,20,0,274,509,-46.17,2,Efficient High-Value,Prioritize selective engagement and expansion,-0.6176396280517995,8.6,0.352,0.076,0.846,0.661,0.7535000000000001,0.935,0.213,47.07,76,0.04938271604938271,Low Priority,Maintain efficient coverage and monitor prescription behaviour
H0337,Dr. HCP_0337,Endocrinologist,C,Central-2,Central,19,723,1.9,9,4,16,67,18.88,5,2026-03-13,1.19,18,0,229,224,2.23,1,Emerging Growth,Nurture growth through targeted follow-ups,0.02197890671877545,1.19,0.144,0.532,0.5489999999999999,0.637,0.593,0.066,0.213,32.9,169,0.135,Low Priority,Monitor growth before increasing field engagement
H0338,Dr. HCP_0338,Endocrinologist,C,Central-1,Central,45,1889,4.5,10,5,39,132,20.03,5,2026-03-21,1.15,10,0,817,535,52.71,0,Established High-Value,Maintain engagement and protect existing value,0.42272817553194475,1.15,0.411,0.842,0.18999999999999995,0.475,0.33249999999999996,0.06,0.638,44.76,122,0.2392638036809816,Low Priority,Avoid over-servicing and monitor for meaningful changes
H0339,Dr. HCP_0339,Pulmonologist,B,South-2,South,194,7858,19.4,10,5,53,202,20.77,5,2026-03-21,3.66,10,0,2848,2095,35.94,0,Established High-Value,Maintain engagement and protect existing value,0.30693728905697526,3.66,0.956,0.78,0.07799999999999996,0.475,0.27649999999999997,0.593,0.638,66.47,12,0.9325153374233128,High Priority,Protect existing value and maintain consistent engagement
H0340,Dr. HCP_0340,Cardiologist,A,Central-2,Central,67,2651,6.7,10,5,8,34,22.25,4,2026-03-12,8.38,19,0,742,739,0.41,2,Efficient High-Value,Prioritize selective engagement and expansion,0.004045858519543977,8.38,0.566,0.508,0.787,0.651,0.7190000000000001,0.924,0.638,65.35,35,0.5802469135802469,Medium Priority,Review for incremental engagement without excessive call frequency
H0341,Dr. HCP_0341,Endocrinologist,B,South-1,South,92,3617,9.2,10,5,26,112,19.38,5,2026-03-25,3.54,6,0,887,991,-10.49,1,Emerging Growth,Nurture growth through targeted follow-ups,-0.11075136429270227,3.54,0.706,0.358,0.349,0.356,0.3525,0.576,0.638,52.17,55,0.725,Medium Priority,Nurture through planned follow-ups and monitor momentum
H0342,Dr. HCP_0342,Cardiologist,B,South-1,South,125,4916,12.5,10,5,25,77,19.56,5,2026-03-26,5.0,5,0,1621,1214,33.53,0,Established High-Value,Maintain engagement and protect existing value,0.2889158789007098,5.0,0.814,0.762,0.364,0.311,0.3375,0.778,0.638,66.15,15,0.9141104294478528,High Priority,Protect existing value and maintain consistent engagement
H0343,Dr. HCP_0343,Cardiologist,A,South-1,South,58,2420,5.8,10,5,5,14,22.6,4,2026-02-14,11.6,45,0,954,791,20.61,2,Efficient High-Value,Prioritize selective engagement and expansion,0.1871499486663044,11.6,0.512,0.676,0.846,0.815,0.8305,0.982,0.638,70.75,15,0.8271604938271605,High Priority,Prioritize selective outreach and evaluate expansion opportunities
H0344,Dr. HCP_0344,Neurologist,B,South-2,South,175,7584,17.5,10,5,47,186,19.34,5,2026-03-23,3.72,8,0,2263,2103,7.61,0,Established High-Value,Maintain engagement and protect existing value,0.07329286546547298,3.72,0.95,0.574,0.10999999999999999,0.431,0.27049999999999996,0.605,0.638,62.2,28,0.8343558282208589,High Priority,Protect existing value and maintain consistent engagement
H0345,Dr. HCP_0345,Endocrinologist,B,North-1,North,136,5309,13.6,10,5,40,167,21.63,5,2026-03-31,3.4,0,0,1466,1434,2.23,0,Established High-Value,Maintain engagement and protect existing value,0.02205464994925954,3.4,0.854,0.534,0.17700000000000005,0.029,0.10300000000000002,0.431,0.638,51.72,82,0.49693251533742333,Low Priority,Avoid over-servicing and monitor for meaningful changes
H0346,Dr. HCP_0346,Endocrinologist,B,North-1,North,130,4593,13.0,10,5,27,110,21.3,5,2026-03-21,4.81,10,0,1625,1179,37.83,0,Established High-Value,Maintain engagement and protect existing value,0.32060857264804543,4.81,0.782,0.79,0.33599999999999997,0.475,0.40549999999999997,0.762,0.638,67.21,9,0.950920245398773,High Priority,Protect existing value and maintain consistent engagement
H0347,Dr. HCP_0347,Cardiologist,B,Central-1,Central,97,3427,9.7,10,5,31,124,20.77,5,2026-03-23,3.13,8,0,813,978,-16.87,0,Established High-Value,Maintain engagement and protect existing value,-0.18457127652797034,3.13,0.686,0.298,0.28300000000000003,0.431,0.357,0.377,0.638,47.5,105,0.34355828220858897,Low Priority,Avoid over-servicing and monitor for meaningful changes
H0348,Dr. HCP_0348,Oncologist,A,West-2,West,60,2359,6.0,10,5,7,26,22.14,4,2026-03-22,8.57,9,0,884,655,34.96,2,Efficient High-Value,Prioritize selective engagement and expansion,0.2994268560638407,8.57,0.502,0.772,0.815,0.454,0.6345,0.932,0.638,66.72,33,0.6049382716049383,Medium Priority,Review for incremental engagement without excessive call frequency
H0349,Dr. HCP_0349,Neurologist,B,Central-1,Central,144,5883,14.4,10,5,34,156,17.35,5,2026-03-21,4.24,10,0,1743,1169,49.1,0,Established High-Value,Maintain engagement and protect existing value,0.39917757667712284,4.24,0.892,0.836,0.243,0.475,0.359,0.709,0.638,69.47,4,0.9815950920245399,High Priority,Protect existing value and maintain consistent engagement
H0350,Dr. HCP_0350,Neurologist,B,West-2,West,62,2655,6.2,10,5,19,78,24.16,5,2026-02-17,3.26,42,0,979,494,98.18,1,Emerging Growth,Nurture growth through targeted follow-ups,0.682994809095927,3.26,0.568,0.94,0.46499999999999997,0.803,0.634,0.406,0.638,64.16,11,0.95,High Priority,Prioritize targeted follow-ups to support continued growth
H0351,Dr. HCP_0351,Cardiologist,B,Central-2,Central,42,1664,4.2,9,4,16,62,19.06,5,2026-03-18,2.63,13,0,562,517,8.7,1,Emerging Growth,Nurture growth through targeted follow-ups,0.08330438588020783,2.63,0.365,0.586,0.5489999999999999,0.561,0.5549999999999999,0.318,0.213,43.44,118,0.39,Low Priority,Monitor growth before increasing field engagement
H0352,Dr. HCP_0352,General Physician,C,West-2,West,15,593,1.5,8,5,26,109,21.38,5,2026-03-18,0.58,13,0,135,167,-19.16,1,Emerging Growth,Nurture growth through targeted follow-ups,-0.2113090936672064,0.58,0.126,0.282,0.349,0.561,0.455,0.002,0.638,27.2,184,0.06,Low Priority,Monitor growth before increasing field engagement
H0353,Dr. HCP_0353,Oncologist,B,North-1,North,60,2556,6.0,10,5,31,103,22.77,5,2026-03-08,1.94,23,0,719,627,14.67,1,Emerging Growth,Nurture growth through targeted follow-ups,0.13671104554190272,1.94,0.55,0.638,0.28300000000000003,0.698,0.4905,0.247,0.638,51.61,59,0.705,Medium Priority,Nurture through planned follow-ups and monitor momentum
H0354,Dr. HCP_0354,General Physician,A,West-1,West,28,1094,2.8,9,4,4,11,20.0,3,2025-12-14,7.0,107,0,184,196,-6.12,2,Efficient High-Value,Prioritize selective engagement and expansion,-0.06284790365966408,7.0,0.234,0.412,0.859,0.88,0.8694999999999999,0.878,0.213,52.3,69,0.13580246913580246,Low Priority,Maintain efficient coverage and monitor prescription behaviour
H0355,Dr. HCP_0355,General Physician,A,West-2,West,40,1564,4.0,10,5,7,33,16.86,5,2026-02-10,5.71,49,0,484,379,27.7,1,Emerging Growth,Nurture growth through targeted follow-ups,0.24397763821705176,5.71,0.34,0.722,0.815,0.821,0.818,0.831,0.638,63.93,12,0.945,High Priority,Prioritize targeted follow-ups to support continued growth
H0356,Dr. HCP_0356,Cardiologist,B,North-2,North,131,5246,13.1,10,5,38,163,17.97,5,2026-03-25,3.45,6,0,1774,1394,27.26,0,Established High-Value,Maintain engagement and protect existing value,0.24090600765405057,3.45,0.844,0.716,0.20299999999999996,0.356,0.27949999999999997,0.501,0.638,60.52,35,0.7914110429447853,Medium Priority,Continue the current engagement cadence
H0357,Dr. HCP_0357,Endocrinologist,A,Central-2,Central,43,1858,4.3,10,3,5,19,20.4,3,2026-03-09,8.6,22,0,317,705,-55.04,2,Efficient High-Value,Prioritize selective engagement and expansion,-0.797563854713065,8.6,0.398,0.052,0.846,0.682,0.764,0.935,0.13,47.41,74,0.07407407407407407,Low Priority,Maintain efficient coverage and monitor prescription behaviour
H0358,Dr. HCP_0358,Pulmonologist,B,South-1,South,61,2477,6.1,10,5,31,133,20.06,5,2026-03-17,1.97,14,0,811,634,27.92,1,Emerging Growth,Nurture growth through targeted follow-ups,0.24587534126898625,1.97,0.536,0.724,0.28300000000000003,0.582,0.4325,0.254,0.638,51.56,60,0.7,Medium Priority,Nurture through planned follow-ups and monitor momentum
H0359,Dr. HCP_0359,Neurologist,C,West-1,West,21,783,2.1,9,5,13,54,22.31,5,2026-03-20,1.62,11,0,86,264,-67.42,1,Emerging Growth,Nurture growth through targeted follow-ups,-1.1138217073316383,1.62,0.158,0.034,0.655,0.5,0.5775,0.171,0.638,28.8,181,0.075,Low Priority,Monitor growth before increasing field engagement
H0360,Dr. HCP_0360,Neurologist,B,West-2,West,35,1497,3.5,10,3,11,27,21.64,3,2026-02-21,3.18,38,0,402,435,-7.59,1,Emerging Growth,Nurture growth through targeted follow-ups,-0.07870568140235168,3.18,0.322,0.402,0.716,0.793,0.7545,0.39,0.13,43.71,117,0.395,Low Priority,Monitor growth before increasing field engagement
H0361,Dr. HCP_0361,General Physician,B,North-2,North,90,3455,9.0,10,5,29,151,20.34,5,2026-03-29,3.1,2,0,1017,1370,-25.77,0,Established High-Value,Maintain engagement and protect existing value,-0.2977004824518463,3.1,0.692,0.222,0.31299999999999994,0.158,0.2355,0.371,0.638,43.03,130,0.1901840490797546,Low Priority,Avoid over-servicing and monitor for meaningful changes
H0362,Dr. HCP_0362,General Physician,B,Central-1,Central,92,3905,9.2,10,5,37,144,19.19,5,2026-03-27,2.49,4,0,1536,915,67.87,0,Established High-Value,Maintain engagement and protect existing value,0.5175713788644662,2.49,0.732,0.888,0.21599999999999997,0.262,0.239,0.308,0.638,56.69,56,0.6625766871165644,Medium Priority,Continue the current engagement cadence
H0363,Dr. HCP_0363,Oncologist,B,West-1,West,72,3115,7.2,10,5,14,61,16.0,5,2026-02-04,5.14,55,0,976,961,1.56,1,Emerging Growth,Nurture growth through targeted follow-ups,0.015472201377075834,5.14,0.642,0.526,0.615,0.828,0.7215,0.794,0.638,66.11,6,0.975,High Priority,Prioritize targeted follow-ups to support continued growth
H0364,Dr. HCP_0364,Pulmonologist,B,West-1,West,33,1217,3.3,10,4,5,17,24.6,3,2026-03-15,6.6,16,0,290,396,-26.77,2,Efficient High-Value,Prioritize selective engagement and expansion,-0.3106130135156979,6.6,0.256,0.212,0.846,0.61,0.728,0.859,0.213,45.13,78,0.024691358024691357,Low Priority,Maintain efficient coverage and monitor prescription behaviour
H0365,Dr. HCP_0365,Oncologist,C,West-1,West,14,548,1.4,7,5,16,83,18.56,5,2026-03-08,0.88,23,0,110,357,-69.19,1,Emerging Growth,Nurture growth through targeted follow-ups,-1.1710027850883664,0.88,0.116,0.03,0.5489999999999999,0.698,0.6234999999999999,0.008,0.638,26.17,188,0.04,Low Priority,Monitor growth before increasing field engagement
H0366,Dr. HCP_0366,Oncologist,B,East-2,East,28,1111,2.8,10,5,7,33,16.57,4,2026-03-28,4.0,3,0,329,456,-27.85,1,Emerging Growth,Nurture growth through targeted follow-ups,-0.3255907364336794,4.0,0.238,0.198,0.815,0.212,0.5135,0.665,0.638,40.29,139,0.285,Low Priority,Monitor growth before increasing field engagement
H0367,Dr. HCP_0367,Pulmonologist,C,East-1,East,0,0,0.0,0,0,0,0,0.0,0,,,304,1,0,0,,3,Uncovered HCPs,Evaluate active prescribers before initiating outreach,0.0,3.45,0.017,0.486,0.943,0.945,0.944,0.501,0.017,41.51,16,0.5982142857142857,Medium Priority,Review prescription activity before allocating field effort
H0368,Dr. HCP_0368,Cardiologist,C,West-2,West,32,1295,3.2,9,5,23,80,21.57,5,2026-03-24,1.39,7,0,388,535,-27.48,1,Emerging Growth,Nurture growth through targeted follow-ups,-0.32055481745235603,1.39,0.276,0.204,0.396,0.399,0.3975,0.123,0.638,30.52,173,0.115,Low Priority,Monitor growth before increasing field engagement
H0369,Dr. HCP_0369,Cardiologist,A,North-2,North,130,5326,13.0,10,5,14,55,20.43,5,2026-03-12,9.29,19,0,1232,1451,-15.09,2,Efficient High-Value,Prioritize selective engagement and expansion,-0.16349169222039706,9.29,0.858,0.318,0.615,0.651,0.633,0.954,0.638,68.61,23,0.7283950617283951,Medium Priority,Review for incremental engagement without excessive call frequency
H0370,Dr. HCP_0370,General Physician,A,North-2,North,128,5097,12.8,10,5,21,100,20.43,5,2026-03-27,6.1,4,0,1439,1537,-6.38,2,Efficient High-Value,Prioritize selective engagement and expansion,-0.06583975749554227,6.1,0.83,0.408,0.43400000000000005,0.262,0.34800000000000003,0.848,0.638,60.86,52,0.35185185185185186,Low Priority,Maintain efficient coverage and monitor prescription behaviour
H0371,Dr. HCP_0371,Neurologist,A,South-1,South,106,4006,10.6,10,5,13,51,19.62,5,2026-02-21,8.15,38,0,1337,1143,16.97,2,Efficient High-Value,Prioritize selective engagement and expansion,0.1566450687484302,8.15,0.74,0.652,0.655,0.793,0.724,0.92,0.638,73.52,6,0.9382716049382716,High Priority,Prioritize selective outreach and evaluate expansion opportunities
H0372,Dr. HCP_0372,Neurologist,A,Central-2,Central,59,2479,5.9,10,4,7,28,19.43,4,2026-03-30,8.43,1,0,954,593,60.88,2,Efficient High-Value,Prioritize selective engagement and expansion,0.4748320211180852,8.43,0.538,0.868,0.815,0.092,0.45349999999999996,0.926,0.213,60.86,52,0.35185185185185186,Low Priority,Maintain efficient coverage and monitor prescription behaviour
H0373,Dr. HCP_0373,Oncologist,A,North-2,North,191,8475,19.1,10,5,22,103,17.64,5,2026-03-27,8.68,4,0,2189,2720,-19.52,2,Efficient High-Value,Prioritize selective engagement and expansion,-0.21709791597269934,8.68,0.974,0.276,0.41400000000000003,0.262,0.338,0.939,0.638,63.65,42,0.49382716049382713,Low Priority,Maintain efficient coverage and monitor prescription behaviour
H0374,Dr. HCP_0374,General Physician,B,West-1,West,60,2320,6.0,10,5,17,60,21.35,5,2026-03-18,3.53,13,0,690,866,-20.32,1,Emerging Growth,Nurture growth through targeted follow-ups,-0.22689915301287122,3.53,0.494,0.266,0.522,0.561,0.5415000000000001,0.574,0.638,48.67,83,0.575,Medium Priority,Nurture through planned follow-ups and monitor momentum
H0375,Dr. HCP_0375,Neurologist,A,East-1,East,9,333,0.9,7,2,0,0,0.0,0,,,304,1,136,129,5.43,3,Uncovered HCPs,Evaluate active prescribers before initiating outreach,0.05244647537254288,3.45,0.094,0.554,0.943,0.945,0.944,0.501,0.092,45.93,12,0.8035714285714286,High Priority,Validate prescribing potential and consider initiating outreach
H0376,Dr. HCP_0376,Cardiologist,B,East-2,East,47,1746,4.7,10,5,19,74,18.84,5,2026-03-20,2.47,11,0,500,634,-21.14,1,Emerging Growth,Nurture growth through targeted follow-ups,-0.23701889780782714,2.47,0.378,0.254,0.46499999999999997,0.5,0.4825,0.303,0.638,39.41,146,0.25,Low Priority,Monitor growth before increasing field engagement
H0377,Dr. HCP_0377,General Physician,C,South-1,South,61,2474,6.1,10,5,46,173,18.43,5,2026-03-25,1.33,6,0,916,462,98.27,0,Established High-Value,Maintain engagement and protect existing value,0.6833804181702305,1.33,0.534,0.942,0.118,0.356,0.237,0.108,0.638,48.78,101,0.36809815950920244,Low Priority,Avoid over-servicing and monitor for meaningful changes
H0378,Dr. HCP_0378,Cardiologist,A,South-2,South,150,6232,15.0,10,5,21,63,18.33,5,2026-03-04,7.14,27,0,2098,1587,32.2,2,Efficient High-Value,Prioritize selective engagement and expansion,0.27898567801355245,7.14,0.916,0.752,0.43400000000000005,0.746,0.5900000000000001,0.888,0.638,76.97,2,0.9876543209876543,High Priority,Prioritize selective outreach and evaluate expansion opportunities
H0379,Dr. HCP_0379,Pulmonologist,C,Central-1,Central,80,3269,8.0,10,5,46,207,22.63,5,2026-03-28,1.74,3,0,1076,803,34.0,0,Established High-Value,Maintain engagement and protect existing value,0.2923354079774221,1.74,0.662,0.766,0.118,0.212,0.16499999999999998,0.21,0.638,48.84,100,0.37423312883435583,Low Priority,Avoid over-servicing and monitor for meaningful changes
H0380,Dr. HCP_0380,Neurologist,B,East-1,East,0,0,0.0,0,0,0,0,0.0,0,,,304,1,0,0,,3,Uncovered HCPs,Evaluate active prescribers before initiating outreach,0.0,3.45,0.017,0.486,0.943,0.945,0.944,0.501,0.017,41.51,16,0.5982142857142857,Medium Priority,Review prescription activity before allocating field effort
H0381,Dr. HCP_0381,Neurologist,A,West-1,West,77,3050,7.7,10,4,10,50,22.9,4,2026-03-23,7.7,8,0,1053,1058,-0.47,2,Efficient High-Value,Prioritize selective engagement and expansion,-0.0047326165000987075,7.7,0.626,0.46,0.74,0.431,0.5855,0.904,0.213,58.31,58,0.2716049382716049,Low Priority,Maintain efficient coverage and monitor prescription behaviour
H0382,Dr. HCP_0382,General Physician,B,Central-2,Central,34,1275,3.4,10,4,7,27,17.43,3,2025-12-21,4.86,100,0,263,607,-56.67,1,Emerging Growth,Nurture growth through targeted follow-ups,-0.8342257788198513,4.86,0.272,0.044,0.815,0.874,0.8445,0.772,0.213,43.86,115,0.405,Low Priority,Monitor growth before increasing field engagement
H0383,Dr. HCP_0383,Endocrinologist,B,North-1,North,96,3950,9.6,10,5,31,128,17.77,5,2026-03-30,3.1,1,0,1151,1199,-4.0,0,Established High-Value,Maintain engagement and protect existing value,-0.04082199452025481,3.1,0.738,0.428,0.28300000000000003,0.092,0.1875,0.371,0.638,47.33,106,0.3374233128834356,Low Priority,Avoid over-servicing and monitor for meaningful changes
H0384,Dr. HCP_0384,Pulmonologist,C,East-1,East,0,0,0.0,0,0,0,0,0.0,0,,,304,1,0,0,,3,Uncovered HCPs,Evaluate active prescribers before initiating outreach,0.0,3.45,0.017,0.486,0.943,0.945,0.944,0.501,0.017,41.51,16,0.5982142857142857,Medium Priority,Review prescription activity before allocating field effort
H0385,Dr. HCP_0385,Endocrinologist,C,North-1,North,80,3114,8.0,10,5,58,198,18.84,5,2026-03-31,1.38,0,0,1374,833,64.95,0,Established High-Value,Maintain engagement and protect existing value,0.4999756077419244,1.38,0.64,0.884,0.051000000000000045,0.029,0.04000000000000002,0.118,0.638,46.03,113,0.294478527607362,Low Priority,Avoid over-servicing and monitor for meaningful changes
H0386,Dr. HCP_0386,General Physician,C,Central-2,Central,31,1406,3.1,10,4,17,96,18.18,5,2026-03-18,1.82,13,0,575,295,94.92,1,Emerging Growth,Nurture growth through targeted follow-ups,0.6657482063718314,1.82,0.302,0.928,0.522,0.561,0.5415000000000001,0.232,0.213,46.77,92,0.53,Medium Priority,Nurture through planned follow-ups and monitor momentum
H0387,Dr. HCP_0387,Endocrinologist,B,North-2,North,122,5194,12.2,10,5,30,116,18.4,5,2026-03-08,4.07,23,0,1747,1580,10.57,0,Established High-Value,Maintain engagement and protect existing value,0.10041471900600829,4.07,0.84,0.614,0.29700000000000004,0.698,0.4975,0.677,0.638,66.45,13,0.9263803680981595,High Priority,Protect existing value and maintain consistent engagement
H0388,Dr. HCP_0388,General Physician,A,North-2,North,92,3502,9.2,10,5,15,57,21.2,5,2026-03-15,6.13,16,0,743,1611,-53.88,2,Efficient High-Value,Prioritize selective engagement and expansion,-0.7731898882334818,6.13,0.698,0.056,0.577,0.61,0.5934999999999999,0.85,0.638,56.03,61,0.2345679012345679,Low Priority,Maintain efficient coverage and monitor prescription behaviour
H0389,Dr. HCP_0389,Oncologist,C,West-1,West,23,1048,2.3,9,5,23,89,21.87,5,2026-03-22,1.0,9,0,342,280,22.14,1,Emerging Growth,Nurture growth through targeted follow-ups,0.19937577783219407,1.0,0.22,0.682,0.396,0.454,0.42500000000000004,0.031,0.638,37.71,152,0.22,Low Priority,Monitor growth before increasing field engagement
H0390,Dr. HCP_0390,Endocrinologist,C,East-2,East,20,747,2.0,8,5,21,63,19.38,5,2026-03-30,0.95,1,0,212,331,-35.95,1,Emerging Growth,Nurture growth through targeted follow-ups,-0.4438428032070627,0.95,0.148,0.134,0.43400000000000005,0.092,0.263,0.027,0.638,20.48,194,0.01,Low Priority,Monitor growth before increasing field engagement
H0391,Dr. HCP_0391,General Physician,C,East-1,East,0,0,0.0,0,0,0,0,0.0,0,,,304,1,0,0,,3,Uncovered HCPs,Evaluate active prescribers before initiating outreach,0.0,3.45,0.017,0.486,0.943,0.945,0.944,0.501,0.017,41.51,16,0.5982142857142857,Medium Priority,Review prescription activity before allocating field effort
H0392,Dr. HCP_0392,Neurologist,B,Central-2,Central,55,2444,5.5,10,5,14,56,17.86,5,2026-03-29,3.93,2,0,874,852,2.58,1,Emerging Growth,Nurture growth through targeted follow-ups,0.0254643388659348,3.93,0.524,0.536,0.615,0.158,0.3865,0.651,0.638,52.25,54,0.73,Medium Priority,Nurture through planned follow-ups and monitor momentum
H0393,Dr. HCP_0393,Endocrinologist,B,North-1,North,102,4316,10.2,10,5,32,123,18.38,5,2026-03-24,3.19,7,0,1186,1338,-11.36,0,Established High-Value,Maintain engagement and protect existing value,-0.12049395108150396,3.19,0.766,0.346,0.269,0.399,0.334,0.393,0.638,50.52,90,0.43558282208588955,Low Priority,Avoid over-servicing and monitor for meaningful changes
H0394,Dr. HCP_0394,Cardiologist,C,Central-2,Central,34,1447,3.4,10,4,23,102,21.09,5,2026-03-17,1.48,14,0,389,364,6.87,1,Emerging Growth,Nurture growth through targeted follow-ups,0.06624938554120074,1.48,0.314,0.566,0.396,0.582,0.489,0.141,0.213,37.21,153,0.215,Low Priority,Monitor growth before increasing field engagement
H0395,Dr. HCP_0395,Oncologist,B,East-1,East,3,114,0.3,3,2,0,0,0.0,0,,,304,1,35,42,-16.67,3,Uncovered HCPs,Evaluate active prescribers before initiating outreach,-0.17768117723745247,3.45,0.056,0.31,0.943,0.945,0.944,0.501,0.092,39.91,18,0.42857142857142855,Low Priority,Deprioritize until meaningful prescription activity appears
H0396,Dr. HCP_0396,Neurologist,C,West-2,West,33,1264,3.3,9,5,19,66,19.53,5,2026-03-14,1.74,17,0,443,281,57.65,1,Emerging Growth,Nurture growth through targeted follow-ups,0.45391749149411087,1.74,0.268,0.858,0.46499999999999997,0.622,0.5435,0.21,0.638,48.32,85,0.565,Medium Priority,Nurture through planned follow-ups and monitor momentum
H0397,Dr. HCP_0397,Pulmonologist,C,West-1,West,36,1471,3.6,10,5,29,103,20.76,5,2026-03-08,1.24,23,0,442,365,21.1,1,Emerging Growth,Nurture growth through targeted follow-ups,0.1909364366437698,1.24,0.318,0.678,0.31299999999999994,0.698,0.5055,0.084,0.638,43.38,119,0.385,Low Priority,Monitor growth before increasing field engagement
H0398,Dr. HCP_0398,Cardiologist,B,Central-1,Central,124,4627,12.4,10,5,29,108,24.45,5,2026-03-30,4.28,1,0,1418,1086,30.57,0,Established High-Value,Maintain engagement and protect existing value,0.26653079003883295,4.28,0.786,0.74,0.31299999999999994,0.092,0.20249999999999996,0.712,0.638,60.5,36,0.7852760736196319,Medium Priority,Continue the current engagement cadence
H0399,Dr. HCP_0399,Cardiologist,C,West-1,West,24,971,2.4,10,5,20,89,20.35,5,2026-03-20,1.2,11,0,317,226,40.27,1,Emerging Growth,Nurture growth through targeted follow-ups,0.337101365298774,1.2,0.198,0.802,0.44799999999999995,0.5,0.474,0.068,0.638,41.23,133,0.315,Low Priority,Monitor growth before increasing field engagement
H0400,Dr. HCP_0400,Oncologist,C,Central-2,Central,22,886,2.2,9,5,13,52,20.92,4,2026-03-09,1.69,22,0,376,306,22.88,1,Emerging Growth,Nurture growth through targeted follow-ups,0.20539743986081405,1.69,0.184,0.69,0.655,0.682,0.6685000000000001,0.195,0.638,45.34,103,0.465,Low Priority,Monitor growth before increasing field engagement
H0401,Dr. HCP_0401,Endocrinologist,A,North-1,North,107,4072,10.7,10,5,15,76,21.67,4,2026-03-07,7.13,24,0,1397,1307,6.89,2,Efficient High-Value,Prioritize selective engagement and expansion,0.06654339077661131,7.13,0.748,0.568,0.577,0.716,0.6465,0.885,0.638,69.62,20,0.7654320987654321,Medium Priority,Review for incremental engagement without excessive call frequency
H0402,Dr. HCP_0402,Cardiologist,C,Central-2,Central,19,861,1.9,8,5,24,80,23.54,5,2026-01-26,0.79,64,0,294,468,-37.18,1,Emerging Growth,Nurture growth through targeted follow-ups,-0.46362741210645897,0.79,0.182,0.126,0.38,0.842,0.611,0.004,0.638,29.7,175,0.105,Low Priority,Monitor growth before increasing field engagement
H0403,Dr. HCP_0403,Pulmonologist,B,South-2,South,216,8259,21.6,10,5,52,186,18.48,5,2026-03-27,4.15,4,0,3486,2243,55.42,0,Established High-Value,Maintain engagement and protect existing value,0.44078178003306423,4.15,0.966,0.85,0.08399999999999996,0.262,0.173,0.694,0.638,67.1,10,0.9447852760736196,High Priority,Protect existing value and maintain consistent engagement
H0404,Dr. HCP_0404,Pulmonologist,C,South-1,South,48,1879,4.8,10,5,38,130,20.11,5,2026-03-28,1.26,3,0,487,668,-27.1,1,Emerging Growth,Nurture growth through targeted follow-ups,-0.3154686542750813,1.26,0.408,0.21,0.20299999999999996,0.212,0.20749999999999996,0.089,0.638,29.34,178,0.09,Low Priority,Monitor growth before increasing field engagement
H0405,Dr. HCP_0405,Cardiologist,B,East-2,East,36,1405,3.6,10,5,13,66,17.31,5,2026-03-26,2.77,5,0,584,441,32.43,1,Emerging Growth,Nurture growth through targeted follow-ups,0.28030196515415895,2.77,0.3,0.754,0.655,0.311,0.483,0.333,0.638,47.53,88,0.55,Medium Priority,Nurture through planned follow-ups and monitor momentum
H0406,Dr. HCP_0406,General Physician,C,West-2,West,28,1232,2.8,9,5,17,49,19.53,5,2026-03-27,1.65,4,0,520,386,34.72,1,Emerging Growth,Nurture growth through targeted follow-ups,0.29732534872358496,1.65,0.262,0.77,0.522,0.262,0.392,0.18,0.638,42.14,126,0.35,Low Priority,Monitor growth before increasing field engagement
H0407,Dr. HCP_0407,Endocrinologist,B,South-1,South,89,3573,8.9,10,5,38,204,19.63,5,2026-03-31,2.34,0,0,756,1096,-31.02,0,Established High-Value,Maintain engagement and protect existing value,-0.3709712068377815,2.34,0.7,0.166,0.20299999999999996,0.029,0.11599999999999998,0.294,0.638,38.01,145,0.09815950920245399,Low Priority,Avoid over-servicing and monitor for meaningful changes
H0408,Dr. HCP_0408,General Physician,A,Central-1,Central,101,3702,10.1,10,5,14,41,18.64,5,2026-03-25,7.21,6,0,999,1250,-20.08,2,Efficient High-Value,Prioritize selective engagement and expansion,-0.22394323148477469,7.21,0.714,0.272,0.615,0.356,0.4855,0.89,0.638,58.73,56,0.2962962962962963,Low Priority,Maintain efficient coverage and monitor prescription behaviour
H0409,Dr. HCP_0409,Neurologist,C,Central-1,Central,52,2121,5.2,10,5,49,211,19.57,5,2026-03-26,1.06,5,0,881,528,66.86,0,Established High-Value,Maintain engagement and protect existing value,0.5112036241484921,1.06,0.466,0.886,0.10099999999999998,0.311,0.206,0.04,0.638,43.83,126,0.2147239263803681,Low Priority,Avoid over-servicing and monitor for meaningful changes
H0410,Dr. HCP_0410,Oncologist,A,North-2,North,157,6494,15.7,10,5,20,81,23.15,5,2026-03-30,7.85,1,0,1615,2058,-21.53,2,Efficient High-Value,Prioritize selective engagement and expansion,-0.24226646794674878,7.85,0.924,0.248,0.44799999999999995,0.092,0.26999999999999996,0.908,0.638,59.43,54,0.32098765432098764,Low Priority,Maintain efficient coverage and monitor prescription behaviour
H0411,Dr. HCP_0411,Cardiologist,B,West-1,West,83,3627,8.3,10,5,14,56,17.86,5,2026-02-05,5.93,54,0,1132,958,18.16,2,Efficient High-Value,Prioritize selective engagement and expansion,0.166733186144568,5.93,0.708,0.662,0.615,0.825,0.72,0.842,0.638,71.49,10,0.8888888888888888,High Priority,Prioritize selective outreach and evaluate expansion opportunities
H0412,Dr. HCP_0412,Pulmonologist,C,North-2,North,84,3311,8.4,10,5,65,228,20.49,5,2026-03-24,1.29,7,0,1103,614,79.64,0,Established High-Value,Maintain engagement and protect existing value,0.5850729590305228,1.29,0.667,0.902,0.030000000000000027,0.399,0.21450000000000002,0.098,0.638,51.26,85,0.4723926380368098,Low Priority,Avoid over-servicing and monitor for meaningful changes
H0413,Dr. HCP_0413,Oncologist,C,Central-2,Central,22,906,2.2,10,5,18,68,18.06,5,2026-03-08,1.22,23,0,233,534,-56.37,1,Emerging Growth,Nurture growth through targeted follow-ups,-0.8269456315383046,1.22,0.19,0.046,0.492,0.698,0.595,0.075,0.638,29.0,179,0.085,Low Priority,Monitor growth before increasing field engagement
H0414,Dr. HCP_0414,Cardiologist,B,East-1,East,0,0,0.0,0,0,0,0,0.0,0,,,304,1,0,0,,3,Uncovered HCPs,Evaluate active prescribers before initiating outreach,0.0,3.45,0.017,0.486,0.943,0.945,0.944,0.501,0.017,41.51,16,0.5982142857142857,Medium Priority,Review prescription activity before allocating field effort
H0415,Dr. HCP_0415,Pulmonologist,B,North-1,North,104,4069,10.4,10,5,29,113,22.93,5,2026-03-16,3.59,15,0,763,1646,-53.65,0,Established High-Value,Maintain engagement and protect existing value,-0.7681429410111198,3.59,0.746,0.058,0.31299999999999994,0.597,0.45499999999999996,0.58,0.638,50.0,91,0.4294478527607362,Low Priority,Avoid over-servicing and monitor for meaningful changes
H0416,Dr. HCP_0416,Oncologist,B,Central-2,Central,38,1531,3.8,10,5,11,36,17.09,5,2026-03-07,3.45,24,0,272,620,-56.13,1,Emerging Growth,Nurture growth through targeted follow-ups,-0.821859286748519,3.45,0.334,0.048,0.716,0.716,0.716,0.501,0.638,42.78,123,0.365,Low Priority,Monitor growth before increasing field engagement
H0417,Dr. HCP_0417,Oncologist,B,North-2,North,127,5512,12.7,10,5,38,136,20.47,5,2026-03-22,3.34,9,0,1995,1147,73.93,0,Established High-Value,Maintain engagement and protect existing value,0.5531238799918983,3.34,0.866,0.898,0.20299999999999996,0.454,0.3285,0.422,0.638,64.86,16,0.9079754601226994,High Priority,Protect existing value and maintain consistent engagement
H0418,Dr. HCP_0418,Oncologist,B,South-2,South,125,4987,12.5,10,5,29,114,20.59,5,2026-03-30,4.31,1,0,1462,1415,3.32,0,Established High-Value,Maintain engagement and protect existing value,0.03265312676645937,4.31,0.818,0.544,0.31299999999999994,0.092,0.20249999999999996,0.719,0.638,57.65,47,0.7177914110429447,Medium Priority,Continue the current engagement cadence
H0419,Dr. HCP_0419,Cardiologist,B,Central-1,Central,102,4068,10.2,10,5,29,99,18.66,5,2026-03-26,3.52,5,0,1158,1051,10.18,0,Established High-Value,Maintain engagement and protect existing value,0.0968644500420961,3.52,0.744,0.608,0.31299999999999994,0.311,0.31199999999999994,0.572,0.638,57.24,52,0.6871165644171779,Medium Priority,Continue the current engagement cadence
H0420,Dr. HCP_0420,General Physician,C,East-1,East,8,347,0.8,7,2,0,0,0.0,0,,,304,1,78,85,-8.24,3,Uncovered HCPs,Evaluate active prescribers before initiating outreach,-0.08489944378648584,3.45,0.096,0.396,0.943,0.945,0.944,0.501,0.092,42.83,13,0.7857142857142857,Medium Priority,Review prescription activity before allocating field effort
H0421,Dr. HCP_0421,Pulmonologist,C,South-2,South,105,4498,10.5,10,5,72,326,18.1,5,2026-03-24,1.46,7,0,1301,1180,10.25,0,Established High-Value,Maintain engagement and protect existing value,0.09754000657115203,1.46,0.78,0.612,0.017000000000000015,0.399,0.20800000000000002,0.133,0.638,49.22,97,0.39263803680981596,Low Priority,Avoid over-servicing and monitor for meaningful changes
H0422,Dr. HCP_0422,Neurologist,C,North-2,North,61,2669,6.1,10,5,44,169,20.02,5,2026-03-29,1.39,2,0,933,682,36.8,0,Established High-Value,Maintain engagement and protect existing value,0.31298157865805276,1.39,0.574,0.786,0.133,0.158,0.14550000000000002,0.123,0.638,44.8,120,0.25153374233128833,Low Priority,Avoid over-servicing and monitor for meaningful changes
H0423,Dr. HCP_0423,Neurologist,A,Central-1,Central,116,4677,11.6,10,5,17,78,20.12,5,2026-01-25,6.82,65,0,1568,1209,29.69,2,Efficient High-Value,Prioritize selective engagement and expansion,0.259818114142246,6.82,0.794,0.736,0.522,0.849,0.6855,0.874,0.638,75.17,3,0.9753086419753086,High Priority,Prioritize selective outreach and evaluate expansion opportunities
H0424,Dr. HCP_0424,Pulmonologist,B,East-2,East,47,1842,4.7,10,5,14,52,21.43,5,2026-02-21,3.36,38,0,625,347,80.12,1,Emerging Growth,Nurture growth through targeted follow-ups,0.5871478913256238,3.36,0.392,0.904,0.615,0.793,0.704,0.424,0.638,60.18,24,0.88,High Priority,Prioritize targeted follow-ups to support continued growth
H0425,Dr. HCP_0425,Cardiologist,A,South-2,South,141,5556,14.1,10,5,25,95,20.88,5,2026-03-26,5.64,5,0,1527,1938,-21.21,0,Established High-Value,Maintain engagement and protect existing value,-0.2382126855161859,5.64,0.87,0.252,0.364,0.311,0.3375,0.827,0.638,58.36,40,0.7607361963190185,Medium Priority,Continue the current engagement cadence
H0426,Dr. HCP_0426,Endocrinologist,B,East-1,East,2,66,0.2,2,1,0,0,0.0,0,,,304,1,25,0,,3,Uncovered HCPs,Evaluate active prescribers before initiating outreach,3.258096538021482,3.45,0.046,0.992,0.943,0.945,0.944,0.501,0.054,52.87,10,0.8392857142857143,High Priority,Validate prescribing potential and consider initiating outreach
H0427,Dr. HCP_0427,Endocrinologist,B,Central-2,Central,44,1853,4.4,10,5,14,63,21.86,5,2026-03-29,3.14,2,0,882,449,96.44,1,Emerging Growth,Nurture growth through targeted follow-ups,0.6740776178395942,3.14,0.396,0.932,0.615,0.158,0.3865,0.381,0.638,52.28,53,0.735,Medium Priority,Nurture through planned follow-ups and monitor momentum
H0428,Dr. HCP_0428,General Physician,C,South-1,South,69,2657,6.9,10,5,34,148,19.76,5,2026-03-26,2.03,5,0,605,927,-34.74,0,Established High-Value,Maintain engagement and protect existing value,-0.4261517467168865,2.03,0.57,0.148,0.243,0.311,0.277,0.264,0.638,37.33,146,0.09202453987730061,Low Priority,Avoid over-servicing and monitor for meaningful changes
H0429,Dr. HCP_0429,Neurologist,B,West-2,West,54,2287,5.4,10,5,15,67,19.93,5,2026-03-25,3.6,6,0,648,860,-24.65,1,Emerging Growth,Nurture growth through targeted follow-ups,-0.28266178772364015,3.6,0.492,0.228,0.577,0.356,0.46649999999999997,0.583,0.638,46.11,96,0.505,Medium Priority,Nurture through planned follow-ups and monitor momentum
H0430,Dr. HCP_0430,General Physician,A,Central-2,Central,31,1144,3.1,10,2,3,8,18.33,2,2026-01-30,10.33,60,0,299,426,-29.81,2,Efficient High-Value,Prioritize selective engagement and expansion,-0.3530015385724239,10.33,0.244,0.174,0.87,0.837,0.8534999999999999,0.972,0.092,47.64,73,0.08641975308641975,Low Priority,Maintain efficient coverage and monitor prescription behaviour
H0431,Dr. HCP_0431,Endocrinologist,A,East-2,East,75,3003,7.5,10,5,8,30,19.25,4,2026-03-24,9.38,7,0,1030,670,53.73,2,Efficient High-Value,Prioritize selective engagement and expansion,0.42951534704527816,9.38,0.618,0.844,0.787,0.399,0.593,0.956,0.638,70.96,11,0.8765432098765432,High Priority,Prioritize selective outreach and evaluate expansion opportunities
H0432,Dr. HCP_0432,Oncologist,C,North-2,North,93,3789,9.3,10,5,54,225,19.91,5,2026-03-31,1.72,0,0,1560,789,97.72,0,Established High-Value,Maintain engagement and protect existing value,0.6810489750543649,1.72,0.724,0.938,0.07199999999999995,0.029,0.050499999999999975,0.204,0.638,51.18,86,0.46319018404907975,Low Priority,Avoid over-servicing and monitor for meaningful changes
H0433,Dr. HCP_0433,Pulmonologist,B,East-1,East,9,376,0.9,7,2,0,0,0.0,0,,,304,1,175,81,116.05,3,Uncovered HCPs,Evaluate active prescribers before initiating outreach,0.763764747773898,3.45,0.102,0.956,0.943,0.945,0.944,0.501,0.092,54.22,4,0.9464285714285714,High Priority,Validate prescribing potential and consider initiating outreach
H0434,Dr. HCP_0434,Neurologist,A,East-2,East,20,704,2.0,10,4,4,16,23.75,3,2026-01-22,5.0,68,0,209,265,-21.13,1,Emerging Growth,Nurture growth through targeted follow-ups,-0.23638877806423064,5.0,0.142,0.256,0.859,0.857,0.858,0.778,0.213,44.63,110,0.43,Low Priority,Monitor growth before increasing field engagement
H0435,Dr. HCP_0435,Oncologist,A,East-1,East,0,0,0.0,0,0,0,0,0.0,0,,,304,1,0,0,,3,Uncovered HCPs,Evaluate active prescribers before initiating outreach,0.0,3.45,0.017,0.486,0.943,0.945,0.944,0.501,0.017,41.51,16,0.5982142857142857,Medium Priority,Review prescription activity before allocating field effort
H0436,Dr. HCP_0436,Cardiologist,C,North-1,North,50,1889,5.0,10,5,54,223,18.15,5,2026-03-30,0.93,1,0,476,614,-22.48,0,Established High-Value,Maintain engagement and protect existing value,-0.25410577691817604,0.93,0.411,0.242,0.07199999999999995,0.092,0.08199999999999998,0.016,0.638,25.84,159,0.006134969325153374,Low Priority,Avoid over-servicing and monitor for meaningful changes
H0437,Dr. HCP_0437,Cardiologist,A,East-1,East,5,235,0.5,5,1,0,0,0.0,0,,,304,1,78,100,-22.0,3,Uncovered HCPs,Evaluate active prescribers before initiating outreach,-0.24567266437423818,3.45,0.082,0.246,0.943,0.945,0.944,0.501,0.054,39.04,19,0.4107142857142857,Low Priority,Deprioritize until meaningful prescription activity appears
H0438,Dr. HCP_0438,Neurologist,C,Central-2,Central,30,1279,3.0,9,5,17,62,17.65,5,2026-02-05,1.76,54,0,343,430,-20.23,1,Emerging Growth,Nurture growth through targeted follow-ups,-0.22546643273034928,1.76,0.274,0.268,0.522,0.825,0.6735,0.218,0.638,40.07,140,0.28,Low Priority,Monitor growth before increasing field engagement
H0439,Dr. HCP_0439,Neurologist,C,West-2,West,26,1017,2.6,10,4,19,79,24.42,5,2026-03-17,1.37,14,0,391,241,62.24,1,Emerging Growth,Nurture growth through targeted follow-ups,0.4823241136337755,1.37,0.212,0.874,0.46499999999999997,0.582,0.5235,0.116,0.213,40.8,136,0.3,Low Priority,Monitor growth before increasing field engagement
H0440,Dr. HCP_0440,Neurologist,A,West-2,West,16,604,1.6,9,3,4,7,16.5,3,2026-03-12,4.0,19,0,191,174,9.77,1,Emerging Growth,Nurture growth through targeted follow-ups,0.09270939810426704,4.0,0.128,0.602,0.859,0.651,0.755,0.665,0.13,46.03,97,0.5,Medium Priority,Nurture through planned follow-ups and monitor momentum
H0441,Dr. HCP_0441,Neurologist,A,East-2,East,27,986,2.7,10,2,2,6,10.0,1,2026-03-13,13.5,18,0,247,289,-14.53,2,Efficient High-Value,Prioritize selective engagement and expansion,-0.15645217681553714,13.5,0.204,0.322,0.881,0.637,0.759,0.993,0.092,47.35,75,0.06172839506172839,Low Priority,Maintain efficient coverage and monitor prescription behaviour
H0442,Dr. HCP_0442,Endocrinologist,C,Central-1,Central,50,2015,5.0,10,5,53,161,21.51,5,2026-03-30,0.94,1,0,547,636,-13.99,0,Established High-Value,Maintain engagement and protect existing value,-0.15049436862414733,0.94,0.438,0.328,0.07799999999999996,0.092,0.08499999999999998,0.022,0.638,28.54,157,0.018404907975460124,Low Priority,Avoid over-servicing and monitor for meaningful changes
H0443,Dr. HCP_0443,Cardiologist,B,West-2,West,75,2814,7.5,10,5,18,60,20.06,5,2026-03-14,4.17,17,0,621,1036,-40.06,1,Emerging Growth,Nurture growth through targeted follow-ups,-0.5111471154903482,4.17,0.592,0.106,0.492,0.622,0.5569999999999999,0.698,0.638,50.65,65,0.6725,Medium Priority,Nurture through planned follow-ups and monitor momentum
H0444,Dr. HCP_0444,Neurologist,B,North-2,North,155,5758,15.5,10,5,43,175,22.33,5,2026-03-23,3.6,8,0,1771,1579,12.16,0,Established High-Value,Maintain engagement and protect existing value,0.11468400514401367,3.6,0.886,0.626,0.14300000000000002,0.431,0.28700000000000003,0.583,0.638,61.4,31,0.8159509202453987,High Priority,Protect existing value and maintain consistent engagement
H0445,Dr. HCP_0445,Endocrinologist,C,North-1,North,117,4597,11.7,10,5,59,253,22.25,5,2026-03-24,1.98,7,0,1116,1574,-29.1,0,Established High-Value,Maintain engagement and protect existing value,-0.34360875219053266,1.98,0.784,0.182,0.04600000000000004,0.399,0.22250000000000003,0.256,0.638,42.94,131,0.18404907975460122,Low Priority,Avoid over-servicing and monitor for meaningful changes
H0446,Dr. HCP_0446,Neurologist,C,West-2,West,23,909,2.3,8,5,21,84,20.71,5,2026-03-29,1.1,2,0,212,113,87.61,1,Emerging Growth,Nurture growth through targeted follow-ups,0.6250937173149298,1.1,0.192,0.92,0.43400000000000005,0.158,0.29600000000000004,0.049,0.638,38.68,149,0.235,Low Priority,Monitor growth before increasing field engagement
H0447,Dr. HCP_0447,Pulmonologist,C,East-2,East,48,1874,4.8,10,5,23,68,22.7,5,2026-03-29,2.09,2,0,818,517,58.22,1,Emerging Growth,Nurture growth through targeted follow-ups,0.458108841593587,2.09,0.404,0.862,0.396,0.158,0.277,0.272,0.638,46.74,93,0.5225,Medium Priority,Nurture through planned follow-ups and monitor momentum
H0448,Dr. HCP_0448,Oncologist,C,West-1,West,18,771,1.8,9,4,19,59,19.79,4,2026-03-28,0.95,3,0,352,141,149.65,1,Emerging Growth,Nurture growth through targeted follow-ups,0.9106409993320357,0.95,0.154,0.97,0.46499999999999997,0.212,0.33849999999999997,0.027,0.213,35.02,163,0.165,Low Priority,Monitor growth before increasing field engagement
H0449,Dr. HCP_0449,Cardiologist,B,Central-2,Central,65,2670,6.5,10,5,19,66,18.47,5,2026-03-30,3.42,1,0,572,963,-40.6,1,Emerging Growth,Nurture growth through targeted follow-ups,-0.5202055778958057,3.42,0.576,0.104,0.46499999999999997,0.092,0.27849999999999997,0.438,0.638,39.27,147,0.245,Low Priority,Monitor growth before increasing field engagement
H0450,Dr. HCP_0450,Pulmonologist,A,North-2,North,137,5464,13.7,10,5,22,79,22.0,5,2026-03-31,6.23,0,0,1996,1849,7.95,2,Efficient High-Value,Prioritize selective engagement and expansion,0.07646041534344494,6.23,0.862,0.576,0.41400000000000003,0.029,0.22150000000000003,0.852,0.638,62.08,45,0.4567901234567901,Low Priority,Maintain efficient coverage and monitor prescription behaviour
H0451,Dr. HCP_0451,General Physician,C,Central-1,Central,55,2201,5.5,10,5,49,169,19.59,5,2026-03-29,1.12,2,0,545,868,-37.21,0,Established High-Value,Maintain engagement and protect existing value,-0.464724149520487,1.12,0.48,0.124,0.10099999999999998,0.158,0.1295,0.054,0.638,27.31,158,0.012269938650306749,Low Priority,Avoid over-servicing and monitor for meaningful changes
H0452,Dr. HCP_0452,Pulmonologist,B,East-1,East,2,68,0.2,2,1,0,0,0.0,0,,,304,1,40,0,,3,Uncovered HCPs,Evaluate active prescribers before initiating outreach,3.713572066704308,3.45,0.048,0.996,0.943,0.945,0.944,0.501,0.054,53.02,9,0.8571428571428571,High Priority,Validate prescribing potential and consider initiating outreach
H0453,Dr. HCP_0453,Cardiologist,B,East-2,East,56,2549,5.6,10,4,12,50,16.92,4,2026-03-07,4.67,24,0,872,694,25.65,1,Emerging Growth,Nurture growth through targeted follow-ups,0.22802371027480994,4.67,0.544,0.702,0.69,0.716,0.703,0.744,0.213,61.22,20,0.9,High Priority,Prioritize targeted follow-ups to support continued growth
H0454,Dr. HCP_0454,Pulmonologist,C,East-2,East,29,1096,2.9,9,4,18,76,19.11,5,2026-03-10,1.61,21,0,247,268,-7.84,1,Emerging Growth,Nurture growth through targeted follow-ups,-0.0812826334368566,1.61,0.236,0.398,0.492,0.672,0.5820000000000001,0.168,0.213,34.24,166,0.15,Low Priority,Monitor growth before increasing field engagement
H0455,Dr. HCP_0455,Neurologist,A,South-1,South,54,2117,5.4,10,5,10,51,20.6,5,2026-03-30,5.4,1,0,530,581,-8.78,1,Emerging Growth,Nurture growth through targeted follow-ups,-0.0917084264894994,5.4,0.462,0.39,0.74,0.092,0.416,0.813,0.638,50.64,66,0.665,Medium Priority,Nurture through planned follow-ups and monitor momentum
H0456,Dr. HCP_0456,Neurologist,B,East-1,East,7,304,0.7,2,3,0,0,0.0,0,,,304,1,59,0,,3,Uncovered HCPs,Evaluate active prescribers before initiating outreach,4.0943445622221,3.45,0.092,0.998,0.943,0.945,0.944,0.501,0.13,55.14,1,1.0,High Priority,Validate prescribing potential and consider initiating outreach
H0457,Dr. HCP_0457,Endocrinologist,A,East-2,East,53,2206,5.3,10,5,8,43,19.38,5,2026-01-25,6.63,65,0,687,561,22.46,2,Efficient High-Value,Prioritize selective engagement and expansion,0.20228698803965273,6.63,0.482,0.684,0.787,0.849,0.8180000000000001,0.863,0.638,67.91,27,0.6790123456790124,Medium Priority,Review for incremental engagement without excessive call frequency
H0458,Dr. HCP_0458,Neurologist,B,West-1,West,53,1953,5.3,10,5,11,39,19.64,5,2026-02-25,4.82,34,0,729,631,15.53,1,Emerging Growth,Nurture growth through targeted follow-ups,0.14415513999557916,4.82,0.42,0.644,0.716,0.78,0.748,0.766,0.638,62.05,17,0.915,High Priority,Prioritize targeted follow-ups to support continued growth
H0459,Dr. HCP_0459,Pulmonologist,A,North-1,North,184,7937,18.4,10,5,16,62,22.31,5,2026-03-27,11.5,4,0,2343,2574,-8.97,2,Efficient High-Value,Prioritize selective engagement and expansion,-0.0939906624009339,11.5,0.962,0.384,0.5489999999999999,0.262,0.40549999999999997,0.98,0.638,67.76,28,0.6666666666666666,Medium Priority,Review for incremental engagement without excessive call frequency
H0460,Dr. HCP_0460,Endocrinologist,A,South-1,South,108,4348,10.8,10,5,14,44,22.43,5,2026-03-30,7.71,1,0,1208,1669,-27.62,2,Efficient High-Value,Prioritize selective engagement and expansion,-0.3230300547960079,7.71,0.77,0.202,0.615,0.092,0.3535,0.906,0.638,55.95,62,0.2222222222222222,Low Priority,Maintain efficient coverage and monitor prescription behaviour
H0461,Dr. HCP_0461,Endocrinologist,A,West-2,West,22,840,2.2,9,3,4,15,22.25,2,2026-03-26,5.5,5,0,259,205,26.34,1,Emerging Growth,Nurture growth through targeted follow-ups,0.23280546222594634,5.5,0.176,0.704,0.859,0.311,0.585,0.82,0.13,47.58,86,0.56,Medium Priority,Nurture through planned follow-ups and monitor momentum
H0462,Dr. HCP_0462,Endocrinologist,B,South-1,South,70,2707,7.0,10,5,21,84,19.24,5,2026-03-27,3.33,4,0,847,824,2.79,1,Emerging Growth,Nurture growth through targeted follow-ups,0.027497249457222317,3.33,0.58,0.542,0.43400000000000005,0.262,0.34800000000000003,0.419,0.638,49.6,72,0.635,Medium Priority,Nurture through planned follow-ups and monitor momentum
H0463,Dr. HCP_0463,Cardiologist,C,East-1,East,4,185,0.4,3,2,0,0,0.0,0,,,304,1,75,110,-31.82,3,Uncovered HCPs,Evaluate active prescribers before initiating outreach,-0.37879686102600285,3.45,0.072,0.162,0.943,0.945,0.944,0.501,0.092,37.43,21,0.375,Low Priority,Deprioritize until meaningful prescription activity appears
H0464,Dr. HCP_0464,Neurologist,B,East-2,East,48,2176,4.8,10,4,12,50,21.25,5,2026-03-25,4.0,6,0,403,863,-53.3,1,Emerging Growth,Nurture growth through targeted follow-ups,-0.7601578908429047,4.0,0.476,0.064,0.69,0.356,0.5229999999999999,0.665,0.213,40.74,137,0.295,Low Priority,Monitor growth before increasing field engagement
H0465,Dr. HCP_0465,Oncologist,C,Central-2,Central,19,766,1.9,10,4,14,54,17.64,5,2026-03-04,1.36,27,0,272,206,32.04,1,Emerging Growth,Nurture growth through targeted follow-ups,0.27675300191959096,1.36,0.152,0.75,0.615,0.746,0.6805,0.114,0.213,40.41,138,0.29,Low Priority,Monitor growth before increasing field engagement
H0466,Dr. HCP_0466,Endocrinologist,B,South-1,South,82,3225,8.2,10,5,26,115,22.92,5,2026-03-20,3.15,11,0,982,1143,-14.09,1,Emerging Growth,Nurture growth through targeted follow-ups,-0.15167705179257673,3.15,0.656,0.326,0.349,0.5,0.4245,0.384,0.638,48.95,77,0.605,Medium Priority,Nurture through planned follow-ups and monitor momentum
H0467,Dr. HCP_0467,Cardiologist,B,West-2,West,71,2823,7.1,10,5,18,78,21.56,5,2026-03-28,3.94,3,0,672,886,-24.15,1,Emerging Growth,Nurture growth through targeted follow-ups,-0.27609965266485137,3.94,0.594,0.236,0.492,0.212,0.352,0.656,0.638,47.56,87,0.555,Medium Priority,Nurture through planned follow-ups and monitor momentum
H0468,Dr. HCP_0468,General Physician,C,East-2,East,24,1026,2.4,10,4,18,65,19.78,5,2026-03-19,1.33,12,0,401,256,56.64,1,Emerging Growth,Nurture growth through targeted follow-ups,0.44737600372380104,1.33,0.214,0.852,0.492,0.532,0.512,0.108,0.213,40.01,141,0.275,Low Priority,Monitor growth before increasing field engagement
H0469,Dr. HCP_0469,Neurologist,B,West-2,West,35,1407,3.5,10,5,12,44,16.67,5,2026-03-26,2.92,5,0,440,482,-8.71,1,Emerging Growth,Nurture growth through targeted follow-ups,-0.09097177820572622,2.92,0.305,0.392,0.69,0.311,0.5005,0.355,0.638,41.21,134,0.31,Low Priority,Monitor growth before increasing field engagement
H0470,Dr. HCP_0470,Endocrinologist,C,West-2,West,41,1499,4.1,10,5,26,100,19.54,5,2026-02-27,1.58,32,0,517,442,16.97,1,Emerging Growth,Nurture growth through targeted follow-ups,0.15640547221434709,1.58,0.324,0.65,0.349,0.769,0.5589999999999999,0.158,0.638,45.44,100,0.48,Low Priority,Monitor growth before increasing field engagement
H0471,Dr. HCP_0471,Oncologist,A,East-1,East,12,497,1.2,9,3,0,0,0.0,0,,,304,1,143,213,-32.86,3,Uncovered HCPs,Evaluate active prescribers before initiating outreach,-0.39616271544585047,3.45,0.114,0.152,0.943,0.945,0.944,0.501,0.13,38.88,20,0.39285714285714285,Low Priority,Deprioritize until meaningful prescription activity appears
H0472,Dr. HCP_0472,General Physician,C,East-2,East,18,702,1.8,8,5,17,84,18.47,5,2026-03-19,1.06,12,0,318,41,675.61,1,Emerging Growth,Nurture growth through targeted follow-ups,2.027521484501476,1.06,0.138,0.988,0.522,0.532,0.527,0.04,0.638,44.06,113,0.415,Low Priority,Monitor growth before increasing field engagement
H0473,Dr. HCP_0473,Pulmonologist,A,West-2,West,30,1386,3.0,9,4,7,30,21.57,3,2026-02-15,4.29,44,0,748,277,170.04,1,Emerging Growth,Nurture growth through targeted follow-ups,0.9911178698265823,4.29,0.296,0.976,0.815,0.81,0.8125,0.715,0.213,61.57,18,0.91,High Priority,Prioritize targeted follow-ups to support continued growth
H0474,Dr. HCP_0474,Neurologist,C,Central-1,Central,52,2016,5.2,10,5,41,153,20.37,5,2026-03-31,1.27,0,0,901,635,41.89,0,Established High-Value,Maintain engagement and protect existing value,0.3494159567225017,1.27,0.44,0.808,0.16400000000000003,0.029,0.09650000000000002,0.093,0.638,39.55,141,0.12269938650306748,Low Priority,Avoid over-servicing and monitor for meaningful changes
H0475,Dr. HCP_0475,Endocrinologist,B,South-1,South,71,2858,7.1,10,5,25,134,19.28,5,2026-03-27,2.84,4,0,856,946,-9.51,1,Emerging Growth,Nurture growth through targeted follow-ups,-0.09986117458829824,2.84,0.602,0.376,0.364,0.262,0.313,0.344,0.638,44.94,105,0.455,Low Priority,Monitor growth before increasing field engagement
H0476,Dr. HCP_0476,Cardiologist,C,East-1,East,8,379,0.8,7,2,0,0,0.0,0,,,304,1,165,89,85.39,3,Uncovered HCPs,Evaluate active prescribers before initiating outreach,0.6121781180262786,3.45,0.104,0.916,0.943,0.945,0.944,0.501,0.092,53.47,7,0.8928571428571429,High Priority,Validate prescribing potential and consider initiating outreach
H0477,Dr. HCP_0477,Neurologist,A,East-2,East,62,2551,6.2,10,4,5,24,24.8,3,2026-03-17,12.4,14,0,1005,623,61.32,2,Efficient High-Value,Prioritize selective engagement and expansion,0.47758698229025676,12.4,0.546,0.87,0.846,0.582,0.714,0.988,0.213,68.58,24,0.7160493827160493,Medium Priority,Review for incremental engagement without excessive call frequency
H0478,Dr. HCP_0478,Cardiologist,B,Central-1,Central,148,6008,14.8,10,5,32,112,18.09,5,2026-03-25,4.63,6,0,1431,1895,-24.49,0,Established High-Value,Maintain engagement and protect existing value,-0.2806743352943757,4.63,0.904,0.23,0.269,0.356,0.3125,0.739,0.638,57.0,53,0.6809815950920245,Medium Priority,Continue the current engagement cadence
H0479,Dr. HCP_0479,Endocrinologist,C,North-2,North,63,2553,6.3,10,5,55,221,18.45,5,2026-03-22,1.15,9,0,833,603,38.14,0,Established High-Value,Maintain engagement and protect existing value,0.3226592044239318,1.15,0.548,0.792,0.06699999999999995,0.454,0.26049999999999995,0.06,0.638,46.07,112,0.3006134969325153,Low Priority,Avoid over-servicing and monitor for meaningful changes
H0480,Dr. HCP_0480,Neurologist,B,West-2,West,49,1865,4.9,10,5,14,50,21.71,5,2026-03-20,3.5,11,0,532,739,-28.01,1,Emerging Growth,Nurture growth through targeted follow-ups,-0.32812876203237096,3.5,0.4,0.196,0.615,0.5,0.5575,0.563,0.638,44.68,108,0.44,Low Priority,Monitor growth before increasing field engagement
H0481,Dr. HCP_0481,Cardiologist,B,West-1,West,56,2434,5.6,10,5,20,58,19.4,5,2026-03-31,2.8,0,0,566,895,-36.76,1,Emerging Growth,Nurture growth through targeted follow-ups,-0.45758110924717865,2.8,0.52,0.13,0.44799999999999995,0.029,0.2385,0.338,0.638,35.61,160,0.18,Low Priority,Monitor growth before increasing field engagement
H0482,Dr. HCP_0482,Pulmonologist,B,West-2,West,91,3419,9.1,10,5,18,60,18.67,5,2026-03-23,5.06,8,0,940,801,17.35,1,Emerging Growth,Nurture growth through targeted follow-ups,0.15983453171886453,5.06,0.684,0.656,0.492,0.431,0.4615,0.782,0.638,63.29,14,0.935,High Priority,Prioritize targeted follow-ups to support continued growth
H0483,Dr. HCP_0483,Cardiologist,B,West-1,West,57,2068,5.7,10,4,15,50,18.73,5,2026-03-20,3.8,11,0,639,632,1.11,1,Emerging Growth,Nurture growth through targeted follow-ups,0.010997754209541633,3.8,0.446,0.52,0.577,0.5,0.5385,0.621,0.213,48.69,82,0.58,Medium Priority,Nurture through planned follow-ups and monitor momentum
H0484,Dr. HCP_0484,Pulmonologist,B,Central-1,Central,116,4870,11.6,10,5,30,114,19.6,5,2026-03-27,3.87,4,0,1892,1342,40.98,0,Established High-Value,Maintain engagement and protect existing value,0.3432569546860851,3.87,0.81,0.806,0.29700000000000004,0.262,0.2795,0.638,0.638,63.36,23,0.8650306748466258,High Priority,Protect existing value and maintain consistent engagement
H0485,Dr. HCP_0485,Cardiologist,B,West-1,West,35,1489,3.5,10,5,9,36,23.44,4,2026-01-25,3.89,65,0,527,268,96.64,1,Emerging Growth,Nurture growth through targeted follow-ups,0.6743849041044223,3.89,0.32,0.934,0.762,0.849,0.8055,0.643,0.638,64.44,10,0.955,High Priority,Prioritize targeted follow-ups to support continued growth
H0486,Dr. HCP_0486,Cardiologist,C,South-2,South,138,5747,13.8,10,5,88,297,19.84,5,2026-03-29,1.57,2,0,1646,1815,-9.31,0,Established High-Value,Maintain engagement and protect existing value,-0.09768082898359776,1.57,0.884,0.378,0.0,0.158,0.079,0.156,0.638,44.78,121,0.24539877300613497,Low Priority,Avoid over-servicing and monitor for meaningful changes
H0487,Dr. HCP_0487,General Physician,A,North-2,North,97,4140,9.7,10,5,24,117,20.63,5,2026-03-30,4.04,1,0,1001,1379,-27.41,0,Established High-Value,Maintain engagement and protect existing value,-0.32008549650644014,4.04,0.754,0.206,0.38,0.092,0.236,0.672,0.638,49.1,99,0.3803680981595092,Low Priority,Avoid over-servicing and monitor for meaningful changes
H0488,Dr. HCP_0488,Endocrinologist,B,South-1,South,66,2526,6.6,10,5,22,105,24.23,5,2026-03-30,3.0,1,0,936,832,12.5,1,Emerging Growth,Nurture growth through targeted follow-ups,0.11764964007157896,3.0,0.542,0.63,0.41400000000000003,0.092,0.253,0.362,0.638,47.0,91,0.535,Medium Priority,Nurture through planned follow-ups and monitor momentum
H0489,Dr. HCP_0489,Oncologist,C,East-1,East,0,0,0.0,0,0,0,0,0.0,0,,,304,1,0,0,,3,Uncovered HCPs,Evaluate active prescribers before initiating outreach,0.0,3.45,0.017,0.486,0.943,0.945,0.944,0.501,0.017,41.51,16,0.5982142857142857,Medium Priority,Review prescription activity before allocating field effort
H0490,Dr. HCP_0490,Oncologist,C,West-2,West,58,2351,5.8,10,5,27,126,19.0,5,2026-03-26,2.15,5,0,818,547,49.54,1,Emerging Growth,Nurture growth through targeted follow-ups,0.4018087969050539,2.15,0.5,0.84,0.33599999999999997,0.311,0.3235,0.277,0.638,50.42,69,0.65,Medium Priority,Nurture through planned follow-ups and monitor momentum
H0491,Dr. HCP_0491,Cardiologist,B,North-2,North,110,4425,11.0,10,5,38,146,16.97,5,2026-03-19,2.89,12,0,1343,1476,-9.01,0,Established High-Value,Maintain engagement and protect existing value,-0.09436276144828515,2.89,0.778,0.382,0.20299999999999996,0.532,0.3675,0.35,0.638,51.8,81,0.5030674846625767,Medium Priority,Continue the current engagement cadence
H0492,Dr. HCP_0492,Endocrinologist,B,South-2,South,213,8284,21.3,10,5,51,204,20.75,5,2026-03-20,4.18,11,0,1955,2881,-32.14,0,Established High-Value,Maintain engagement and protect existing value,-0.387582925964705,4.18,0.968,0.154,0.08899999999999997,0.5,0.2945,0.702,0.638,56.39,59,0.6411042944785276,Medium Priority,Continue the current engagement cadence
H0493,Dr. HCP_0493,Pulmonologist,B,North-2,North,129,5274,12.9,10,5,35,143,21.17,5,2026-03-22,3.69,9,0,1588,1324,19.94,0,Established High-Value,Maintain engagement and protect existing value,0.18169242811639386,3.69,0.852,0.668,0.23399999999999999,0.454,0.344,0.597,0.638,62.86,26,0.8466257668711656,High Priority,Protect existing value and maintain consistent engagement
H0494,Dr. HCP_0494,Cardiologist,A,East-1,East,1,22,0.1,1,1,0,0,0.0,0,,,304,1,0,22,-100.0,3,Uncovered HCPs,Evaluate active prescribers before initiating outreach,-3.1354942159291497,3.45,0.037,0.017,0.943,0.945,0.944,0.501,0.054,33.11,39,0.044642857142857144,Low Priority,Deprioritize until meaningful prescription activity appears
H0495,Dr. HCP_0495,Oncologist,B,South-2,South,130,5446,13.0,10,5,37,150,19.32,5,2026-03-25,3.51,6,0,949,1877,-49.44,0,Established High-Value,Maintain engagement and protect existing value,-0.6815006751736217,3.51,0.86,0.07,0.21599999999999997,0.356,0.286,0.568,0.638,49.25,96,0.3987730061349693,Low Priority,Avoid over-servicing and monitor for meaningful changes
H0496,Dr. HCP_0496,Cardiologist,B,North-2,North,190,7955,19.0,10,5,44,145,18.11,5,2026-03-29,4.32,2,0,2308,2590,-10.89,0,Established High-Value,Maintain engagement and protect existing value,-0.11522937120761423,4.32,0.964,0.352,0.133,0.158,0.14550000000000002,0.722,0.638,56.81,55,0.6687116564417178,Medium Priority,Continue the current engagement cadence
H0497,Dr. HCP_0497,Neurologist,B,Central-2,Central,27,1088,2.7,10,4,10,36,19.1,4,2026-01-24,2.7,66,0,330,250,32.0,1,Emerging Growth,Nurture growth through targeted follow-ups,0.2766654362452794,2.7,0.232,0.748,0.74,0.854,0.7969999999999999,0.322,0.213,48.8,78,0.6,Medium Priority,Nurture through planned follow-ups and monitor momentum
H0498,Dr. HCP_0498,Neurologist,A,Central-1,Central,99,3910,9.9,10,5,15,58,17.93,5,2026-03-06,6.6,25,0,1108,946,17.12,2,Efficient High-Value,Prioritize selective engagement and expansion,0.15791489416428917,6.6,0.734,0.654,0.577,0.727,0.6519999999999999,0.859,0.638,70.67,16,0.8148148148148148,High Priority,Prioritize selective outreach and evaluate expansion opportunities
H0499,Dr. HCP_0499,Pulmonologist,C,South-1,South,90,3591,9.0,10,5,45,151,19.38,5,2026-03-30,2.0,1,0,1367,835,63.71,0,Established High-Value,Maintain engagement and protect existing value,0.49247648509779385,2.0,0.702,0.879,0.124,0.092,0.108,0.26,0.638,51.62,83,0.48773006134969327,Low Priority,Avoid over-servicing and monitor for meaningful changes
H0500,Dr. HCP_0500,Neurologist,C,North-1,North,47,2102,4.7,10,5,50,210,19.26,5,2026-03-28,0.94,3,0,726,296,145.27,0,Established High-Value,Maintain engagement and protect existing value,0.8951943387308194,0.94,0.458,0.966,0.09399999999999997,0.212,0.15299999999999997,0.022,0.638,43.6,128,0.20245398773006135,Low Priority,Avoid over-servicing and monitor for meaningful changes
